post_id,date,time,datetime_iso,user,day_of_week,hour,image_file
1,17/05/2025,17:53:48,2025-05-17T16:53:48.000Z,‪+44 7402 796848‬,Saturday,17,
2,17/05/2025,18:05:17,2025-05-17T17:05:17.000Z,Millie Brooke,Saturday,18,
3,17/05/2025,18:45:52,2025-05-17T17:45:52.000Z,‪+44 7954 114133‬,Saturday,18,
4,17/05/2025,19:13:40,2025-05-17T18:13:40.000Z,‪+44 7402 796848‬,Saturday,19,
5,17/05/2025,19:29:40,2025-05-17T18:29:40.000Z,Max Evans,Saturday,19,
6,17/05/2025,19:32:36,2025-05-17T18:32:36.000Z,Hadley,Saturday,19,
7,17/05/2025,19:36:02,2025-05-17T18:36:02.000Z,~ Harry,Saturday,19,
8,17/05/2025,19:46:13,2025-05-17T18:46:13.000Z,‪+44 7506 586087‬,Saturday,19,
9,17/05/2025,20:09:27,2025-05-17T19:09:27.000Z,‪+44 7954 114133‬,Saturday,20,
10,17/05/2025,20:26:28,2025-05-17T19:26:28.000Z,‪+44 7506 586087‬,Saturday,20,
11,17/05/2025,20:29:06,2025-05-17T19:29:06.000Z,‪+44 7402 796848‬,Saturday,20,
12,17/05/2025,20:30:56,2025-05-17T19:30:56.000Z,Bella Cain,Saturday,20,
13,17/05/2025,20:31:46,2025-05-17T19:31:46.000Z,‪+44 7954 114133‬,Saturday,20,
14,17/05/2025,20:37:43,2025-05-17T19:37:43.000Z,~ Max Evans,Saturday,20,
15,17/05/2025,20:44:59,2025-05-17T19:44:59.000Z,‪+44 7875 966948‬,Saturday,20,
16,17/05/2025,21:03:17,2025-05-17T20:03:17.000Z,‪+44 7875 966948‬,Saturday,21,
17,17/05/2025,21:35:31,2025-05-17T20:35:31.000Z,‪+44 7713 819146‬,Saturday,21,
18,17/05/2025,21:47:12,2025-05-17T20:47:12.000Z,‪+44 7807 877084‬,Saturday,21,
19,17/05/2025,22:12:33,2025-05-17T21:12:33.000Z,~ Ben,Saturday,22,
20,17/05/2025,22:24:44,2025-05-17T21:24:44.000Z,Millie Brooke,Saturday,22,
21,17/05/2025,22:25:10,2025-05-17T21:25:10.000Z,~ Owen,Saturday,22,
22,17/05/2025,22:49:49,2025-05-17T21:49:49.000Z,‪+44 7944 486824‬,Saturday,22,
23,18/05/2025,00:25:36,2025-05-17T23:25:36.000Z,‪+44 7773 407979‬,Sunday,0,
24,18/05/2025,11:49:54,2025-05-18T10:49:54.000Z,~ Harry,Sunday,11,
25,18/05/2025,13:54:24,2025-05-18T12:54:24.000Z,Kalum Doohan,Sunday,13,
26,18/05/2025,14:04:02,2025-05-18T13:04:02.000Z,~ Ben,Sunday,14,
27,18/05/2025,14:55:26,2025-05-18T13:55:26.000Z,~ Kalum Doohan,Sunday,14,
28,18/05/2025,16:52:55,2025-05-18T15:52:55.000Z,Poppy Jones,Sunday,16,
29,18/05/2025,16:53:13,2025-05-18T15:53:13.000Z,~ Poppy Jones,Sunday,16,
30,18/05/2025,17:28:55,2025-05-18T16:28:55.000Z,~ Poppy Jones,Sunday,17,
31,18/05/2025,17:31:11,2025-05-18T16:31:11.000Z,~ Max Evans,Sunday,17,
32,18/05/2025,19:09:50,2025-05-18T18:09:50.000Z,~ Sean,Sunday,19,
33,18/05/2025,19:11:02,2025-05-18T18:11:02.000Z,‪+44 7378 350684‬,Sunday,19,
34,18/05/2025,19:11:23,2025-05-18T18:11:23.000Z,~ Sean,Sunday,19,
35,18/05/2025,23:28:51,2025-05-18T22:28:51.000Z,‪+56 9 8168 8180‬,Sunday,23,
36,19/05/2025,18:42:47,2025-05-19T17:42:47.000Z,~ Ben,Monday,18,
37,19/05/2025,20:16:20,2025-05-19T19:16:20.000Z,‪+44 7378 350684‬,Monday,20,
38,20/05/2025,17:10:08,2025-05-20T16:10:08.000Z,~ Ben,Tuesday,17,
39,20/05/2025,17:10:35,2025-05-20T16:10:35.000Z,Joe Farmer,Tuesday,17,
40,20/05/2025,17:10:44,2025-05-20T16:10:44.000Z,Bella Cain,Tuesday,17,
41,20/05/2025,17:11:39,2025-05-20T16:11:39.000Z,Millie Brooke,Tuesday,17,
42,20/05/2025,17:45:13,2025-05-20T16:45:13.000Z,~ Owen,Tuesday,17,
43,20/05/2025,17:55:17,2025-05-20T16:55:17.000Z,Millie Brooke,Tuesday,17,
44,20/05/2025,17:58:02,2025-05-20T16:58:02.000Z,Joe Farmer,Tuesday,17,
45,20/05/2025,18:05:36,2025-05-20T17:05:36.000Z,Sam Ross,Tuesday,18,
46,20/05/2025,18:19:31,2025-05-20T17:19:31.000Z,~ Harry,Tuesday,18,
47,20/05/2025,18:20:28,2025-05-20T17:20:28.000Z,Annabel Anderson,Tuesday,18,
48,20/05/2025,18:39:51,2025-05-20T17:39:51.000Z,Bella Cain,Tuesday,18,
49,20/05/2025,22:34:25,2025-05-20T21:34:25.000Z,‪+44 7944 486824‬,Tuesday,22,
50,20/05/2025,22:41:48,2025-05-20T21:41:48.000Z,‪+44 7473 275286‬,Tuesday,22,
51,21/05/2025,03:09:55,2025-05-21T02:09:55.000Z,‪+44 7794 389019‬,Wednesday,3,
52,21/05/2025,18:58:50,2025-05-21T17:58:50.000Z,~ Harry,Wednesday,18,
53,21/05/2025,19:06:29,2025-05-21T18:06:29.000Z,Bella Cain,Wednesday,19,
54,21/05/2025,19:13:01,2025-05-21T18:13:01.000Z,~ Ellis P,Wednesday,19,
55,21/05/2025,19:28:59,2025-05-21T18:28:59.000Z,Bella Cain,Wednesday,19,
56,21/05/2025,19:44:00,2025-05-21T18:44:00.000Z,~ Sean,Wednesday,19,
57,21/05/2025,20:00:06,2025-05-21T19:00:06.000Z,‪+44 7402 796848‬,Wednesday,20,
58,21/05/2025,20:00:51,2025-05-21T19:00:51.000Z,~ Ellis P,Wednesday,20,
59,21/05/2025,20:24:26,2025-05-21T19:24:26.000Z,‪+44 7954 114133‬,Wednesday,20,
60,21/05/2025,20:27:13,2025-05-21T19:27:13.000Z,~ Harry,Wednesday,20,
61,21/05/2025,20:28:22,2025-05-21T19:28:22.000Z,~ Sean,Wednesday,20,
62,21/05/2025,20:45:25,2025-05-21T19:45:25.000Z,~ Harry,Wednesday,20,
63,21/05/2025,21:07:55,2025-05-21T20:07:55.000Z,‪+44 7402 796848‬,Wednesday,21,
64,21/05/2025,21:18:13,2025-05-21T20:18:13.000Z,~ Sean,Wednesday,21,
65,21/05/2025,21:19:51,2025-05-21T20:19:51.000Z,‪+44 7954 114133‬,Wednesday,21,
66,21/05/2025,21:31:58,2025-05-21T20:31:58.000Z,~ Ellis P,Wednesday,21,
67,21/05/2025,22:10:04,2025-05-21T21:10:04.000Z,~ Sean,Wednesday,22,
68,21/05/2025,22:48:32,2025-05-21T21:48:32.000Z,~ Anna,Wednesday,22,
69,22/05/2025,01:36:53,2025-05-22T00:36:53.000Z,Hannah Page,Thursday,1,
70,22/05/2025,19:06:00,2025-05-22T18:06:00.000Z,‪+44 7402 796848‬,Thursday,19,
71,22/05/2025,19:06:41,2025-05-22T18:06:41.000Z,Alex McKeand,Thursday,19,
72,22/05/2025,19:06:45,2025-05-22T18:06:45.000Z,Millie Brooke,Thursday,19,
73,22/05/2025,19:06:59,2025-05-22T18:06:59.000Z,Joe Farmer,Thursday,19,
74,22/05/2025,19:31:33,2025-05-22T18:31:33.000Z,‪+44 7446 532268‬,Thursday,19,
75,22/05/2025,19:31:55,2025-05-22T18:31:55.000Z,Alex McKeand,Thursday,19,
76,22/05/2025,19:36:42,2025-05-22T18:36:42.000Z,Joe Farmer,Thursday,19,
77,22/05/2025,20:27:22,2025-05-22T19:27:22.000Z,‪+44 7446 532268‬,Thursday,20,
78,22/05/2025,20:30:33,2025-05-22T19:30:33.000Z,Millie Brooke,Thursday,20,
79,22/05/2025,20:39:30,2025-05-22T19:39:30.000Z,Annabel Anderson,Thursday,20,
80,22/05/2025,21:43:06,2025-05-22T20:43:06.000Z,‪+44 7446 532268‬,Thursday,21,
81,22/05/2025,22:46:48,2025-05-22T21:46:48.000Z,‪+44 7446 532268‬,Thursday,22,
82,23/05/2025,16:49:01,2025-05-23T15:49:01.000Z,~ Oscar,Friday,16,
83,23/05/2025,16:50:40,2025-05-23T15:50:40.000Z,Annabel Anderson,Friday,16,
84,23/05/2025,17:14:03,2025-05-23T16:14:03.000Z,~ Ben,Friday,17,
85,23/05/2025,17:58:04,2025-05-23T16:58:04.000Z,~ Owen,Friday,17,
86,23/05/2025,18:26:11,2025-05-23T17:26:11.000Z,~ Sean,Friday,18,
87,23/05/2025,18:27:04,2025-05-23T17:27:04.000Z,Bella Cain,Friday,18,
88,23/05/2025,18:55:06,2025-05-23T17:55:06.000Z,Flo Lewis,Friday,18,
89,23/05/2025,19:02:26,2025-05-23T18:02:26.000Z,Bella Cain,Friday,19,
90,23/05/2025,19:04:56,2025-05-23T18:04:56.000Z,Annabel Anderson,Friday,19,
91,23/05/2025,19:43:12,2025-05-23T18:43:12.000Z,Flo Lewis,Friday,19,
92,23/05/2025,19:52:01,2025-05-23T18:52:01.000Z,‪+44 7773 407979‬,Friday,19,
93,23/05/2025,20:25:09,2025-05-23T19:25:09.000Z,‪+44 7827 014791‬,Friday,20,
94,23/05/2025,20:26:38,2025-05-23T19:26:38.000Z,~ Sean,Friday,20,
95,23/05/2025,20:56:17,2025-05-23T19:56:17.000Z,‪+44 7773 407979‬,Friday,20,
96,23/05/2025,21:18:00,2025-05-23T20:18:00.000Z,Ben Burton,Friday,21,
97,23/05/2025,21:28:21,2025-05-23T20:28:21.000Z,~ Sean,Friday,21,
98,23/05/2025,21:38:02,2025-05-23T20:38:02.000Z,‪+44 7773 407979‬,Friday,21,
99,23/05/2025,22:40:14,2025-05-23T21:40:14.000Z,‪+44 7773 407979‬,Friday,22,
100,23/05/2025,22:46:41,2025-05-23T21:46:41.000Z,Shay,Friday,22,
101,23/05/2025,22:55:27,2025-05-23T21:55:27.000Z,~ Sean,Friday,22,
102,23/05/2025,23:09:36,2025-05-23T22:09:36.000Z,~ Ellis P,Friday,23,
103,23/05/2025,23:10:27,2025-05-23T22:10:27.000Z,~ Ellis P,Friday,23,
104,23/05/2025,23:22:50,2025-05-23T22:22:50.000Z,‪+44 7710 989122‬,Friday,23,
105,23/05/2025,23:58:58,2025-05-23T22:58:58.000Z,‪+44 7794 389019‬,Friday,23,
106,24/05/2025,15:11:32,2025-05-24T14:11:32.000Z,~ Harry,Saturday,15,
107,24/05/2025,16:02:18,2025-05-24T15:02:18.000Z,~ Harry,Saturday,16,
108,24/05/2025,16:53:13,2025-05-24T15:53:13.000Z,~ Harry,Saturday,16,
109,24/05/2025,16:55:04,2025-05-24T15:55:04.000Z,Millie Brooke,Saturday,16,
110,24/05/2025,17:31:24,2025-05-24T16:31:24.000Z,~ Harry,Saturday,17,
111,24/05/2025,18:25:29,2025-05-24T17:25:29.000Z,~ Harry,Saturday,18,
112,24/05/2025,18:26:08,2025-05-24T17:26:08.000Z,Anya Trevor-Palleres,Saturday,18,
113,24/05/2025,18:31:08,2025-05-24T17:31:08.000Z,Millie Brooke,Saturday,18,
114,24/05/2025,18:38:20,2025-05-24T17:38:20.000Z,‪+44 7827 014791‬,Saturday,18,
115,24/05/2025,18:42:43,2025-05-24T17:42:43.000Z,~ Anna,Saturday,18,
116,24/05/2025,18:44:38,2025-05-24T17:44:38.000Z,‪+44 7794 389019‬,Saturday,18,
117,24/05/2025,19:14:29,2025-05-24T18:14:29.000Z,Millie Brooke,Saturday,19,
118,24/05/2025,19:20:00,2025-05-24T18:20:00.000Z,~ Ellis P,Saturday,19,
119,24/05/2025,19:41:02,2025-05-24T18:41:02.000Z,‪+44 7809 230722‬,Saturday,19,
120,24/05/2025,19:41:36,2025-05-24T18:41:36.000Z,~ Sean,Saturday,19,
121,24/05/2025,20:36:13,2025-05-24T19:36:13.000Z,~ Max Evans,Saturday,20,
122,24/05/2025,21:32:58,2025-05-24T20:32:58.000Z,~ Ben,Saturday,21,
123,24/05/2025,21:33:13,2025-05-24T20:33:13.000Z,~ Ben,Saturday,21,
124,24/05/2025,22:17:33,2025-05-24T21:17:33.000Z,~ Ben,Saturday,22,
125,24/05/2025,22:18:22,2025-05-24T21:18:22.000Z,‪+44 7340 255626‬,Saturday,22,
126,24/05/2025,22:53:18,2025-05-24T21:53:18.000Z,~ Ben Burton,Saturday,22,
127,24/05/2025,22:54:20,2025-05-24T21:54:20.000Z,Millie Brooke,Saturday,22,
128,24/05/2025,23:31:54,2025-05-24T22:31:54.000Z,‪+44 7767 745032‬,Saturday,23,
129,25/05/2025,00:53:05,2025-05-24T23:53:05.000Z,‪+44 7794 389019‬,Sunday,0,
130,25/05/2025,01:14:05,2025-05-25T00:14:05.000Z,~ Poppy Jones,Sunday,1,
131,25/05/2025,10:42:47,2025-05-25T09:42:47.000Z,‪+44 7954 114133‬,Sunday,10,
132,25/05/2025,15:14:47,2025-05-25T14:14:47.000Z,‪+44 7446 532268‬,Sunday,15,
133,25/05/2025,15:39:49,2025-05-25T14:39:49.000Z,~ Sean,Sunday,15,
134,25/05/2025,16:09:00,2025-05-25T15:09:00.000Z,~ Ellis P,Sunday,16,
135,25/05/2025,16:38:36,2025-05-25T15:38:36.000Z,~ Max Evans,Sunday,16,
136,25/05/2025,16:39:06,2025-05-25T15:39:06.000Z,~ Sean,Sunday,16,
137,25/05/2025,16:43:58,2025-05-25T15:43:58.000Z,~ Ben,Sunday,16,
138,25/05/2025,16:55:49,2025-05-25T15:55:49.000Z,‪+44 7954 114133‬,Sunday,16,
139,25/05/2025,17:05:17,2025-05-25T16:05:17.000Z,‪+44 7773 407979‬,Sunday,17,
140,25/05/2025,19:30:55,2025-05-25T18:30:55.000Z,~ Poppy Jones,Sunday,19,
141,25/05/2025,20:15:54,2025-05-25T19:15:54.000Z,~ Ellis P,Sunday,20,
142,25/05/2025,21:13:44,2025-05-25T20:13:44.000Z,~ Max Evans,Sunday,21,
143,25/05/2025,22:19:47,2025-05-25T21:19:47.000Z,~ Poppy Jones,Sunday,22,
144,25/05/2025,22:24:05,2025-05-25T21:24:05.000Z,Eleanor Cowell,Sunday,22,
145,25/05/2025,22:25:24,2025-05-25T21:25:24.000Z,Millie Brooke,Sunday,22,
146,25/05/2025,22:37:44,2025-05-25T21:37:44.000Z,~ Max Evans,Sunday,22,
147,25/05/2025,22:52:46,2025-05-25T21:52:46.000Z,‪+44 7875 966948‬,Sunday,22,
148,25/05/2025,23:25:33,2025-05-25T22:25:33.000Z,~ Poppy Jones,Sunday,23,
149,26/05/2025,14:04:31,2025-05-26T13:04:31.000Z,~ Ben,Monday,14,
150,26/05/2025,16:09:34,2025-05-26T15:09:34.000Z,‪+44 7954 114133‬,Monday,16,
151,26/05/2025,16:22:22,2025-05-26T15:22:22.000Z,‪+44 7944 486824‬,Monday,16,
152,26/05/2025,16:35:05,2025-05-26T15:35:05.000Z,~ Owen,Monday,16,
153,26/05/2025,16:47:47,2025-05-26T15:47:47.000Z,~ Harry,Monday,16,
154,26/05/2025,16:53:59,2025-05-26T15:53:59.000Z,‪+44 7841 958283‬,Monday,16,
155,26/05/2025,17:13:43,2025-05-26T16:13:43.000Z,‪+44 7954 114133‬,Monday,17,
156,26/05/2025,17:15:33,2025-05-26T16:15:33.000Z,‪+44 7944 486824‬,Monday,17,
157,26/05/2025,17:40:35,2025-05-26T16:40:35.000Z,~ Harry,Monday,17,
158,26/05/2025,18:01:34,2025-05-26T17:01:34.000Z,~ Ben,Monday,18,
159,26/05/2025,18:02:14,2025-05-26T17:02:14.000Z,‪+44 7841 958283‬,Monday,18,
160,26/05/2025,18:12:13,2025-05-26T17:12:13.000Z,~ Harry,Monday,18,
161,26/05/2025,18:42:50,2025-05-26T17:42:50.000Z,~ Harry,Monday,18,
162,26/05/2025,19:51:23,2025-05-26T18:51:23.000Z,~ Harry,Monday,19,
163,26/05/2025,20:05:51,2025-05-26T19:05:51.000Z,~ Poppy Jones,Monday,20,
164,26/05/2025,20:38:55,2025-05-26T19:38:55.000Z,‪+44 7402 796848‬,Monday,20,
165,26/05/2025,20:38:55,2025-05-26T19:38:55.000Z,‪+44 7402 796848‬,Monday,20,
166,26/05/2025,20:39:11,2025-05-26T19:39:11.000Z,‪+44 7402 796848‬,Monday,20,
167,26/05/2025,20:45:23,2025-05-26T19:45:23.000Z,~ Harry,Monday,20,
168,26/05/2025,21:43:47,2025-05-26T20:43:47.000Z,~ Harry,Monday,21,
169,27/05/2025,17:16:11,2025-05-27T16:16:11.000Z,~ Poppy Jones,Tuesday,17,
170,27/05/2025,19:01:58,2025-05-27T18:01:58.000Z,‪+44 7954 114133‬,Tuesday,19,
171,28/05/2025,18:03:08,2025-05-28T17:03:08.000Z,~ Harry,Wednesday,18,
172,28/05/2025,19:56:09,2025-05-28T18:56:09.000Z,‪+44 7954 114133‬,Wednesday,19,
173,28/05/2025,20:13:33,2025-05-28T19:13:33.000Z,~ Sam Ross,Wednesday,20,
174,28/05/2025,20:35:17,2025-05-28T19:35:17.000Z,~ Sam Ross,Wednesday,20,
175,28/05/2025,20:52:25,2025-05-28T19:52:25.000Z,~ Oscar,Wednesday,20,
176,29/05/2025,16:37:21,2025-05-29T15:37:21.000Z,~ Kalum Doohan,Thursday,16,
177,29/05/2025,17:10:53,2025-05-29T16:10:53.000Z,~ Ben,Thursday,17,
178,29/05/2025,17:27:58,2025-05-29T16:27:58.000Z,~ Kalum Doohan,Thursday,17,
179,29/05/2025,19:44:30,2025-05-29T18:44:30.000Z,Bella Cain,Thursday,19,
180,29/05/2025,20:24:02,2025-05-29T19:24:02.000Z,~ Ellis P,Thursday,20,
181,29/05/2025,20:24:11,2025-05-29T19:24:11.000Z,Eleanor Cowell,Thursday,20,
182,29/05/2025,20:24:28,2025-05-29T19:24:28.000Z,‪+44 7809 230722‬,Thursday,20,
183,29/05/2025,20:26:40,2025-05-29T19:26:40.000Z,Annabel Anderson,Thursday,20,
184,29/05/2025,20:27:23,2025-05-29T19:27:23.000Z,~ Max Evans,Thursday,20,
185,29/05/2025,20:35:47,2025-05-29T19:35:47.000Z,‪+44 7751 209040‬,Thursday,20,
186,29/05/2025,20:55:21,2025-05-29T19:55:21.000Z,~ Ellis P,Thursday,20,
187,29/05/2025,21:32:08,2025-05-29T20:32:08.000Z,~ Ellis P,Thursday,21,
188,29/05/2025,21:56:51,2025-05-29T20:56:51.000Z,~ Ellis P,Thursday,21,
189,29/05/2025,22:01:35,2025-05-29T21:01:35.000Z,Eleanor Cowell,Thursday,22,
190,29/05/2025,22:33:24,2025-05-29T21:33:24.000Z,~ Poppy Jones,Thursday,22,
191,30/05/2025,13:19:17,2025-05-30T12:19:17.000Z,‪+44 7954 114133‬,Friday,13,
192,30/05/2025,16:40:22,2025-05-30T15:40:22.000Z,~ Ben,Friday,16,
193,30/05/2025,16:40:55,2025-05-30T15:40:55.000Z,Bella Cain,Friday,16,
194,30/05/2025,17:11:45,2025-05-30T16:11:45.000Z,~ Ben,Friday,17,
195,30/05/2025,17:18:26,2025-05-30T16:18:26.000Z,Anya Trevor-Palleres,Friday,17,
196,30/05/2025,17:53:30,2025-05-30T16:53:30.000Z,‪+44 7875 966948‬,Friday,17,
197,30/05/2025,17:54:15,2025-05-30T16:54:15.000Z,Bella Cain,Friday,17,
198,30/05/2025,18:21:34,2025-05-30T17:21:34.000Z,~ Max Evans,Friday,18,
199,30/05/2025,19:04:27,2025-05-30T18:04:27.000Z,‪+44 7402 796848‬,Friday,19,
200,30/05/2025,19:18:03,2025-05-30T18:18:03.000Z,~ Sam Ross,Friday,19,
201,30/05/2025,19:24:49,2025-05-30T18:24:49.000Z,Bella Cain,Friday,19,
202,30/05/2025,19:41:55,2025-05-30T18:41:55.000Z,‪+44 7773 407979‬,Friday,19,
203,30/05/2025,19:53:44,2025-05-30T18:53:44.000Z,‪+44 7954 114133‬,Friday,19,
204,30/05/2025,20:13:57,2025-05-30T19:13:57.000Z,‪+44 7875 966948‬,Friday,20,
205,30/05/2025,20:14:43,2025-05-30T19:14:43.000Z,Annabel Anderson,Friday,20,
206,30/05/2025,20:47:54,2025-05-30T19:47:54.000Z,~ Mollie Biddle,Friday,20,
207,30/05/2025,21:00:07,2025-05-30T20:00:07.000Z,Annabel Anderson,Friday,21,
208,30/05/2025,21:06:23,2025-05-30T20:06:23.000Z,‪+44 7402 796848‬,Friday,21,
209,30/05/2025,21:10:56,2025-05-30T20:10:56.000Z,Jake Rooney,Friday,21,
210,30/05/2025,21:32:36,2025-05-30T20:32:36.000Z,‪+44 7773 407979‬,Friday,21,
211,30/05/2025,21:49:49,2025-05-30T20:49:49.000Z,‪+44 7402 796848‬,Friday,21,
212,30/05/2025,21:50:26,2025-05-30T20:50:26.000Z,‪+44 7368 901465‬,Friday,21,
213,30/05/2025,22:40:46,2025-05-30T21:40:46.000Z,‪+44 7368 901465‬,Friday,22,
214,30/05/2025,23:13:26,2025-05-30T22:13:26.000Z,‪+44 7368 901465‬,Friday,23,
215,30/05/2025,23:23:34,2025-05-30T22:23:34.000Z,‪+44 7957 323896‬,Friday,23,
216,30/05/2025,23:30:35,2025-05-30T22:30:35.000Z,‪+44 7402 796848‬,Friday,23,
217,30/05/2025,23:46:37,2025-05-30T22:46:37.000Z,‪+44 7773 407979‬,Friday,23,
218,31/05/2025,01:21:51,2025-05-31T00:21:51.000Z,‪+44 7954 114133‬,Saturday,1,
219,31/05/2025,14:07:45,2025-05-31T13:07:45.000Z,Eleanor Cowell,Saturday,14,
220,31/05/2025,14:09:34,2025-05-31T13:09:34.000Z,Annabel Anderson,Saturday,14,
221,31/05/2025,14:17:08,2025-05-31T13:17:08.000Z,Millie Brooke,Saturday,14,
222,31/05/2025,15:56:32,2025-05-31T14:56:32.000Z,Annabel Anderson,Saturday,15,
223,31/05/2025,16:05:45,2025-05-31T15:05:45.000Z,~ Harry,Saturday,16,
224,31/05/2025,16:12:59,2025-05-31T15:12:59.000Z,Flo Lewis,Saturday,16,
225,31/05/2025,16:39:34,2025-05-31T15:39:34.000Z,~ Harry,Saturday,16,
226,31/05/2025,16:48:40,2025-05-31T15:48:40.000Z,Annabel Anderson,Saturday,16,
227,31/05/2025,18:06:06,2025-05-31T17:06:06.000Z,‪+44 7954 114133‬,Saturday,18,
228,31/05/2025,18:06:58,2025-05-31T17:06:58.000Z,Bella Cain,Saturday,18,
229,31/05/2025,18:50:59,2025-05-31T17:50:59.000Z,‪+44 7462 563147‬,Saturday,18,
230,31/05/2025,18:59:56,2025-05-31T17:59:56.000Z,‪+44 7773 407979‬,Saturday,18,
231,31/05/2025,19:20:23,2025-05-31T18:20:23.000Z,~ Ellis P,Saturday,19,
232,31/05/2025,19:30:43,2025-05-31T18:30:43.000Z,Eleanor Cowell,Saturday,19,
233,31/05/2025,19:31:22,2025-05-31T18:31:22.000Z,Annabel Anderson,Saturday,19,
234,31/05/2025,20:09:22,2025-05-31T19:09:22.000Z,~ Sam Ross,Saturday,20,
235,31/05/2025,20:23:50,2025-05-31T19:23:50.000Z,‪+44 7709 244161‬,Saturday,20,
236,31/05/2025,21:09:12,2025-05-31T20:09:12.000Z,~ Ben,Saturday,21,
237,31/05/2025,21:10:08,2025-05-31T20:10:08.000Z,~ Ben,Saturday,21,
238,31/05/2025,21:10:36,2025-05-31T20:10:36.000Z,‪+44 7378 350684‬,Saturday,21,
239,31/05/2025,21:45:11,2025-05-31T20:45:11.000Z,Millie Brooke,Saturday,21,
240,31/05/2025,21:49:38,2025-05-31T20:49:38.000Z,Eleanor Cowell,Saturday,21,
241,31/05/2025,21:51:43,2025-05-31T20:51:43.000Z,‪+44 7773 407979‬,Saturday,21,
242,31/05/2025,22:15:24,2025-05-31T21:15:24.000Z,Maeve,Saturday,22,
243,31/05/2025,22:20:08,2025-05-31T21:20:08.000Z,Eleanor Cowell,Saturday,22,
244,31/05/2025,22:55:09,2025-05-31T21:55:09.000Z,Eleanor Cowell,Saturday,22,
245,31/05/2025,23:21:59,2025-05-31T22:21:59.000Z,~ Ben,Saturday,23,
246,31/05/2025,23:48:50,2025-05-31T22:48:50.000Z,‪+44 7505 930963‬,Saturday,23,
247,01/06/2025,00:10:01,2025-05-31T23:10:01.000Z,Eleanor Cowell,Sunday,0,
248,01/06/2025,16:59:29,2025-06-01T15:59:29.000Z,‪+44 7954 114133‬,Sunday,16,
249,01/06/2025,17:23:28,2025-06-01T16:23:28.000Z,‪+44 7954 114133‬,Sunday,17,
250,01/06/2025,19:22:20,2025-06-01T18:22:20.000Z,Eleanor Cowell,Sunday,19,
251,01/06/2025,19:57:00,2025-06-01T18:57:00.000Z,~ Ben,Sunday,19,
252,01/06/2025,19:57:37,2025-06-01T18:57:37.000Z,Eleanor Cowell,Sunday,19,
253,01/06/2025,20:17:13,2025-06-01T19:17:13.000Z,‪+44 7751 209040‬,Sunday,20,
254,01/06/2025,20:39:27,2025-06-01T19:39:27.000Z,~ Ellis P,Sunday,20,
255,01/06/2025,20:50:49,2025-06-01T19:50:49.000Z,Eleanor Cowell,Sunday,20,
256,02/06/2025,11:40:48,2025-06-02T10:40:48.000Z,Eleanor Cowell,Monday,11,
257,02/06/2025,18:08:49,2025-06-02T17:08:49.000Z,~ Ben,Monday,18,
258,02/06/2025,18:39:07,2025-06-02T17:39:07.000Z,~ Ben,Monday,18,
259,02/06/2025,18:59:27,2025-06-02T17:59:27.000Z,‪+44 7875 966948‬,Monday,18,
260,02/06/2025,19:19:21,2025-06-02T18:19:21.000Z,‪+44 7402 796848‬,Monday,19,
261,02/06/2025,19:19:32,2025-06-02T18:19:32.000Z,‪+44 7402 796848‬,Monday,19,
262,02/06/2025,19:58:14,2025-06-02T18:58:14.000Z,‪+44 7875 966948‬,Monday,19,
263,02/06/2025,20:20:08,2025-06-02T19:20:08.000Z,~ Ben,Monday,20,
264,02/06/2025,20:45:50,2025-06-02T19:45:50.000Z,‪+44 7875 966948‬,Monday,20,
265,02/06/2025,21:08:54,2025-06-02T20:08:54.000Z,‪+44 7402 796848‬,Monday,21,
266,02/06/2025,21:09:12,2025-06-02T20:09:12.000Z,‪+44 7402 796848‬,Monday,21,
267,02/06/2025,22:03:23,2025-06-02T21:03:23.000Z,‪+44 7875 966948‬,Monday,22,
268,03/06/2025,17:07:22,2025-06-03T16:07:22.000Z,‪+44 7446 532268‬,Tuesday,17,
269,04/06/2025,17:39:35,2025-06-04T16:39:35.000Z,~ Ben,Wednesday,17,
270,05/06/2025,15:41:32,2025-06-05T14:41:32.000Z,~ Sam Ross,Thursday,15,
271,05/06/2025,16:15:49,2025-06-05T15:15:49.000Z,~ Sam Ross,Thursday,16,
272,05/06/2025,18:23:26,2025-06-05T17:23:26.000Z,~ Max Evans,Thursday,18,
273,05/06/2025,19:23:12,2025-06-05T18:23:12.000Z,~ Max Evans,Thursday,19,
274,05/06/2025,19:59:44,2025-06-05T18:59:44.000Z,‪+44 7769 276798‬,Thursday,19,
275,05/06/2025,20:00:01,2025-06-05T19:00:01.000Z,~ Owen,Thursday,20,
276,05/06/2025,20:39:02,2025-06-05T19:39:02.000Z,‪+44 7769 276798‬,Thursday,20,
277,05/06/2025,21:02:06,2025-06-05T20:02:06.000Z,Shay,Thursday,21,
278,06/06/2025,00:29:10,2025-06-05T23:29:10.000Z,‪+44 7443 568991‬,Friday,0,
279,06/06/2025,02:24:01,2025-06-06T01:24:01.000Z,‪+44 7773 407979‬,Friday,2,
280,06/06/2025,13:16:20,2025-06-06T12:16:20.000Z,~ Ben Burton,Friday,13,
281,06/06/2025,14:06:18,2025-06-06T13:06:18.000Z,‪+44 7773 407979‬,Friday,14,
282,06/06/2025,14:28:30,2025-06-06T13:28:30.000Z,~ Sam Ross,Friday,14,
283,06/06/2025,15:37:38,2025-06-06T14:37:38.000Z,Annabel Anderson,Friday,15,
284,06/06/2025,16:34:12,2025-06-06T15:34:12.000Z,~ Ben,Friday,16,
285,06/06/2025,17:04:49,2025-06-06T16:04:49.000Z,~ Ben,Friday,17,
286,06/06/2025,17:23:18,2025-06-06T16:23:18.000Z,~ Owen,Friday,17,
287,06/06/2025,17:24:39,2025-06-06T16:24:39.000Z,‪+44 7954 114133‬,Friday,17,
288,06/06/2025,17:27:14,2025-06-06T16:27:14.000Z,‪+44 7470 344146‬,Friday,17,
289,06/06/2025,17:40:29,2025-06-06T16:40:29.000Z,~ Max Evans,Friday,17,
290,06/06/2025,17:45:51,2025-06-06T16:45:51.000Z,Annabel Anderson,Friday,17,
291,06/06/2025,18:07:05,2025-06-06T17:07:05.000Z,~ Owen,Friday,18,
292,06/06/2025,18:07:21,2025-06-06T17:07:21.000Z,~ James Ennis,Friday,18,
293,06/06/2025,18:12:28,2025-06-06T17:12:28.000Z,Bella Cain,Friday,18,
294,06/06/2025,18:26:44,2025-06-06T17:26:44.000Z,Joe Farmer,Friday,18,
295,06/06/2025,18:30:24,2025-06-06T17:30:24.000Z,~ Owen,Friday,18,
296,06/06/2025,18:35:44,2025-06-06T17:35:44.000Z,Annabel Anderson,Friday,18,
297,06/06/2025,19:21:40,2025-06-06T18:21:40.000Z,Annabel Anderson,Friday,19,
298,06/06/2025,19:28:03,2025-06-06T18:28:03.000Z,‪+44 7875 966948‬,Friday,19,
299,06/06/2025,19:51:15,2025-06-06T18:51:15.000Z,~ Max Evans,Friday,19,
300,06/06/2025,20:10:20,2025-06-06T19:10:20.000Z,‪+44 7875 966948‬,Friday,20,
301,06/06/2025,20:30:10,2025-06-06T19:30:10.000Z,~ Harry,Friday,20,
302,06/06/2025,20:34:53,2025-06-06T19:34:53.000Z,~ Harry,Friday,20,
303,06/06/2025,20:43:25,2025-06-06T19:43:25.000Z,‪+44 7470 344146‬,Friday,20,
304,06/06/2025,21:27:05,2025-06-06T20:27:05.000Z,‪+44 7470 344146‬,Friday,21,
305,06/06/2025,21:39:01,2025-06-06T20:39:01.000Z,~ Jake Rooney,Friday,21,
306,06/06/2025,22:46:24,2025-06-06T21:46:24.000Z,Annabel Anderson,Friday,22,
307,07/06/2025,12:34:01,2025-06-07T11:34:01.000Z,~ Sam Ross,Saturday,12,
308,07/06/2025,14:22:18,2025-06-07T13:22:18.000Z,~ Ben,Saturday,14,
309,07/06/2025,15:16:29,2025-06-07T14:16:29.000Z,Joe Farmer,Saturday,15,
310,07/06/2025,16:09:16,2025-06-07T15:09:16.000Z,~ Harry,Saturday,16,
311,07/06/2025,16:24:44,2025-06-07T15:24:44.000Z,~ Harry,Saturday,16,
312,07/06/2025,16:26:39,2025-06-07T15:26:39.000Z,Annabel Anderson,Saturday,16,
313,07/06/2025,17:10:13,2025-06-07T16:10:13.000Z,~ Harry,Saturday,17,
314,07/06/2025,17:41:54,2025-06-07T16:41:54.000Z,~ Harry,Saturday,17,
315,07/06/2025,17:44:36,2025-06-07T16:44:36.000Z,~ Sean,Saturday,17,
316,07/06/2025,17:45:04,2025-06-07T16:45:04.000Z,Flo Lewis,Saturday,17,
317,07/06/2025,18:14:52,2025-06-07T17:14:52.000Z,Flo Lewis,Saturday,18,
318,07/06/2025,18:48:06,2025-06-07T17:48:06.000Z,~ Harry,Saturday,18,
319,07/06/2025,18:49:13,2025-06-07T17:49:13.000Z,Annabel Anderson,Saturday,18,
320,07/06/2025,19:18:05,2025-06-07T18:18:05.000Z,Annabel Anderson,Saturday,19,
321,07/06/2025,19:24:40,2025-06-07T18:24:40.000Z,~ Harry,Saturday,19,
322,07/06/2025,19:26:16,2025-06-07T18:26:16.000Z,‪+44 7944 486824‬,Saturday,19,
323,07/06/2025,19:47:07,2025-06-07T18:47:07.000Z,‪+44 7875 966948‬,Saturday,19,
324,07/06/2025,20:28:54,2025-06-07T19:28:54.000Z,‪+44 7470 344146‬,Saturday,20,
325,07/06/2025,20:30:53,2025-06-07T19:30:53.000Z,‪+44 7713 819146‬,Saturday,20,
326,07/06/2025,20:32:59,2025-06-07T19:32:59.000Z,‪+44 7907 752528‬,Saturday,20,
327,07/06/2025,20:46:01,2025-06-07T19:46:01.000Z,Shay,Saturday,20,
328,07/06/2025,20:58:50,2025-06-07T19:58:50.000Z,~ Harry,Saturday,20,
329,07/06/2025,21:29:24,2025-06-07T20:29:24.000Z,~ Sam Ross,Saturday,21,
330,07/06/2025,21:40:39,2025-06-07T20:40:39.000Z,~ Harry,Saturday,21,
331,07/06/2025,22:25:34,2025-06-07T21:25:34.000Z,Bella Cain,Saturday,22,
332,07/06/2025,22:30:11,2025-06-07T21:30:11.000Z,~ Sam Ross,Saturday,22,
333,08/06/2025,17:22:23,2025-06-08T16:22:23.000Z,Annabel Anderson,Sunday,17,
334,08/06/2025,17:22:55,2025-06-08T16:22:55.000Z,Eleanor Cowell,Sunday,17,
335,08/06/2025,18:06:32,2025-06-08T17:06:32.000Z,‪+44 7402 796848‬,Sunday,18,
336,08/06/2025,18:18:13,2025-06-08T17:18:13.000Z,‪+44 7402 796848‬,Sunday,18,
337,08/06/2025,18:33:41,2025-06-08T17:33:41.000Z,~ Sam Ross,Sunday,18,
338,08/06/2025,18:43:06,2025-06-08T17:43:06.000Z,‪+44 7402 796848‬,Sunday,18,
339,08/06/2025,18:52:53,2025-06-08T17:52:53.000Z,~ Sam Ross,Sunday,18,
340,08/06/2025,19:04:45,2025-06-08T18:04:45.000Z,‪+44 7402 796848‬,Sunday,19,
341,08/06/2025,19:19:58,2025-06-08T18:19:58.000Z,~ Owen,Sunday,19,
342,08/06/2025,19:39:10,2025-06-08T18:39:10.000Z,‪+44 7402 796848‬,Sunday,19,
343,08/06/2025,20:28:03,2025-06-08T19:28:03.000Z,~ Max Evans,Sunday,20,
344,09/06/2025,13:33:51,2025-06-09T12:33:51.000Z,~ Sam Ross,Monday,13,
345,09/06/2025,18:30:10,2025-06-09T17:30:10.000Z,~ Sam Ross,Monday,18,
346,09/06/2025,18:46:25,2025-06-09T17:46:25.000Z,~ Ellis P,Monday,18,
347,09/06/2025,18:48:19,2025-06-09T17:48:19.000Z,‪+44 7751 209040‬,Monday,18,
348,09/06/2025,19:07:09,2025-06-09T18:07:09.000Z,~ Ellis P,Monday,19,
349,09/06/2025,19:32:33,2025-06-09T18:32:33.000Z,~ Rory Oakes,Monday,19,
350,09/06/2025,19:32:56,2025-06-09T18:32:56.000Z,Flo Lewis,Monday,19,
351,09/06/2025,20:06:59,2025-06-09T19:06:59.000Z,Millie Brooke,Monday,20,
352,10/06/2025,13:15:57,2025-06-10T12:15:57.000Z,~ Sam Ross,Tuesday,13,
353,10/06/2025,14:10:04,2025-06-10T13:10:04.000Z,~ Sam Ross,Tuesday,14,
354,10/06/2025,14:50:53,2025-06-10T13:50:53.000Z,~ Sam Ross,Tuesday,14,
355,10/06/2025,16:41:27,2025-06-10T15:41:27.000Z,~ Max Evans,Tuesday,16,
356,11/06/2025,18:21:53,2025-06-11T17:21:53.000Z,~ Ben,Wednesday,18,
357,12/06/2025,20:07:35,2025-06-12T19:07:35.000Z,Annabel Anderson,Thursday,20,
358,12/06/2025,20:08:09,2025-06-12T19:08:09.000Z,‪+44 7903 989126‬,Thursday,20,
359,12/06/2025,20:21:34,2025-06-12T19:21:34.000Z,Bella Cain,Thursday,20,
360,13/06/2025,05:39:59,2025-06-13T04:39:59.000Z,~ James Ennis,Friday,5,
361,13/06/2025,05:41:57,2025-06-13T04:41:57.000Z,‪+44 7470 344146‬,Friday,5,
362,13/06/2025,05:51:43,2025-06-13T04:51:43.000Z,~ Owen,Friday,5,
363,13/06/2025,06:41:45,2025-06-13T05:41:45.000Z,‪+44 7470 344146‬,Friday,6,
364,13/06/2025,09:09:12,2025-06-13T08:09:12.000Z,‪+44 7773 407979‬,Friday,9,
365,13/06/2025,15:24:05,2025-06-13T14:24:05.000Z,~ Sam Ross,Friday,15,
366,13/06/2025,15:37:11,2025-06-13T14:37:11.000Z,~ Owen,Friday,15,
367,13/06/2025,15:37:58,2025-06-13T14:37:58.000Z,‪+44 7470 344146‬,Friday,15,
368,13/06/2025,15:46:07,2025-06-13T14:46:07.000Z,~ Sam Ross,Friday,15,
369,13/06/2025,15:58:48,2025-06-13T14:58:48.000Z,~ Owen,Friday,15,
370,13/06/2025,16:15:29,2025-06-13T15:15:29.000Z,~ Ben,Friday,16,
371,13/06/2025,16:41:21,2025-06-13T15:41:21.000Z,Bella Cain,Friday,16,
372,13/06/2025,16:59:10,2025-06-13T15:59:10.000Z,~ Harry,Friday,16,
373,13/06/2025,17:16:28,2025-06-13T16:16:28.000Z,~ Max Evans,Friday,17,
374,13/06/2025,17:17:17,2025-06-13T16:17:17.000Z,~ Harry,Friday,17,
375,13/06/2025,17:21:10,2025-06-13T16:21:10.000Z,~ Ben,Friday,17,
376,13/06/2025,17:45:37,2025-06-13T16:45:37.000Z,~ Max Evans,Friday,17,
377,13/06/2025,17:49:10,2025-06-13T16:49:10.000Z,‪+44 7305 124955‬,Friday,17,
378,13/06/2025,18:04:19,2025-06-13T17:04:19.000Z,‪+44 7954 114133‬,Friday,18,
379,13/06/2025,18:10:25,2025-06-13T17:10:25.000Z,~ William Burton,Friday,18,
380,13/06/2025,18:21:43,2025-06-13T17:21:43.000Z,‪+44 7402 796848‬,Friday,18,
381,13/06/2025,18:23:35,2025-06-13T17:23:35.000Z,~ Jake Rooney,Friday,18,
382,13/06/2025,18:30:16,2025-06-13T17:30:16.000Z,‪+44 7954 114133‬,Friday,18,
383,13/06/2025,18:49:23,2025-06-13T17:49:23.000Z,~ William Burton,Friday,18,
384,13/06/2025,18:52:36,2025-06-13T17:52:36.000Z,‪+44 7402 796848‬,Friday,18,
385,13/06/2025,18:53:48,2025-06-13T17:53:48.000Z,‪+44 7340 255626‬,Friday,18,
386,13/06/2025,19:20:07,2025-06-13T18:20:07.000Z,~ Sam Ross,Friday,19,
387,13/06/2025,19:20:30,2025-06-13T18:20:30.000Z,Annabel Anderson,Friday,19,
388,13/06/2025,19:25:59,2025-06-13T18:25:59.000Z,~ Owen,Friday,19,
389,13/06/2025,19:26:25,2025-06-13T18:26:25.000Z,Millie Brooke,Friday,19,
390,13/06/2025,19:49:58,2025-06-13T18:49:58.000Z,M,Friday,19,
391,13/06/2025,20:04:47,2025-06-13T19:04:47.000Z,~ Sam Ross,Friday,20,
392,13/06/2025,20:10:09,2025-06-13T19:10:09.000Z,‪+44 7402 796848‬,Friday,20,
393,13/06/2025,20:35:29,2025-06-13T19:35:29.000Z,‪+44 7473 275286‬,Friday,20,
394,13/06/2025,20:48:32,2025-06-13T19:48:32.000Z,‪+44 7402 796848‬,Friday,20,
395,13/06/2025,21:04:53,2025-06-13T20:04:53.000Z,M,Friday,21,
396,13/06/2025,21:09:33,2025-06-13T20:09:33.000Z,Millie Brooke,Friday,21,
397,13/06/2025,21:38:01,2025-06-13T20:38:01.000Z,‪+44 7473 275286‬,Friday,21,
398,13/06/2025,21:38:22,2025-06-13T20:38:22.000Z,~ Jake Rooney,Friday,21,
399,13/06/2025,21:40:01,2025-06-13T20:40:01.000Z,Annabel Anderson,Friday,21,
400,13/06/2025,21:43:20,2025-06-13T20:43:20.000Z,M,Friday,21,
401,13/06/2025,22:22:08,2025-06-13T21:22:08.000Z,M,Friday,22,
402,13/06/2025,22:53:06,2025-06-13T21:53:06.000Z,‪+44 7446 532268‬,Friday,22,
403,13/06/2025,23:11:13,2025-06-13T22:11:13.000Z,M,Friday,23,
404,14/06/2025,02:36:17,2025-06-14T01:36:17.000Z,‪+44 7470 344146‬,Saturday,2,
405,14/06/2025,10:29:26,2025-06-14T09:29:26.000Z,~ Owen,Saturday,10,
406,14/06/2025,11:57:12,2025-06-14T10:57:12.000Z,‪+44 7841 958283‬,Saturday,11,
407,14/06/2025,13:52:06,2025-06-14T12:52:06.000Z,Bella Cain,Saturday,13,
408,14/06/2025,14:11:28,2025-06-14T13:11:28.000Z,Millie Brooke,Saturday,14,
409,14/06/2025,15:05:17,2025-06-14T14:05:17.000Z,~ James Ennis,Saturday,15,
410,14/06/2025,15:08:45,2025-06-14T14:08:45.000Z,‪+44 7773 407979‬,Saturday,15,
411,14/06/2025,15:14:33,2025-06-14T14:14:33.000Z,Bella Cain,Saturday,15,
412,14/06/2025,15:36:14,2025-06-14T14:36:14.000Z,Annabel Anderson,Saturday,15,
413,14/06/2025,17:08:24,2025-06-14T16:08:24.000Z,~ Ben,Saturday,17,
414,14/06/2025,18:24:53,2025-06-14T17:24:53.000Z,James Catling,Saturday,18,
415,14/06/2025,18:29:38,2025-06-14T17:29:38.000Z,‪+44 7305 124955‬,Saturday,18,
416,14/06/2025,19:47:25,2025-06-14T18:47:25.000Z,‪+44 7402 796848‬,Saturday,19,
417,14/06/2025,20:14:05,2025-06-14T19:14:05.000Z,‪+44 7402 796848‬,Saturday,20,
418,14/06/2025,20:38:56,2025-06-14T19:38:56.000Z,~ Kalum Doohan,Saturday,20,
419,14/06/2025,20:51:56,2025-06-14T19:51:56.000Z,~ James Ennis,Saturday,20,
420,14/06/2025,21:20:17,2025-06-14T20:20:17.000Z,~ Owen,Saturday,21,
421,14/06/2025,21:53:27,2025-06-14T20:53:27.000Z,~ Oscar,Saturday,21,
422,14/06/2025,22:53:15,2025-06-14T21:53:15.000Z,‪+44 7402 796848‬,Saturday,22,
423,14/06/2025,23:10:21,2025-06-14T22:10:21.000Z,~ Rory Oakes,Saturday,23,
424,14/06/2025,23:55:05,2025-06-14T22:55:05.000Z,~ Anna,Saturday,23,
425,15/06/2025,14:57:55,2025-06-15T13:57:55.000Z,~ Ben,Sunday,14,
426,15/06/2025,14:59:42,2025-06-15T13:59:42.000Z,Annabel Anderson,Sunday,14,
427,15/06/2025,16:11:23,2025-06-15T15:11:23.000Z,‪+44 7305 124955‬,Sunday,16,
428,15/06/2025,16:58:07,2025-06-15T15:58:07.000Z,‪+44 7473 275286‬,Sunday,16,
429,15/06/2025,17:02:43,2025-06-15T16:02:43.000Z,‪+44 7305 124955‬,Sunday,17,
430,15/06/2025,19:31:24,2025-06-15T18:31:24.000Z,~ Anna,Sunday,19,
431,15/06/2025,22:41:34,2025-06-15T21:41:34.000Z,~ Ellis P,Sunday,22,
432,16/06/2025,19:33:33,2025-06-16T18:33:33.000Z,‪+44 7473 275286‬,Monday,19,
433,16/06/2025,19:44:18,2025-06-16T18:44:18.000Z,Conall Caverly,Monday,19,
434,16/06/2025,19:54:23,2025-06-16T18:54:23.000Z,Shay,Monday,19,
435,16/06/2025,19:54:37,2025-06-16T18:54:37.000Z,‪+44 7473 275286‬,Monday,19,
436,16/06/2025,19:58:28,2025-06-16T18:58:28.000Z,‪+44 7944 486824‬,Monday,19,
437,16/06/2025,20:11:14,2025-06-16T19:11:14.000Z,Eleanor Cowell,Monday,20,
438,16/06/2025,20:27:49,2025-06-16T19:27:49.000Z,‪+44 7473 275286‬,Monday,20,
439,16/06/2025,22:08:05,2025-06-16T21:08:05.000Z,‪+44 7443 568991‬,Monday,22,
440,17/06/2025,19:19:45,2025-06-17T18:19:45.000Z,‪+44 7921 584225‬,Tuesday,19,
441,17/06/2025,19:45:17,2025-06-17T18:45:17.000Z,‪+44 7921 584225‬,Tuesday,19,
442,18/06/2025,16:32:12,2025-06-18T15:32:12.000Z,~ Gareth Tainton,Wednesday,16,
443,18/06/2025,17:27:49,2025-06-18T16:27:49.000Z,~ Kalum Doohan,Wednesday,17,
444,18/06/2025,17:59:59,2025-06-18T16:59:59.000Z,M,Wednesday,17,
445,18/06/2025,18:24:42,2025-06-18T17:24:42.000Z,~ Kalum Doohan,Wednesday,18,
446,18/06/2025,18:28:59,2025-06-18T17:28:59.000Z,Bella Cain,Wednesday,18,
447,18/06/2025,18:33:17,2025-06-18T17:33:17.000Z,Millie Brooke,Wednesday,18,
448,18/06/2025,19:49:06,2025-06-18T18:49:06.000Z,Eleanor Cowell,Wednesday,19,
449,18/06/2025,20:31:27,2025-06-18T19:31:27.000Z,Eleanor Cowell,Wednesday,20,
450,18/06/2025,20:43:48,2025-06-18T19:43:48.000Z,Flo Lewis,Wednesday,20,
451,19/06/2025,12:53:33,2025-06-19T11:53:33.000Z,Annabel Anderson,Thursday,12,
452,20/06/2025,11:19:43,2025-06-20T10:19:43.000Z,Eleanor Cowell,Friday,11,
453,20/06/2025,12:26:57,2025-06-20T11:26:57.000Z,Eleanor Cowell,Friday,12,
454,20/06/2025,12:49:23,2025-06-20T11:49:23.000Z,Georgia Jones,Friday,12,
455,20/06/2025,13:28:02,2025-06-20T12:28:02.000Z,Georgia Jones,Friday,13,
456,20/06/2025,14:12:24,2025-06-20T13:12:24.000Z,Georgia Jones,Friday,14,
457,20/06/2025,14:56:40,2025-06-20T13:56:40.000Z,Georgia Jones,Friday,14,
458,20/06/2025,15:02:08,2025-06-20T14:02:08.000Z,‪+44 7402 796848‬,Friday,15,
459,20/06/2025,15:21:42,2025-06-20T14:21:42.000Z,‪+44 7950 665167‬,Friday,15,
460,20/06/2025,15:23:18,2025-06-20T14:23:18.000Z,‪+44 7402 796848‬,Friday,15,
461,20/06/2025,15:24:11,2025-06-20T14:24:11.000Z,‪+44 7402 796848‬,Friday,15,
462,20/06/2025,15:29:26,2025-06-20T14:29:26.000Z,Millie Brooke,Friday,15,
463,20/06/2025,15:44:11,2025-06-20T14:44:11.000Z,‪+44 7950 665167‬,Friday,15,
464,20/06/2025,16:15:49,2025-06-20T15:15:49.000Z,~ Harry,Friday,16,
465,20/06/2025,16:20:07,2025-06-20T15:20:07.000Z,Annabel Anderson,Friday,16,
466,20/06/2025,16:36:59,2025-06-20T15:36:59.000Z,~ Ben,Friday,16,
467,20/06/2025,16:37:40,2025-06-20T15:37:40.000Z,Bella Cain,Friday,16,
468,20/06/2025,16:56:11,2025-06-20T15:56:11.000Z,~ Harry,Friday,16,
469,20/06/2025,16:58:49,2025-06-20T15:58:49.000Z,Eleanor Cowell,Friday,16,
470,20/06/2025,16:59:24,2025-06-20T15:59:24.000Z,Bella Cain,Friday,16,
471,20/06/2025,17:32:34,2025-06-20T16:32:34.000Z,Annabel Anderson,Friday,17,
472,20/06/2025,17:47:24,2025-06-20T16:47:24.000Z,Shay,Friday,17,
473,20/06/2025,17:56:38,2025-06-20T16:56:38.000Z,‪+44 7921 584225‬,Friday,17,
474,20/06/2025,18:03:37,2025-06-20T17:03:37.000Z,Annabel Anderson,Friday,18,
475,20/06/2025,18:20:25,2025-06-20T17:20:25.000Z,‪+44 7402 796848‬,Friday,18,
476,20/06/2025,18:20:53,2025-06-20T17:20:53.000Z,Flo Lewis,Friday,18,
477,20/06/2025,18:21:23,2025-06-20T17:21:23.000Z,‪+44 7745 295664‬,Friday,18,
478,20/06/2025,18:31:48,2025-06-20T17:31:48.000Z,Annabel Anderson,Friday,18,
479,20/06/2025,18:41:33,2025-06-20T17:41:33.000Z,‪+44 7470 344146‬,Friday,18,
480,20/06/2025,18:42:13,2025-06-20T17:42:13.000Z,‪+44 7402 796848‬,Friday,18,
481,20/06/2025,18:42:27,2025-06-20T17:42:27.000Z,‪+44 7921 584225‬,Friday,18,
482,20/06/2025,18:42:38,2025-06-20T17:42:38.000Z,Shay,Friday,18,
483,20/06/2025,18:47:10,2025-06-20T17:47:10.000Z,M,Friday,18,
484,20/06/2025,18:53:33,2025-06-20T17:53:33.000Z,Bella Cain,Friday,18,
485,20/06/2025,19:00:56,2025-06-20T18:00:56.000Z,‪+44 7305 124955‬,Friday,19,
486,20/06/2025,19:11:04,2025-06-20T18:11:04.000Z,‪+44 7467 223098‬,Friday,19,
487,20/06/2025,19:12:23,2025-06-20T18:12:23.000Z,Jakey Breen,Friday,19,
488,20/06/2025,19:22:21,2025-06-20T18:22:21.000Z,Eleanor Cowell,Friday,19,
489,20/06/2025,19:25:05,2025-06-20T18:25:05.000Z,~ Max Evans,Friday,19,
490,20/06/2025,19:29:17,2025-06-20T18:29:17.000Z,~ Ben,Friday,19,
491,20/06/2025,19:30:18,2025-06-20T18:30:18.000Z,‪+44 7305 124955‬,Friday,19,
492,20/06/2025,19:41:09,2025-06-20T18:41:09.000Z,~ Harry,Friday,19,
493,20/06/2025,19:43:11,2025-06-20T18:43:11.000Z,‪+44 7307 020100‬,Friday,19,
494,20/06/2025,19:47:26,2025-06-20T18:47:26.000Z,~ Max Evans,Friday,19,
495,20/06/2025,19:49:39,2025-06-20T18:49:39.000Z,‪+44 7376 944482‬,Friday,19,
496,20/06/2025,19:53:52,2025-06-20T18:53:52.000Z,‪+44 7305 124955‬,Friday,19,
497,20/06/2025,19:59:04,2025-06-20T18:59:04.000Z,Annabel Anderson,Friday,19,
498,20/06/2025,20:04:59,2025-06-20T19:04:59.000Z,~ Harry,Friday,20,
499,20/06/2025,20:07:21,2025-06-20T19:07:21.000Z,Eleanor Cowell,Friday,20,
500,20/06/2025,20:27:10,2025-06-20T19:27:10.000Z,~ Max Evans,Friday,20,
501,20/06/2025,20:32:51,2025-06-20T19:32:51.000Z,~ Harry,Friday,20,
502,20/06/2025,20:43:26,2025-06-20T19:43:26.000Z,Annabel Anderson,Friday,20,
503,20/06/2025,20:48:05,2025-06-20T19:48:05.000Z,‪+44 7305 124955‬,Friday,20,
504,20/06/2025,20:51:04,2025-06-20T19:51:04.000Z,‪+44 7307 020100‬,Friday,20,
505,20/06/2025,20:53:02,2025-06-20T19:53:02.000Z,‪+44 7875 966948‬,Friday,20,
506,20/06/2025,21:14:02,2025-06-20T20:14:02.000Z,Shay,Friday,21,
507,20/06/2025,21:15:26,2025-06-20T20:15:26.000Z,~ Max Evans,Friday,21,
508,20/06/2025,21:20:38,2025-06-20T20:20:38.000Z,Laily Breen,Friday,21,
509,20/06/2025,21:29:37,2025-06-20T20:29:37.000Z,Jakey Breen,Friday,21,
510,20/06/2025,21:49:11,2025-06-20T20:49:11.000Z,Annabel Anderson,Friday,21,
511,20/06/2025,22:13:22,2025-06-20T21:13:22.000Z,~ Max Evans,Friday,22,
512,20/06/2025,22:14:50,2025-06-20T21:14:50.000Z,Conall Caverly,Friday,22,
513,20/06/2025,22:20:14,2025-06-20T21:20:14.000Z,~ Ben Burton,Friday,22,
514,20/06/2025,22:38:02,2025-06-20T21:38:02.000Z,‪+44 7307 020100‬,Friday,22,
515,20/06/2025,22:51:28,2025-06-20T21:51:28.000Z,Jakey Breen,Friday,22,
516,20/06/2025,22:59:28,2025-06-20T21:59:28.000Z,M,Friday,22,
517,20/06/2025,23:09:30,2025-06-20T22:09:30.000Z,Eleanor Cowell,Friday,23,
518,20/06/2025,23:31:17,2025-06-20T22:31:17.000Z,Laily Breen,Friday,23,
519,20/06/2025,23:32:55,2025-06-20T22:32:55.000Z,~ Max Evans,Friday,23,
520,20/06/2025,23:38:29,2025-06-20T22:38:29.000Z,‪+44 7307 020100‬,Friday,23,
521,20/06/2025,23:42:20,2025-06-20T22:42:20.000Z,‪+44 7875 966948‬,Friday,23,
522,21/06/2025,00:10:22,2025-06-20T23:10:22.000Z,~ James Ennis,Saturday,0,
523,21/06/2025,00:15:51,2025-06-20T23:15:51.000Z,‪+44 7837 987321‬,Saturday,0,
524,21/06/2025,01:01:02,2025-06-21T00:01:02.000Z,~ James Ennis,Saturday,1,
525,21/06/2025,01:01:06,2025-06-21T00:01:06.000Z,‪+44 7837 987321‬,Saturday,1,
526,21/06/2025,01:03:25,2025-06-21T00:03:25.000Z,Laily Breen,Saturday,1,
527,21/06/2025,08:57:39,2025-06-21T07:57:39.000Z,Georgia Jones,Saturday,8,
528,21/06/2025,09:22:31,2025-06-21T08:22:31.000Z,Georgia Jones,Saturday,9,
529,21/06/2025,10:04:15,2025-06-21T09:04:15.000Z,Georgia Jones,Saturday,10,
530,21/06/2025,11:15:40,2025-06-21T10:15:40.000Z,‪+44 7470 344146‬,Saturday,11,
531,21/06/2025,11:51:25,2025-06-21T10:51:25.000Z,Millie Brooke,Saturday,11,
532,21/06/2025,12:24:33,2025-06-21T11:24:33.000Z,Annabel Anderson,Saturday,12,
533,21/06/2025,12:44:37,2025-06-21T11:44:37.000Z,Annabel Anderson,Saturday,12,
534,21/06/2025,13:23:48,2025-06-21T12:23:48.000Z,Abby Khalifeh,Saturday,13,
535,21/06/2025,13:33:32,2025-06-21T12:33:32.000Z,Hannah Page,Saturday,13,
536,21/06/2025,13:40:55,2025-06-21T12:40:55.000Z,Bella Cain,Saturday,13,
537,21/06/2025,13:48:56,2025-06-21T12:48:56.000Z,‪+44 7305 124955‬,Saturday,13,
538,21/06/2025,14:12:04,2025-06-21T13:12:04.000Z,‪+44 7305 124955‬,Saturday,14,
539,21/06/2025,14:27:27,2025-06-21T13:27:27.000Z,‪+44 7305 124955‬,Saturday,14,
540,21/06/2025,15:08:22,2025-06-21T14:08:22.000Z,~ Harry,Saturday,15,
541,21/06/2025,15:09:30,2025-06-21T14:09:30.000Z,~ Max Evans,Saturday,15,
542,21/06/2025,15:15:09,2025-06-21T14:15:09.000Z,Laily Breen,Saturday,15,
543,21/06/2025,15:21:27,2025-06-21T14:21:27.000Z,Hannah Page,Saturday,15,
544,21/06/2025,15:21:32,2025-06-21T14:21:32.000Z,Caitlin Driscoll,Saturday,15,
545,21/06/2025,15:21:55,2025-06-21T14:21:55.000Z,Indie Driscoll,Saturday,15,
546,21/06/2025,15:30:10,2025-06-21T14:30:10.000Z,Annabel Anderson,Saturday,15,
547,21/06/2025,15:36:02,2025-06-21T14:36:02.000Z,~ Harry,Saturday,15,
548,21/06/2025,15:37:28,2025-06-21T14:37:28.000Z,Abby Khalifeh,Saturday,15,
549,21/06/2025,16:02:12,2025-06-21T15:02:12.000Z,Hannah Page,Saturday,16,
550,21/06/2025,16:10:39,2025-06-21T15:10:39.000Z,Millie Brooke,Saturday,16,
551,21/06/2025,16:15:13,2025-06-21T15:15:13.000Z,~ Sam Ross,Saturday,16,
552,21/06/2025,16:17:07,2025-06-21T15:17:07.000Z,~ Harry,Saturday,16,
553,21/06/2025,16:22:02,2025-06-21T15:22:02.000Z,~ Anna,Saturday,16,
554,21/06/2025,16:22:12,2025-06-21T15:22:12.000Z,~ Max Evans,Saturday,16,
555,21/06/2025,16:27:59,2025-06-21T15:27:59.000Z,Caitlin Driscoll,Saturday,16,
556,21/06/2025,16:30:50,2025-06-21T15:30:50.000Z,~ Ben,Saturday,16,
557,21/06/2025,16:52:13,2025-06-21T15:52:13.000Z,~ Harry,Saturday,16,
558,21/06/2025,17:10:58,2025-06-21T16:10:58.000Z,~ Sam Ross,Saturday,17,
559,21/06/2025,17:12:13,2025-06-21T16:12:13.000Z,Conall Caverly,Saturday,17,
560,21/06/2025,17:12:54,2025-06-21T16:12:54.000Z,Millie Brooke,Saturday,17,
561,21/06/2025,17:36:09,2025-06-21T16:36:09.000Z,~ Floss Adcock,Saturday,17,
562,21/06/2025,17:42:01,2025-06-21T16:42:01.000Z,~ Harry,Saturday,17,
563,21/06/2025,17:46:04,2025-06-21T16:46:04.000Z,~ Ben,Saturday,17,
564,21/06/2025,17:51:47,2025-06-21T16:51:47.000Z,~ Bobby Burnand,Saturday,17,
565,21/06/2025,18:00:04,2025-06-21T17:00:04.000Z,‪+44 7402 796848‬,Saturday,18,
566,21/06/2025,18:00:30,2025-06-21T17:00:30.000Z,~ Max Evans,Saturday,18,
567,21/06/2025,18:01:39,2025-06-21T17:01:39.000Z,‪+44 7950 665167‬,Saturday,18,
568,21/06/2025,18:03:04,2025-06-21T17:03:04.000Z,~ Brett,Saturday,18,
569,21/06/2025,18:03:18,2025-06-21T17:03:18.000Z,~ Harry,Saturday,18,
570,21/06/2025,18:07:54,2025-06-21T17:07:54.000Z,~ Ellis P,Saturday,18,
571,21/06/2025,18:08:19,2025-06-21T17:08:19.000Z,~ Sam Ross,Saturday,18,
572,21/06/2025,18:23:38,2025-06-21T17:23:38.000Z,Jakey Breen,Saturday,18,
573,21/06/2025,18:26:51,2025-06-21T17:26:51.000Z,~ Sean,Saturday,18,
574,21/06/2025,18:27:21,2025-06-21T17:27:21.000Z,Conall Caverly,Saturday,18,
575,21/06/2025,18:36:58,2025-06-21T17:36:58.000Z,Millie Brooke,Saturday,18,
576,21/06/2025,18:39:57,2025-06-21T17:39:57.000Z,Hannah Page,Saturday,18,
577,21/06/2025,18:52:38,2025-06-21T17:52:38.000Z,Abby Khalifeh,Saturday,18,
578,21/06/2025,18:54:50,2025-06-21T17:54:50.000Z,~ Brett,Saturday,18,
579,21/06/2025,18:55:03,2025-06-21T17:55:03.000Z,~ Harry,Saturday,18,
580,21/06/2025,18:57:53,2025-06-21T17:57:53.000Z,‪+44 7837 987321‬,Saturday,18,
581,21/06/2025,18:59:07,2025-06-21T17:59:07.000Z,~ Ellis P,Saturday,18,
582,21/06/2025,19:00:23,2025-06-21T18:00:23.000Z,~ Anna,Saturday,19,
583,21/06/2025,19:01:15,2025-06-21T18:01:15.000Z,~ Sean,Saturday,19,
584,21/06/2025,19:05:31,2025-06-21T18:05:31.000Z,Jakey Breen,Saturday,19,
585,21/06/2025,19:10:32,2025-06-21T18:10:32.000Z,~ Sam Ross,Saturday,19,
586,21/06/2025,19:12:31,2025-06-21T18:12:31.000Z,Katy Laville,Saturday,19,
587,21/06/2025,19:22:57,2025-06-21T18:22:57.000Z,Millie Brooke,Saturday,19,
588,21/06/2025,19:28:23,2025-06-21T18:28:23.000Z,‪+44 7402 796848‬,Saturday,19,
589,21/06/2025,19:28:47,2025-06-21T18:28:47.000Z,~ Sean,Saturday,19,
590,21/06/2025,19:32:43,2025-06-21T18:32:43.000Z,~ Brett,Saturday,19,
591,21/06/2025,19:32:53,2025-06-21T18:32:53.000Z,Flo Lewis,Saturday,19,
592,21/06/2025,19:34:14,2025-06-21T18:34:14.000Z,~ Harry,Saturday,19,
593,21/06/2025,19:40:05,2025-06-21T18:40:05.000Z,Abby Khalifeh,Saturday,19,
594,21/06/2025,19:41:02,2025-06-21T18:41:02.000Z,~ Ben Burton,Saturday,19,
595,21/06/2025,19:52:19,2025-06-21T18:52:19.000Z,Hannah Page,Saturday,19,
596,21/06/2025,20:00:30,2025-06-21T19:00:30.000Z,~ Sam Ross,Saturday,20,
597,21/06/2025,20:01:48,2025-06-21T19:01:48.000Z,‪+44 7402 796848‬,Saturday,20,
598,21/06/2025,20:10:04,2025-06-21T19:10:04.000Z,~ Sean,Saturday,20,
599,21/06/2025,20:12:09,2025-06-21T19:12:09.000Z,Flo Lewis,Saturday,20,
600,21/06/2025,20:13:51,2025-06-21T19:13:51.000Z,~ Ben Burton,Saturday,20,
601,21/06/2025,20:14:46,2025-06-21T19:14:46.000Z,Abby Khalifeh,Saturday,20,
602,21/06/2025,20:17:19,2025-06-21T19:17:19.000Z,~ Harry,Saturday,20,
603,21/06/2025,20:18:30,2025-06-21T19:18:30.000Z,Bella Cain,Saturday,20,
604,21/06/2025,20:38:22,2025-06-21T19:38:22.000Z,‪+44 7402 796848‬,Saturday,20,
605,21/06/2025,20:39:08,2025-06-21T19:39:08.000Z,Hannah Page,Saturday,20,
606,21/06/2025,20:39:32,2025-06-21T19:39:32.000Z,Indie Driscoll,Saturday,20,
607,21/06/2025,20:44:57,2025-06-21T19:44:57.000Z,~ Sean,Saturday,20,
608,21/06/2025,21:05:42,2025-06-21T20:05:42.000Z,Abby Khalifeh,Saturday,21,
609,21/06/2025,21:17:27,2025-06-21T20:17:27.000Z,~ Sam Ross,Saturday,21,
610,21/06/2025,21:30:53,2025-06-21T20:30:53.000Z,Conall Caverly,Saturday,21,
611,21/06/2025,21:33:18,2025-06-21T20:33:18.000Z,~ Harry,Saturday,21,
612,21/06/2025,21:34:43,2025-06-21T20:34:43.000Z,~ Sean,Saturday,21,
613,21/06/2025,21:49:13,2025-06-21T20:49:13.000Z,~ Jake Rooney,Saturday,21,
614,21/06/2025,21:58:21,2025-06-21T20:58:21.000Z,‪+44 7950 665167‬,Saturday,21,
615,21/06/2025,22:10:03,2025-06-21T21:10:03.000Z,~ Harry,Saturday,22,
616,21/06/2025,22:15:13,2025-06-21T21:15:13.000Z,‪+44 7402 796848‬,Saturday,22,
617,21/06/2025,22:29:09,2025-06-21T21:29:09.000Z,Millie Brooke,Saturday,22,
618,21/06/2025,22:35:16,2025-06-21T21:35:16.000Z,~ Jake Rooney,Saturday,22,
619,21/06/2025,22:57:04,2025-06-21T21:57:04.000Z,~ James Ennis,Saturday,22,
620,21/06/2025,23:08:43,2025-06-21T22:08:43.000Z,~ Harry,Saturday,23,
621,21/06/2025,23:09:25,2025-06-21T22:09:25.000Z,Conall Caverly,Saturday,23,
622,21/06/2025,23:10:08,2025-06-21T22:10:08.000Z,~ Harry,Saturday,23,
623,21/06/2025,23:14:17,2025-06-21T22:14:17.000Z,~ James Ennis,Saturday,23,
624,21/06/2025,23:26:20,2025-06-21T22:26:20.000Z,~ Sean,Saturday,23,
625,21/06/2025,23:38:35,2025-06-21T22:38:35.000Z,Hannah Page,Saturday,23,
626,21/06/2025,23:41:16,2025-06-21T22:41:16.000Z,‪+44 7480 285349‬,Saturday,23,
627,21/06/2025,23:44:57,2025-06-21T22:44:57.000Z,~ Harry,Saturday,23,
628,21/06/2025,23:52:15,2025-06-21T22:52:15.000Z,~ Maeve,Saturday,23,
629,22/06/2025,12:08:00,2025-06-22T11:08:00.000Z,‪+44 7921 584225‬,Sunday,12,
630,22/06/2025,13:04:09,2025-06-22T12:04:09.000Z,~ Max Evans,Sunday,13,
631,22/06/2025,13:52:25,2025-06-22T12:52:25.000Z,~ Jake Rooney,Sunday,13,
632,22/06/2025,14:04:49,2025-06-22T13:04:49.000Z,~ Ben,Sunday,14,
633,22/06/2025,14:52:40,2025-06-22T13:52:40.000Z,Katy Laville,Sunday,14,
634,22/06/2025,15:01:29,2025-06-22T14:01:29.000Z,‪+44 7402 796848‬,Sunday,15,
635,22/06/2025,15:14:09,2025-06-22T14:14:09.000Z,Katy Laville,Sunday,15,
636,22/06/2025,15:16:14,2025-06-22T14:16:14.000Z,~ Sean,Sunday,15,
637,22/06/2025,15:23:43,2025-06-22T14:23:43.000Z,~ William Burton,Sunday,15,
638,22/06/2025,16:26:12,2025-06-22T15:26:12.000Z,~ Sean,Sunday,16,
639,22/06/2025,16:38:11,2025-06-22T15:38:11.000Z,~ Oli Pollock,Sunday,16,
640,22/06/2025,16:41:08,2025-06-22T15:41:08.000Z,‪+44 7412 242586‬,Sunday,16,
641,22/06/2025,16:41:23,2025-06-22T15:41:23.000Z,‪+44 7540 352925‬,Sunday,16,
642,22/06/2025,16:44:43,2025-06-22T15:44:43.000Z,~ Ben,Sunday,16,
643,22/06/2025,17:19:52,2025-06-22T16:19:52.000Z,~ Sean,Sunday,17,
644,22/06/2025,17:36:22,2025-06-22T16:36:22.000Z,‪+44 7412 242586‬,Sunday,17,
645,22/06/2025,17:37:53,2025-06-22T16:37:53.000Z,‪+44 7544 013739‬,Sunday,17,
646,22/06/2025,17:37:59,2025-06-22T16:37:59.000Z,‪+44 7540 352925‬,Sunday,17,
647,22/06/2025,17:54:24,2025-06-22T16:54:24.000Z,Bella Cain,Sunday,17,
648,22/06/2025,18:17:09,2025-06-22T17:17:09.000Z,‪+44 7412 242586‬,Sunday,18,
649,22/06/2025,18:17:18,2025-06-22T17:17:18.000Z,‪+44 7540 352925‬,Sunday,18,
650,22/06/2025,18:17:25,2025-06-22T17:17:25.000Z,‪+44 7544 013739‬,Sunday,18,
651,22/06/2025,18:18:28,2025-06-22T17:18:28.000Z,~ Oli Pollock,Sunday,18,
652,22/06/2025,18:31:43,2025-06-22T17:31:43.000Z,Annabel Anderson,Sunday,18,
653,22/06/2025,19:06:23,2025-06-22T18:06:23.000Z,Charlotte Wells Wells,Sunday,19,
654,22/06/2025,19:07:52,2025-06-22T18:07:52.000Z,‪+44 7921 584225‬,Sunday,19,
655,22/06/2025,19:09:17,2025-06-22T18:09:17.000Z,~ Maddie,Sunday,19,
656,22/06/2025,19:15:38,2025-06-22T18:15:38.000Z,~ Oli Pollock,Sunday,19,
657,22/06/2025,19:17:48,2025-06-22T18:17:48.000Z,Indie Driscoll,Sunday,19,
658,22/06/2025,19:20:04,2025-06-22T18:20:04.000Z,‪+44 7473 275286‬,Sunday,19,
659,22/06/2025,19:21:42,2025-06-22T18:21:42.000Z,Bella Cain,Sunday,19,
660,22/06/2025,19:23:44,2025-06-22T18:23:44.000Z,‪+44 7794 389019‬,Sunday,19,
661,22/06/2025,19:28:46,2025-06-22T18:28:46.000Z,Shay,Sunday,19,
662,22/06/2025,19:48:08,2025-06-22T18:48:08.000Z,‪+44 7837 987321‬,Sunday,19,
663,22/06/2025,19:49:30,2025-06-22T18:49:30.000Z,Jakey Breen,Sunday,19,
664,22/06/2025,19:54:17,2025-06-22T18:54:17.000Z,Annabel Anderson,Sunday,19,
665,22/06/2025,20:02:30,2025-06-22T19:02:30.000Z,‪+44 7837 987321‬,Sunday,20,
666,22/06/2025,20:18:11,2025-06-22T19:18:11.000Z,‪+44 7921 584225‬,Sunday,20,
667,22/06/2025,20:18:43,2025-06-22T19:18:43.000Z,Flo Lewis,Sunday,20,
668,22/06/2025,20:39:13,2025-06-22T19:39:13.000Z,~ Ellis P,Sunday,20,
669,22/06/2025,20:40:38,2025-06-22T19:40:38.000Z,Bella Cain,Sunday,20,
670,22/06/2025,20:40:59,2025-06-22T19:40:59.000Z,Charlotte Wells Wells,Sunday,20,
671,22/06/2025,20:43:44,2025-06-22T19:43:44.000Z,Annabel Anderson,Sunday,20,
672,22/06/2025,21:02:13,2025-06-22T20:02:13.000Z,Hannah Page,Sunday,21,
673,22/06/2025,21:02:15,2025-06-22T20:02:15.000Z,Anya Trevor-Palleres,Sunday,21,
674,22/06/2025,21:04:37,2025-06-22T20:04:37.000Z,~ Maddie,Sunday,21,
675,22/06/2025,21:16:36,2025-06-22T20:16:36.000Z,‪+44 7837 987321‬,Sunday,21,
676,22/06/2025,21:19:58,2025-06-22T20:19:58.000Z,Annabel Anderson,Sunday,21,
677,22/06/2025,21:37:42,2025-06-22T20:37:42.000Z,‪+44 7837 987321‬,Sunday,21,
678,22/06/2025,21:45:35,2025-06-22T20:45:35.000Z,Laily Breen,Sunday,21,
679,22/06/2025,21:45:57,2025-06-22T20:45:57.000Z,~ Maddie,Sunday,21,
680,22/06/2025,22:03:37,2025-06-22T21:03:37.000Z,‪+44 7473 275286‬,Sunday,22,
681,22/06/2025,22:16:51,2025-06-22T21:16:51.000Z,Laily Breen,Sunday,22,
682,22/06/2025,23:08:26,2025-06-22T22:08:26.000Z,Laily Breen,Sunday,23,
683,23/06/2025,12:07:23,2025-06-23T11:07:23.000Z,‪+44 7921 584225‬,Monday,12,
684,23/06/2025,12:07:42,2025-06-23T11:07:42.000Z,~ Maddie,Monday,12,
685,23/06/2025,13:25:00,2025-06-23T12:25:00.000Z,~ Ellis P,Monday,13,
686,23/06/2025,14:32:11,2025-06-23T13:32:11.000Z,~ Rory Oakes,Monday,14,
687,23/06/2025,14:50:43,2025-06-23T13:50:43.000Z,‪+44 7402 796848‬,Monday,14,
688,23/06/2025,16:13:18,2025-06-23T15:13:18.000Z,‪+44 7402 796848‬,Monday,16,
689,23/06/2025,16:13:28,2025-06-23T15:13:28.000Z,~ William Burton,Monday,16,
690,23/06/2025,16:27:17,2025-06-23T15:27:17.000Z,~ William Burton,Monday,16,
691,23/06/2025,17:16:34,2025-06-23T16:16:34.000Z,~ Maddie,Monday,17,
692,23/06/2025,17:43:04,2025-06-23T16:43:04.000Z,~ Ellis P,Monday,17,
693,23/06/2025,17:57:32,2025-06-23T16:57:32.000Z,‪+44 7751 209040‬,Monday,17,
694,23/06/2025,18:01:58,2025-06-23T17:01:58.000Z,~ Oli Pollock,Monday,18,
695,23/06/2025,19:52:50,2025-06-23T18:52:50.000Z,Hannah Page,Monday,19,
696,23/06/2025,20:57:36,2025-06-23T19:57:36.000Z,Shay,Monday,20,
697,23/06/2025,21:05:46,2025-06-23T20:05:46.000Z,~ Bobby Burnand,Monday,21,
698,23/06/2025,21:27:39,2025-06-23T20:27:39.000Z,~ Oli Pollock,Monday,21,
699,23/06/2025,21:30:37,2025-06-23T20:30:37.000Z,Millie Brooke,Monday,21,
700,23/06/2025,21:44:15,2025-06-23T20:44:15.000Z,‪+44 7837 987321‬,Monday,21,
701,23/06/2025,21:45:37,2025-06-23T20:45:37.000Z,‪+44 7402 796848‬,Monday,21,
702,23/06/2025,21:46:45,2025-06-23T20:46:45.000Z,~ William Burton,Monday,21,
703,23/06/2025,21:47:06,2025-06-23T20:47:06.000Z,‪+44 7402 796848‬,Monday,21,
704,23/06/2025,21:47:25,2025-06-23T20:47:25.000Z,~ Sean,Monday,21,
705,23/06/2025,21:47:35,2025-06-23T20:47:35.000Z,~ William Burton,Monday,21,
706,23/06/2025,21:49:22,2025-06-23T20:49:22.000Z,Laily Breen,Monday,21,
707,23/06/2025,21:54:44,2025-06-23T20:54:44.000Z,‪+44 7751 209040‬,Monday,21,
708,23/06/2025,22:16:26,2025-06-23T21:16:26.000Z,Anya Trevor-Palleres,Monday,22,
709,23/06/2025,22:20:25,2025-06-23T21:20:25.000Z,‪+44 7794 389019‬,Monday,22,
710,23/06/2025,22:24:48,2025-06-23T21:24:48.000Z,‪+44 7837 987321‬,Monday,22,
711,23/06/2025,22:38:15,2025-06-23T21:38:15.000Z,‪+44 7402 796848‬,Monday,22,
712,23/06/2025,22:40:05,2025-06-23T21:40:05.000Z,~ Maddie,Monday,22,
713,23/06/2025,22:42:54,2025-06-23T21:42:54.000Z,Laily Breen,Monday,22,
714,24/06/2025,08:18:47,2025-06-24T07:18:47.000Z,‪+44 7402 796848‬,Tuesday,8,
715,24/06/2025,08:21:05,2025-06-24T07:21:05.000Z,~ William Burton,Tuesday,8,
716,24/06/2025,08:55:42,2025-06-24T07:55:42.000Z,‪+44 7402 796848‬,Tuesday,8,
717,24/06/2025,08:59:04,2025-06-24T07:59:04.000Z,~ William Burton,Tuesday,8,
718,24/06/2025,09:51:41,2025-06-24T08:51:41.000Z,‪+44 7402 796848‬,Tuesday,9,
719,24/06/2025,11:06:12,2025-06-24T10:06:12.000Z,‪+44 7402 796848‬,Tuesday,11,
720,24/06/2025,11:49:53,2025-06-24T10:49:53.000Z,‪+44 7402 796848‬,Tuesday,11,
721,24/06/2025,12:19:50,2025-06-24T11:19:50.000Z,~ William Burton,Tuesday,12,
722,24/06/2025,13:05:16,2025-06-24T12:05:16.000Z,~ William Burton,Tuesday,13,
723,24/06/2025,13:42:51,2025-06-24T12:42:51.000Z,Millie Brooke,Tuesday,13,
724,24/06/2025,14:41:37,2025-06-24T13:41:37.000Z,~ Ellis P,Tuesday,14,
725,24/06/2025,15:03:02,2025-06-24T14:03:02.000Z,~ Ellis P,Tuesday,15,
726,24/06/2025,15:30:09,2025-06-24T14:30:09.000Z,‪+44 7402 796848‬,Tuesday,15,
727,24/06/2025,15:43:26,2025-06-24T14:43:26.000Z,‪+44 7921 584225‬,Tuesday,15,
728,24/06/2025,15:43:50,2025-06-24T14:43:50.000Z,~ Maddie,Tuesday,15,
729,24/06/2025,16:56:59,2025-06-24T15:56:59.000Z,~ Brett,Tuesday,16,
730,24/06/2025,17:27:02,2025-06-24T16:27:02.000Z,~ Ellis P,Tuesday,17,
731,24/06/2025,17:39:10,2025-06-24T16:39:10.000Z,~ William Burton,Tuesday,17,
732,24/06/2025,18:13:36,2025-06-24T17:13:36.000Z,‪+44 7921 584225‬,Tuesday,18,
733,24/06/2025,18:16:31,2025-06-24T17:16:31.000Z,~ Maddie,Tuesday,18,
734,24/06/2025,18:24:04,2025-06-24T17:24:04.000Z,‪+44 7950 665167‬,Tuesday,18,
735,24/06/2025,18:24:42,2025-06-24T17:24:42.000Z,‪+44 7402 796848‬,Tuesday,18,
736,24/06/2025,18:25:35,2025-06-24T17:25:35.000Z,~ Anna,Tuesday,18,
737,24/06/2025,18:33:19,2025-06-24T17:33:19.000Z,~ Oli Pollock,Tuesday,18,
738,24/06/2025,18:57:00,2025-06-24T17:57:00.000Z,‪+44 7402 796848‬,Tuesday,18,
739,24/06/2025,19:27:21,2025-06-24T18:27:21.000Z,~ Max Evans,Tuesday,19,
740,24/06/2025,19:37:41,2025-06-24T18:37:41.000Z,Indie Driscoll,Tuesday,19,
741,24/06/2025,19:39:15,2025-06-24T18:39:15.000Z,Hannah Page,Tuesday,19,
742,24/06/2025,19:44:16,2025-06-24T18:44:16.000Z,~ Maddie,Tuesday,19,
743,24/06/2025,20:34:46,2025-06-24T19:34:46.000Z,‪+44 7921 584225‬,Tuesday,20,
744,24/06/2025,20:35:19,2025-06-24T19:35:19.000Z,~ Maddie,Tuesday,20,
745,24/06/2025,20:37:16,2025-06-24T19:37:16.000Z,~ Max Evans,Tuesday,20,
746,24/06/2025,21:04:05,2025-06-24T20:04:05.000Z,~ Sean,Tuesday,21,
747,24/06/2025,21:23:26,2025-06-24T20:23:26.000Z,~ Sean,Tuesday,21,
748,24/06/2025,21:24:28,2025-06-24T20:24:28.000Z,Caitlin Driscoll,Tuesday,21,
749,24/06/2025,21:24:46,2025-06-24T20:24:46.000Z,~ Anna,Tuesday,21,
750,24/06/2025,23:11:37,2025-06-24T22:11:37.000Z,‪+44 7709 244161‬,Tuesday,23,
751,25/06/2025,08:18:47,2025-06-25T07:18:47.000Z,‪+44 7402 796848‬,Wednesday,8,
752,25/06/2025,11:01:08,2025-06-25T10:01:08.000Z,‪+44 7402 796848‬,Wednesday,11,
753,25/06/2025,11:19:30,2025-06-25T10:19:30.000Z,~ Ellis P,Wednesday,11,
754,25/06/2025,11:21:34,2025-06-25T10:21:34.000Z,‪+44 7402 796848‬,Wednesday,11,
755,25/06/2025,16:11:12,2025-06-25T15:11:12.000Z,~ William Burton,Wednesday,16,
756,25/06/2025,16:13:27,2025-06-25T15:13:27.000Z,‪+44 7585 427636‬,Wednesday,16,
757,25/06/2025,16:13:54,2025-06-25T15:13:54.000Z,‪+44 7713 267849‬,Wednesday,16,
758,25/06/2025,16:14:23,2025-06-25T15:14:23.000Z,~ Maddie,Wednesday,16,
759,25/06/2025,16:14:43,2025-06-25T15:14:43.000Z,‪+44 7921 584225‬,Wednesday,16,
760,25/06/2025,16:45:30,2025-06-25T15:45:30.000Z,Abby Khalifeh,Wednesday,16,
761,25/06/2025,16:53:12,2025-06-25T15:53:12.000Z,~ Ellis P,Wednesday,16,
762,25/06/2025,17:02:17,2025-06-25T16:02:17.000Z,Bella Cain,Wednesday,17,
763,25/06/2025,17:06:14,2025-06-25T16:06:14.000Z,Indie Driscoll,Wednesday,17,
764,25/06/2025,17:18:31,2025-06-25T16:18:31.000Z,Abby Khalifeh,Wednesday,17,
765,25/06/2025,17:28:50,2025-06-25T16:28:50.000Z,~ William Burton,Wednesday,17,
766,25/06/2025,17:37:37,2025-06-25T16:37:37.000Z,~ Maddie,Wednesday,17,
767,25/06/2025,17:38:07,2025-06-25T16:38:07.000Z,‪+44 7585 427636‬,Wednesday,17,
768,25/06/2025,17:45:32,2025-06-25T16:45:32.000Z,Abby Khalifeh,Wednesday,17,
769,25/06/2025,17:49:58,2025-06-25T16:49:58.000Z,Bella Cain,Wednesday,17,
770,25/06/2025,18:00:36,2025-06-25T17:00:36.000Z,‪+44 7402 796848‬,Wednesday,18,
771,25/06/2025,18:35:42,2025-06-25T17:35:42.000Z,‪+44 7713 267849‬,Wednesday,18,
772,25/06/2025,18:46:05,2025-06-25T17:46:05.000Z,Bella Cain,Wednesday,18,
773,25/06/2025,19:07:31,2025-06-25T18:07:31.000Z,‪+44 7954 114133‬,Wednesday,19,
774,25/06/2025,19:10:27,2025-06-25T18:10:27.000Z,~ Ellis P,Wednesday,19,
775,25/06/2025,19:11:00,2025-06-25T18:11:00.000Z,Millie Brooke,Wednesday,19,
776,25/06/2025,19:11:02,2025-06-25T18:11:02.000Z,Anya Trevor-Palleres,Wednesday,19,
777,25/06/2025,19:11:03,2025-06-25T18:11:03.000Z,Annabel Anderson,Wednesday,19,
778,25/06/2025,19:18:16,2025-06-25T18:18:16.000Z,Flo Lewis,Wednesday,19,
779,25/06/2025,19:33:36,2025-06-25T18:33:36.000Z,‪+44 7402 796848‬,Wednesday,19,
780,25/06/2025,19:39:17,2025-06-25T18:39:17.000Z,~ Ellis P,Wednesday,19,
781,25/06/2025,19:44:41,2025-06-25T18:44:41.000Z,Annabel Anderson,Wednesday,19,
782,25/06/2025,19:50:57,2025-06-25T18:50:57.000Z,Millie Brooke,Wednesday,19,
783,25/06/2025,19:55:14,2025-06-25T18:55:14.000Z,Anya Trevor-Palleres,Wednesday,19,
784,25/06/2025,19:56:36,2025-06-25T18:56:36.000Z,Caolán Walsh,Wednesday,19,
785,25/06/2025,20:22:07,2025-06-25T19:22:07.000Z,‪+44 7402 796848‬,Wednesday,20,
786,25/06/2025,20:30:07,2025-06-25T19:30:07.000Z,Annabel Anderson,Wednesday,20,
787,25/06/2025,20:32:14,2025-06-25T19:32:14.000Z,Eleanor Cowell,Wednesday,20,
788,25/06/2025,20:48:44,2025-06-25T19:48:44.000Z,Annabel Anderson,Wednesday,20,
789,25/06/2025,20:48:48,2025-06-25T19:48:48.000Z,‪+44 7402 796848‬,Wednesday,20,
790,25/06/2025,20:56:42,2025-06-25T19:56:42.000Z,~ Ellis P,Wednesday,20,
791,25/06/2025,21:05:26,2025-06-25T20:05:26.000Z,Caolán Walsh,Wednesday,21,
792,25/06/2025,21:06:50,2025-06-25T20:06:50.000Z,‪+44 7402 796848‬,Wednesday,21,
793,25/06/2025,21:13:44,2025-06-25T20:13:44.000Z,Anya Trevor-Palleres,Wednesday,21,
794,25/06/2025,21:15:25,2025-06-25T20:15:25.000Z,Hannah Page,Wednesday,21,
795,25/06/2025,22:02:01,2025-06-25T21:02:01.000Z,Anya Trevor-Palleres,Wednesday,22,
796,25/06/2025,22:04:50,2025-06-25T21:04:50.000Z,~ Bobby Burnand,Wednesday,22,
797,25/06/2025,22:06:12,2025-06-25T21:06:12.000Z,Caolán Walsh,Wednesday,22,
798,25/06/2025,22:30:18,2025-06-25T21:30:18.000Z,Annabel Anderson,Wednesday,22,
799,25/06/2025,22:38:53,2025-06-25T21:38:53.000Z,~ Bobby Burnand,Wednesday,22,
800,25/06/2025,23:07:40,2025-06-25T22:07:40.000Z,Annabel Anderson,Wednesday,23,
801,25/06/2025,23:11:50,2025-06-25T22:11:50.000Z,Hannah Page,Wednesday,23,
802,25/06/2025,23:13:49,2025-06-25T22:13:49.000Z,Millie Brooke,Wednesday,23,
803,26/06/2025,01:21:36,2025-06-26T00:21:36.000Z,Hannah Page,Thursday,1,
804,26/06/2025,10:57:55,2025-06-26T09:57:55.000Z,~ William Burton,Thursday,10,
805,26/06/2025,12:12:02,2025-06-26T11:12:02.000Z,‪+44 7402 796848‬,Thursday,12,
806,26/06/2025,12:42:08,2025-06-26T11:42:08.000Z,‪+44 7402 796848‬,Thursday,12,
807,26/06/2025,12:45:44,2025-06-26T11:45:44.000Z,‪+44 7713 267849‬,Thursday,12,
808,26/06/2025,12:46:07,2025-06-26T11:46:07.000Z,‪+44 7921 584225‬,Thursday,12,
809,26/06/2025,12:48:57,2025-06-26T11:48:57.000Z,~ Maddie,Thursday,12,
810,26/06/2025,13:03:12,2025-06-26T12:03:12.000Z,Georgia Jones,Thursday,13,
811,26/06/2025,13:27:23,2025-06-26T12:27:23.000Z,Georgia Jones,Thursday,13,
812,26/06/2025,13:50:01,2025-06-26T12:50:01.000Z,‪+44 7402 796848‬,Thursday,13,
813,26/06/2025,14:07:41,2025-06-26T13:07:41.000Z,Indie Driscoll,Thursday,14,
814,26/06/2025,14:18:15,2025-06-26T13:18:15.000Z,‪+44 7402 796848‬,Thursday,14,
815,26/06/2025,15:08:20,2025-06-26T14:08:20.000Z,Conall Caverly,Thursday,15,
816,26/06/2025,15:58:42,2025-06-26T14:58:42.000Z,‪+44 7402 796848‬,Thursday,15,
817,26/06/2025,16:01:22,2025-06-26T15:01:22.000Z,Conall Caverly,Thursday,16,
818,26/06/2025,16:20:07,2025-06-26T15:20:07.000Z,‪+44 7402 796848‬,Thursday,16,
819,26/06/2025,16:57:33,2025-06-26T15:57:33.000Z,‪+44 7402 796848‬,Thursday,16,
820,26/06/2025,17:07:11,2025-06-26T16:07:11.000Z,Flo Lewis,Thursday,17,
821,26/06/2025,17:08:23,2025-06-26T16:08:23.000Z,‪+44 7470 344146‬,Thursday,17,
822,26/06/2025,17:25:18,2025-06-26T16:25:18.000Z,Abby Khalifeh,Thursday,17,
823,26/06/2025,17:32:10,2025-06-26T16:32:10.000Z,Annabel Anderson,Thursday,17,
824,26/06/2025,17:33:02,2025-06-26T16:33:02.000Z,‪+44 7402 796848‬,Thursday,17,
825,26/06/2025,17:51:58,2025-06-26T16:51:58.000Z,Abby Khalifeh,Thursday,17,
826,26/06/2025,18:01:09,2025-06-26T17:01:09.000Z,~ Ellis P,Thursday,18,
827,26/06/2025,18:02:29,2025-06-26T17:02:29.000Z,Annabel Anderson,Thursday,18,
828,26/06/2025,18:14:34,2025-06-26T17:14:34.000Z,‪+44 7954 114133‬,Thursday,18,
829,26/06/2025,18:19:28,2025-06-26T17:19:28.000Z,~ Ellis P,Thursday,18,
830,26/06/2025,18:24:16,2025-06-26T17:24:16.000Z,~ Harry,Thursday,18,
831,26/06/2025,18:25:15,2025-06-26T17:25:15.000Z,Abby Khalifeh,Thursday,18,
832,26/06/2025,18:26:01,2025-06-26T17:26:01.000Z,Caolán Walsh,Thursday,18,
833,26/06/2025,18:38:34,2025-06-26T17:38:34.000Z,‪+44 7949 724818‬,Thursday,18,
834,26/06/2025,18:40:37,2025-06-26T17:40:37.000Z,‪+44 7794 389019‬,Thursday,18,
835,26/06/2025,18:42:33,2025-06-26T17:42:33.000Z,Annabel Anderson,Thursday,18,
836,26/06/2025,18:46:18,2025-06-26T17:46:18.000Z,‪+44 7506 586087‬,Thursday,18,
837,26/06/2025,18:51:57,2025-06-26T17:51:57.000Z,~ Maddie,Thursday,18,
838,26/06/2025,18:52:03,2025-06-26T17:52:03.000Z,~ Jess Westwood,Thursday,18,
839,26/06/2025,18:58:19,2025-06-26T17:58:19.000Z,~ Harry,Thursday,18,
840,26/06/2025,18:58:56,2025-06-26T17:58:56.000Z,‪+44 7376 944482‬,Thursday,18,
841,26/06/2025,19:03:46,2025-06-26T18:03:46.000Z,Abby Khalifeh,Thursday,19,
842,26/06/2025,19:06:25,2025-06-26T18:06:25.000Z,‪+44 7402 796848‬,Thursday,19,
843,26/06/2025,19:07:19,2025-06-26T18:07:19.000Z,Caolán Walsh,Thursday,19,
844,26/06/2025,19:13:10,2025-06-26T18:13:10.000Z,Annabel Anderson,Thursday,19,
845,26/06/2025,19:18:54,2025-06-26T18:18:54.000Z,‪+44 7949 724818‬,Thursday,19,
846,26/06/2025,19:26:13,2025-06-26T18:26:13.000Z,Jakey Breen,Thursday,19,
847,26/06/2025,19:32:29,2025-06-26T18:32:29.000Z,~ Harry,Thursday,19,
848,26/06/2025,19:33:00,2025-06-26T18:33:00.000Z,Hannah Page,Thursday,19,
849,26/06/2025,19:33:08,2025-06-26T18:33:08.000Z,Hannah Page,Thursday,19,
850,26/06/2025,19:33:12,2025-06-26T18:33:12.000Z,~ Maddie,Thursday,19,
851,26/06/2025,19:34:14,2025-06-26T18:34:14.000Z,‪+44 7954 114133‬,Thursday,19,
852,26/06/2025,19:37:08,2025-06-26T18:37:08.000Z,Caitlin Driscoll,Thursday,19,
853,26/06/2025,19:40:22,2025-06-26T18:40:22.000Z,~ Ellis P,Thursday,19,
854,26/06/2025,19:44:06,2025-06-26T18:44:06.000Z,‪+44 7506 586087‬,Thursday,19,
855,26/06/2025,19:59:31,2025-06-26T18:59:31.000Z,Conall Caverly,Thursday,19,
856,26/06/2025,20:00:03,2025-06-26T19:00:03.000Z,~ Harry,Thursday,20,
857,26/06/2025,20:00:34,2025-06-26T19:00:34.000Z,Abby Khalifeh,Thursday,20,
858,26/06/2025,20:05:29,2025-06-26T19:05:29.000Z,Bella Cain,Thursday,20,
859,26/06/2025,20:05:47,2025-06-26T19:05:47.000Z,Caolán Walsh,Thursday,20,
860,26/06/2025,20:07:00,2025-06-26T19:07:00.000Z,~ Ellis P,Thursday,20,
861,26/06/2025,20:10:59,2025-06-26T19:10:59.000Z,Bella Cain,Thursday,20,
862,26/06/2025,20:17:43,2025-06-26T19:17:43.000Z,~ Sean,Thursday,20,
863,26/06/2025,20:22:30,2025-06-26T19:22:30.000Z,‪+44 7949 724818‬,Thursday,20,
864,26/06/2025,20:23:28,2025-06-26T19:23:28.000Z,Anya Trevor-Palleres,Thursday,20,
865,26/06/2025,20:24:17,2025-06-26T19:24:17.000Z,~ Bobby Burnand,Thursday,20,
866,26/06/2025,20:31:53,2025-06-26T19:31:53.000Z,Annabel Anderson,Thursday,20,
867,26/06/2025,20:35:31,2025-06-26T19:35:31.000Z,Jakey Breen,Thursday,20,
868,26/06/2025,20:57:24,2025-06-26T19:57:24.000Z,Eleanor Cowell,Thursday,20,
869,26/06/2025,21:04:43,2025-06-26T20:04:43.000Z,Joe Farmer,Thursday,21,
870,26/06/2025,21:05:23,2025-06-26T20:05:23.000Z,~ Harry,Thursday,21,
871,26/06/2025,21:06:27,2025-06-26T20:06:27.000Z,‪+44 7402 796848‬,Thursday,21,
872,26/06/2025,21:11:54,2025-06-26T20:11:54.000Z,‪+44 7402 796848‬,Thursday,21,
873,26/06/2025,21:31:19,2025-06-26T20:31:19.000Z,~ Bobby Burnand,Thursday,21,
874,26/06/2025,21:37:58,2025-06-26T20:37:58.000Z,Annabel Anderson,Thursday,21,
875,26/06/2025,21:49:09,2025-06-26T20:49:09.000Z,~ Ellis P,Thursday,21,
876,26/06/2025,22:07:17,2025-06-26T21:07:17.000Z,~ Ellis P,Thursday,22,
877,26/06/2025,22:09:57,2025-06-26T21:09:57.000Z,Jakey Breen,Thursday,22,
878,26/06/2025,22:11:44,2025-06-26T21:11:44.000Z,‪+44 7949 724818‬,Thursday,22,
879,26/06/2025,22:28:40,2025-06-26T21:28:40.000Z,Abby Khalifeh,Thursday,22,
880,26/06/2025,22:33:28,2025-06-26T21:33:28.000Z,~ Ellis P,Thursday,22,
881,26/06/2025,22:43:47,2025-06-26T21:43:47.000Z,Anya Trevor-Palleres,Thursday,22,
882,26/06/2025,22:46:04,2025-06-26T21:46:04.000Z,‪+44 7949 724818‬,Thursday,22,
883,26/06/2025,22:48:18,2025-06-26T21:48:18.000Z,‪+44 7925 669407‬,Thursday,22,
884,26/06/2025,23:12:20,2025-06-26T22:12:20.000Z,Anya Trevor-Palleres,Thursday,23,
885,26/06/2025,23:38:06,2025-06-26T22:38:06.000Z,~ Ellis P,Thursday,23,
886,26/06/2025,23:54:02,2025-06-26T22:54:02.000Z,~ Ellis P,Thursday,23,
887,27/06/2025,01:03:41,2025-06-27T00:03:41.000Z,~ Ellis P,Friday,1,
888,27/06/2025,10:55:29,2025-06-27T09:55:29.000Z,Hannah Page,Friday,10,
889,27/06/2025,11:08:26,2025-06-27T10:08:26.000Z,Georgia Jones,Friday,11,
890,27/06/2025,11:25:49,2025-06-27T10:25:49.000Z,Hannah Page,Friday,11,
891,27/06/2025,11:56:57,2025-06-27T10:56:57.000Z,Georgia Jones,Friday,11,
892,27/06/2025,12:35:02,2025-06-27T11:35:02.000Z,Annabel Anderson,Friday,12,
893,27/06/2025,12:35:38,2025-06-27T11:35:38.000Z,Bella Cain,Friday,12,
894,27/06/2025,12:36:53,2025-06-27T11:36:53.000Z,Lottie Passmore,Friday,12,
895,27/06/2025,12:44:09,2025-06-27T11:44:09.000Z,Hannah Page,Friday,12,
896,27/06/2025,12:59:38,2025-06-27T11:59:38.000Z,Millie Brooke,Friday,12,
897,27/06/2025,13:01:17,2025-06-27T12:01:17.000Z,Annabel Anderson,Friday,13,
898,27/06/2025,13:07:15,2025-06-27T12:07:15.000Z,Georgia Jones,Friday,13,
899,27/06/2025,13:18:48,2025-06-27T12:18:48.000Z,Bella Cain,Friday,13,
900,27/06/2025,13:33:41,2025-06-27T12:33:41.000Z,Georgia Jones,Friday,13,
901,27/06/2025,13:44:40,2025-06-27T12:44:40.000Z,Annabel Anderson,Friday,13,
902,27/06/2025,13:53:14,2025-06-27T12:53:14.000Z,Annabel Anderson,Friday,13,
903,27/06/2025,13:56:17,2025-06-27T12:56:17.000Z,Hannah Page,Friday,13,
904,27/06/2025,13:56:29,2025-06-27T12:56:29.000Z,Bella Cain,Friday,13,
905,27/06/2025,13:57:47,2025-06-27T12:57:47.000Z,Georgia Jones,Friday,13,
906,27/06/2025,14:05:30,2025-06-27T13:05:30.000Z,Millie Brooke,Friday,14,
907,27/06/2025,14:34:44,2025-06-27T13:34:44.000Z,Georgia Jones,Friday,14,
908,27/06/2025,14:44:58,2025-06-27T13:44:58.000Z,~ Sean,Friday,14,
909,27/06/2025,15:03:49,2025-06-27T14:03:49.000Z,Bella Cain,Friday,15,
910,27/06/2025,15:06:22,2025-06-27T14:06:22.000Z,Hannah Page,Friday,15,
911,27/06/2025,15:17:44,2025-06-27T14:17:44.000Z,Jakey Breen,Friday,15,
912,27/06/2025,15:32:33,2025-06-27T14:32:33.000Z,Millie Brooke,Friday,15,
913,27/06/2025,15:33:33,2025-06-27T14:33:33.000Z,Abby Khalifeh,Friday,15,
914,27/06/2025,16:01:06,2025-06-27T15:01:06.000Z,Hannah Page,Friday,16,
915,27/06/2025,16:04:38,2025-06-27T15:04:38.000Z,~ Sean,Friday,16,
916,27/06/2025,16:17:36,2025-06-27T15:17:36.000Z,Abby Khalifeh,Friday,16,
917,27/06/2025,16:21:44,2025-06-27T15:21:44.000Z,~ William Burton,Friday,16,
918,27/06/2025,16:31:44,2025-06-27T15:31:44.000Z,Annabel Anderson,Friday,16,
919,27/06/2025,17:10:15,2025-06-27T16:10:15.000Z,Abby Khalifeh,Friday,17,
920,27/06/2025,17:34:25,2025-06-27T16:34:25.000Z,‪+44 7711 203160‬,Friday,17,
921,27/06/2025,17:36:16,2025-06-27T16:36:16.000Z,~ Max Evans,Friday,17,
922,27/06/2025,17:42:54,2025-06-27T16:42:54.000Z,‪+44 7402 796848‬,Friday,17,
923,27/06/2025,18:17:43,2025-06-27T17:17:43.000Z,Anya Trevor-Palleres,Friday,18,
924,27/06/2025,18:17:48,2025-06-27T17:17:48.000Z,Jakey Breen,Friday,18,
925,27/06/2025,18:21:33,2025-06-27T17:21:33.000Z,Abby Khalifeh,Friday,18,
926,27/06/2025,18:23:00,2025-06-27T17:23:00.000Z,Annabel Anderson,Friday,18,
927,27/06/2025,18:23:16,2025-06-27T17:23:16.000Z,Millie Brooke,Friday,18,
928,27/06/2025,18:24:35,2025-06-27T17:24:35.000Z,Annabel Anderson,Friday,18,
929,27/06/2025,18:58:28,2025-06-27T17:58:28.000Z,Annabel Anderson,Friday,18,
930,27/06/2025,18:59:54,2025-06-27T17:59:54.000Z,Jakey Breen,Friday,18,
931,27/06/2025,19:11:21,2025-06-27T18:11:21.000Z,Hannah Page,Friday,19,
932,27/06/2025,19:16:48,2025-06-27T18:16:48.000Z,~ Max Evans,Friday,19,
933,27/06/2025,19:25:02,2025-06-27T18:25:02.000Z,Abby Khalifeh,Friday,19,
934,27/06/2025,19:30:05,2025-06-27T18:30:05.000Z,~ Sam Ross,Friday,19,
935,27/06/2025,19:32:32,2025-06-27T18:32:32.000Z,~ Oscar,Friday,19,
936,27/06/2025,19:36:37,2025-06-27T18:36:37.000Z,~ Oscar,Friday,19,
937,27/06/2025,19:37:23,2025-06-27T18:37:23.000Z,~ Rory Oakes,Friday,19,
938,27/06/2025,19:38:39,2025-06-27T18:38:39.000Z,Bella Cain,Friday,19,
939,27/06/2025,19:39:02,2025-06-27T18:39:02.000Z,~ Ben Burton,Friday,19,
940,27/06/2025,19:47:14,2025-06-27T18:47:14.000Z,Anya Trevor-Palleres,Friday,19,
941,27/06/2025,20:10:48,2025-06-27T19:10:48.000Z,Conall Caverly,Friday,20,
942,27/06/2025,20:12:38,2025-06-27T19:12:38.000Z,Annabel Anderson,Friday,20,
943,27/06/2025,20:15:54,2025-06-27T19:15:54.000Z,Joe Zalas,Friday,20,
944,27/06/2025,20:18:00,2025-06-27T19:18:00.000Z,~ Oscar,Friday,20,
945,27/06/2025,20:19:26,2025-06-27T19:19:26.000Z,‪+44 7712 243058‬,Friday,20,
946,27/06/2025,20:19:48,2025-06-27T19:19:48.000Z,‪+44 7470 344146‬,Friday,20,
947,27/06/2025,20:38:02,2025-06-27T19:38:02.000Z,~ Max Evans,Friday,20,
948,27/06/2025,20:40:29,2025-06-27T19:40:29.000Z,Annabel Anderson,Friday,20,
949,27/06/2025,20:45:21,2025-06-27T19:45:21.000Z,Abby Khalifeh,Friday,20,
950,27/06/2025,20:54:54,2025-06-27T19:54:54.000Z,‪+44 7470 344146‬,Friday,20,
951,27/06/2025,20:55:11,2025-06-27T19:55:11.000Z,Flo Lewis,Friday,20,
952,27/06/2025,21:00:40,2025-06-27T20:00:40.000Z,~ Brett,Friday,21,
953,27/06/2025,21:05:06,2025-06-27T20:05:06.000Z,‪+353 83 876 4861‬,Friday,21,
954,27/06/2025,21:06:25,2025-06-27T20:06:25.000Z,Eleanor Cowell,Friday,21,
955,27/06/2025,21:06:35,2025-06-27T20:06:35.000Z,Conall Caverly,Friday,21,
956,27/06/2025,21:13:40,2025-06-27T20:13:40.000Z,‪+44 7470 344146‬,Friday,21,
957,27/06/2025,21:32:49,2025-06-27T20:32:49.000Z,Abby Khalifeh,Friday,21,
958,27/06/2025,21:45:23,2025-06-27T20:45:23.000Z,~ Brett,Friday,21,
959,27/06/2025,21:47:22,2025-06-27T20:47:22.000Z,Conall Caverly,Friday,21,
960,27/06/2025,21:51:24,2025-06-27T20:51:24.000Z,Eleanor Cowell,Friday,21,
961,27/06/2025,22:32:43,2025-06-27T21:32:43.000Z,Caolán Walsh,Friday,22,
962,27/06/2025,22:40:42,2025-06-27T21:40:42.000Z,Abby Khalifeh,Friday,22,
963,27/06/2025,22:42:07,2025-06-27T21:42:07.000Z,‪+44 7470 344146‬,Friday,22,
964,27/06/2025,22:45:32,2025-06-27T21:45:32.000Z,~ Ellis P,Friday,22,
965,27/06/2025,22:48:57,2025-06-27T21:48:57.000Z,‪+44 7709 244161‬,Friday,22,
966,27/06/2025,22:49:18,2025-06-27T21:49:18.000Z,~ Sean,Friday,22,
967,27/06/2025,23:02:47,2025-06-27T22:02:47.000Z,‪+353 83 876 4861‬,Friday,23,
968,27/06/2025,23:11:59,2025-06-27T22:11:59.000Z,~ Ellis P,Friday,23,
969,27/06/2025,23:16:06,2025-06-27T22:16:06.000Z,‪+44 7470 344146‬,Friday,23,
970,27/06/2025,23:57:22,2025-06-27T22:57:22.000Z,Conall Caverly,Friday,23,
971,28/06/2025,00:14:50,2025-06-27T23:14:50.000Z,Abby Khalifeh,Saturday,0,
972,28/06/2025,00:16:51,2025-06-27T23:16:51.000Z,~ Ellis P,Saturday,0,
973,28/06/2025,10:58:10,2025-06-28T09:58:10.000Z,Georgia Jones,Saturday,10,
974,28/06/2025,11:48:17,2025-06-28T10:48:17.000Z,Lottie Passmore,Saturday,11,
975,28/06/2025,12:07:10,2025-06-28T11:07:10.000Z,Lottie Passmore,Saturday,12,
976,28/06/2025,12:18:19,2025-06-28T11:18:19.000Z,Georgia Jones,Saturday,12,
977,28/06/2025,12:23:41,2025-06-28T11:23:41.000Z,Lottie Passmore,Saturday,12,
978,28/06/2025,13:03:57,2025-06-28T12:03:57.000Z,Hannah Page,Saturday,13,
979,28/06/2025,13:21:15,2025-06-28T12:21:15.000Z,Georgia Jones,Saturday,13,
980,28/06/2025,13:40:00,2025-06-28T12:40:00.000Z,Georgia Jones,Saturday,13,
981,28/06/2025,13:58:40,2025-06-28T12:58:40.000Z,Hannah Page,Saturday,13,
982,28/06/2025,13:59:38,2025-06-28T12:59:38.000Z,Lottie Passmore,Saturday,13,
983,28/06/2025,14:38:51,2025-06-28T13:38:51.000Z,Hannah Page,Saturday,14,
984,28/06/2025,14:42:27,2025-06-28T13:42:27.000Z,Abby Khalifeh,Saturday,14,
985,28/06/2025,14:46:30,2025-06-28T13:46:30.000Z,Abby Khalifeh,Saturday,14,
986,28/06/2025,15:12:02,2025-06-28T14:12:02.000Z,~ Oli Pollock,Saturday,15,
987,28/06/2025,15:21:11,2025-06-28T14:21:11.000Z,‪+44 7950 665167‬,Saturday,15,
988,28/06/2025,15:25:20,2025-06-28T14:25:20.000Z,Hannah Page,Saturday,15,
989,28/06/2025,15:31:08,2025-06-28T14:31:08.000Z,~ Jake Rooney,Saturday,15,
990,28/06/2025,15:34:04,2025-06-28T14:34:04.000Z,Indie Driscoll,Saturday,15,
991,28/06/2025,15:40:27,2025-06-28T14:40:27.000Z,~ Bobby Burnand,Saturday,15,
992,28/06/2025,15:48:01,2025-06-28T14:48:01.000Z,~ Anna,Saturday,15,
993,28/06/2025,15:52:09,2025-06-28T14:52:09.000Z,Jakey Breen,Saturday,15,
994,28/06/2025,16:03:34,2025-06-28T15:03:34.000Z,Anya Trevor-Palleres,Saturday,16,
995,28/06/2025,16:06:21,2025-06-28T15:06:21.000Z,‪+44 7506 586087‬,Saturday,16,
996,28/06/2025,16:10:59,2025-06-28T15:10:59.000Z,Abby Khalifeh,Saturday,16,
997,28/06/2025,16:13:34,2025-06-28T15:13:34.000Z,‪+44 7944 486824‬,Saturday,16,
998,28/06/2025,16:14:07,2025-06-28T15:14:07.000Z,~ Sean,Saturday,16,
999,28/06/2025,16:20:06,2025-06-28T15:20:06.000Z,Caitlin Driscoll,Saturday,16,
1000,28/06/2025,16:20:45,2025-06-28T15:20:45.000Z,Annabel Anderson,Saturday,16,
1001,28/06/2025,16:25:10,2025-06-28T15:25:10.000Z,‪+44 7949 724818‬,Saturday,16,
1002,28/06/2025,16:29:47,2025-06-28T15:29:47.000Z,Bella Cain,Saturday,16,
1003,28/06/2025,16:30:22,2025-06-28T15:30:22.000Z,~ Harry,Saturday,16,
1004,28/06/2025,16:31:54,2025-06-28T15:31:54.000Z,~ Ben,Saturday,16,
1005,28/06/2025,16:34:17,2025-06-28T15:34:17.000Z,~ Sam Ross,Saturday,16,
1006,28/06/2025,16:50:01,2025-06-28T15:50:01.000Z,~ Ben,Saturday,16,
1007,28/06/2025,16:52:00,2025-06-28T15:52:00.000Z,‪+353 83 876 4861‬,Saturday,16,
1008,28/06/2025,17:08:42,2025-06-28T16:08:42.000Z,‪+44 7949 724818‬,Saturday,17,
1009,28/06/2025,17:12:13,2025-06-28T16:12:13.000Z,~ Sean,Saturday,17,
1010,28/06/2025,17:17:31,2025-06-28T16:17:31.000Z,~ Sam Ross,Saturday,17,
1011,28/06/2025,17:24:32,2025-06-28T16:24:32.000Z,‪+44 7506 586087‬,Saturday,17,
1012,28/06/2025,17:26:25,2025-06-28T16:26:25.000Z,Anya Trevor-Palleres,Saturday,17,
1013,28/06/2025,17:27:46,2025-06-28T16:27:46.000Z,~ Brett,Saturday,17,
1014,28/06/2025,17:54:49,2025-06-28T16:54:49.000Z,‪+44 7544 013739‬,Saturday,17,
1015,28/06/2025,17:55:06,2025-06-28T16:55:06.000Z,Indie Driscoll,Saturday,17,
1016,28/06/2025,17:59:43,2025-06-28T16:59:43.000Z,~ Brett,Saturday,17,
1017,28/06/2025,18:02:33,2025-06-28T17:02:33.000Z,Hannah Page,Saturday,18,
1018,28/06/2025,18:02:41,2025-06-28T17:02:41.000Z,Shay,Saturday,18,
1019,28/06/2025,18:10:08,2025-06-28T17:10:08.000Z,‪+44 7412 242586‬,Saturday,18,
1020,28/06/2025,18:12:08,2025-06-28T17:12:08.000Z,Millie Brooke,Saturday,18,
1021,28/06/2025,18:27:00,2025-06-28T17:27:00.000Z,Hannah Page,Saturday,18,
1022,28/06/2025,18:27:55,2025-06-28T17:27:55.000Z,Annabel Anderson,Saturday,18,
1023,28/06/2025,18:30:52,2025-06-28T17:30:52.000Z,‪+44 7502 353030‬,Saturday,18,
1024,28/06/2025,18:36:03,2025-06-28T17:36:03.000Z,~ Ellis P,Saturday,18,
1025,28/06/2025,18:38:06,2025-06-28T17:38:06.000Z,Shay,Saturday,18,
1026,28/06/2025,18:39:32,2025-06-28T17:39:32.000Z,‪+44 7949 724818‬,Saturday,18,
1027,28/06/2025,18:41:43,2025-06-28T17:41:43.000Z,Bella Cain,Saturday,18,
1028,28/06/2025,18:44:20,2025-06-28T17:44:20.000Z,Annabel Anderson,Saturday,18,
1029,28/06/2025,18:49:13,2025-06-28T17:49:13.000Z,~ Brett,Saturday,18,
1030,28/06/2025,18:49:13,2025-06-28T17:49:13.000Z,Conall Caverly,Saturday,18,
1031,28/06/2025,19:05:10,2025-06-28T18:05:10.000Z,Annabel Anderson,Saturday,19,
1032,28/06/2025,19:05:43,2025-06-28T18:05:43.000Z,Bella Cain,Saturday,19,
1033,28/06/2025,19:11:03,2025-06-28T18:11:03.000Z,~ Harry,Saturday,19,
1034,28/06/2025,19:11:33,2025-06-28T18:11:33.000Z,Shay,Saturday,19,
1035,28/06/2025,19:19:08,2025-06-28T18:19:08.000Z,‪+44 7921 584225‬,Saturday,19,
1036,28/06/2025,19:22:44,2025-06-28T18:22:44.000Z,Millie Brooke,Saturday,19,
1037,28/06/2025,19:23:03,2025-06-28T18:23:03.000Z,~ Harry,Saturday,19,
1038,28/06/2025,19:31:12,2025-06-28T18:31:12.000Z,Bella Cain,Saturday,19,
1039,28/06/2025,19:32:24,2025-06-28T18:32:24.000Z,Annabel Anderson,Saturday,19,
1040,28/06/2025,19:35:29,2025-06-28T18:35:29.000Z,Conall Caverly,Saturday,19,
1041,28/06/2025,19:35:57,2025-06-28T18:35:57.000Z,Jakey Breen,Saturday,19,
1042,28/06/2025,19:47:24,2025-06-28T18:47:24.000Z,Bella Cain,Saturday,19,
1043,28/06/2025,19:49:14,2025-06-28T18:49:14.000Z,~ Ellis P,Saturday,19,
1044,28/06/2025,19:50:27,2025-06-28T18:50:27.000Z,‪+44 7921 584225‬,Saturday,19,
1045,28/06/2025,19:54:28,2025-06-28T18:54:28.000Z,‪+44 7443 568991‬,Saturday,19,
1046,28/06/2025,19:55:15,2025-06-28T18:55:15.000Z,‪+44 7850 317298‬,Saturday,19,
1047,28/06/2025,19:55:23,2025-06-28T18:55:23.000Z,Caitlin Driscoll,Saturday,19,
1048,28/06/2025,19:57:12,2025-06-28T18:57:12.000Z,Annabel Anderson,Saturday,19,
1049,28/06/2025,20:06:08,2025-06-28T19:06:08.000Z,Flo Lewis,Saturday,20,
1050,28/06/2025,20:09:09,2025-06-28T19:09:09.000Z,Annabel Anderson,Saturday,20,
1051,28/06/2025,20:12:30,2025-06-28T19:12:30.000Z,Charlotte Wells Wells,Saturday,20,
1052,28/06/2025,20:16:37,2025-06-28T19:16:37.000Z,Millie Brooke,Saturday,20,
1053,28/06/2025,20:17:49,2025-06-28T19:17:49.000Z,Abby Khalifeh,Saturday,20,
1054,28/06/2025,20:20:05,2025-06-28T19:20:05.000Z,Conall Caverly,Saturday,20,
1055,28/06/2025,20:26:29,2025-06-28T19:26:29.000Z,~ Ellis P,Saturday,20,
1056,28/06/2025,20:33:56,2025-06-28T19:33:56.000Z,‪+44 7888 607778‬,Saturday,20,
1057,28/06/2025,20:34:50,2025-06-28T19:34:50.000Z,Annabel Anderson,Saturday,20,
1058,28/06/2025,20:57:36,2025-06-28T19:57:36.000Z,‪+44 7921 584225‬,Saturday,20,
1059,28/06/2025,20:58:10,2025-06-28T19:58:10.000Z,‪+44 7480 285349‬,Saturday,20,
1060,28/06/2025,21:04:54,2025-06-28T20:04:54.000Z,~ Ellis P,Saturday,21,
1061,28/06/2025,21:08:04,2025-06-28T20:08:04.000Z,‪+44 7850 317298‬,Saturday,21,
1062,28/06/2025,21:08:42,2025-06-28T20:08:42.000Z,Annabel Anderson,Saturday,21,
1063,28/06/2025,21:10:10,2025-06-28T20:10:10.000Z,Shay,Saturday,21,
1064,28/06/2025,21:21:53,2025-06-28T20:21:53.000Z,Millie Brooke,Saturday,21,
1065,28/06/2025,21:22:15,2025-06-28T20:22:15.000Z,Conall Caverly,Saturday,21,
1066,28/06/2025,21:24:07,2025-06-28T20:24:07.000Z,Shay,Saturday,21,
1067,28/06/2025,21:28:01,2025-06-28T20:28:01.000Z,‪+44 7794 389019‬,Saturday,21,
1068,28/06/2025,21:31:02,2025-06-28T20:31:02.000Z,~ Ellis P,Saturday,21,
1069,28/06/2025,21:31:18,2025-06-28T20:31:18.000Z,Abby Khalifeh,Saturday,21,
1070,28/06/2025,21:41:49,2025-06-28T20:41:49.000Z,Annabel Anderson,Saturday,21,
1071,28/06/2025,22:03:18,2025-06-28T21:03:18.000Z,Abby Khalifeh,Saturday,22,
1072,28/06/2025,22:11:53,2025-06-28T21:11:53.000Z,~ Ellis P,Saturday,22,
1073,28/06/2025,22:35:20,2025-06-28T21:35:20.000Z,~ Maddie,Saturday,22,
1074,28/06/2025,22:39:35,2025-06-28T21:39:35.000Z,Flo Lewis,Saturday,22,
1075,28/06/2025,22:39:55,2025-06-28T21:39:55.000Z,~ Owen,Saturday,22,
1076,28/06/2025,23:48:24,2025-06-28T22:48:24.000Z,~ Maddie,Saturday,23,
1077,28/06/2025,23:51:02,2025-06-28T22:51:02.000Z,~ Ellis P,Saturday,23,
1078,29/06/2025,11:47:41,2025-06-29T10:47:41.000Z,Hannah Page,Sunday,11,
1079,29/06/2025,12:19:04,2025-06-29T11:19:04.000Z,Annabel Anderson,Sunday,12,
1080,29/06/2025,12:28:56,2025-06-29T11:28:56.000Z,Hannah Page,Sunday,12,
1081,29/06/2025,14:17:36,2025-06-29T13:17:36.000Z,Hannah Page,Sunday,14,
1082,29/06/2025,14:23:19,2025-06-29T13:23:19.000Z,Annabel Anderson,Sunday,14,
1083,29/06/2025,14:48:35,2025-06-29T13:48:35.000Z,~ Ben,Sunday,14,
1084,29/06/2025,14:49:08,2025-06-29T13:49:08.000Z,~ Ellis P,Sunday,14,
1085,29/06/2025,15:02:47,2025-06-29T14:02:47.000Z,‪+44 7305 124955‬,Sunday,15,
1086,29/06/2025,15:07:30,2025-06-29T14:07:30.000Z,~ Maddie,Sunday,15,
1087,29/06/2025,15:07:37,2025-06-29T14:07:37.000Z,~ Brett,Sunday,15,
1088,29/06/2025,15:09:50,2025-06-29T14:09:50.000Z,Hannah Page,Sunday,15,
1089,29/06/2025,15:11:03,2025-06-29T14:11:03.000Z,Mike Hope,Sunday,15,
1090,29/06/2025,16:01:04,2025-06-29T15:01:04.000Z,Bella Cain,Sunday,16,
1091,29/06/2025,16:03:31,2025-06-29T15:03:31.000Z,~ Brett,Sunday,16,
1092,29/06/2025,16:07:19,2025-06-29T15:07:19.000Z,‪+44 7794 389019‬,Sunday,16,
1093,29/06/2025,16:14:22,2025-06-29T15:14:22.000Z,Annabel Anderson,Sunday,16,
1094,29/06/2025,16:14:44,2025-06-29T15:14:44.000Z,Hannah Page,Sunday,16,
1095,29/06/2025,16:15:00,2025-06-29T15:15:00.000Z,Joe Farmer,Sunday,16,
1096,29/06/2025,16:25:31,2025-06-29T15:25:31.000Z,M,Sunday,16,
1097,29/06/2025,16:56:53,2025-06-29T15:56:53.000Z,Bella Cain,Sunday,16,
1098,29/06/2025,17:00:31,2025-06-29T16:00:31.000Z,Conall Caverly,Sunday,17,
1099,29/06/2025,17:03:44,2025-06-29T16:03:44.000Z,‪+44 7903 989126‬,Sunday,17,
1100,29/06/2025,17:18:12,2025-06-29T16:18:12.000Z,‪+44 7921 584225‬,Sunday,17,
1101,29/06/2025,17:22:47,2025-06-29T16:22:47.000Z,Jakey Breen,Sunday,17,
1102,29/06/2025,17:24:09,2025-06-29T16:24:09.000Z,~ Maddie,Sunday,17,
1103,29/06/2025,17:42:11,2025-06-29T16:42:11.000Z,~ Oli Pollock,Sunday,17,
1104,29/06/2025,17:54:41,2025-06-29T16:54:41.000Z,~ Ben,Sunday,17,
1105,29/06/2025,17:56:52,2025-06-29T16:56:52.000Z,Annabel Anderson,Sunday,17,
1106,29/06/2025,18:13:19,2025-06-29T17:13:19.000Z,Conall Caverly,Sunday,18,
1107,29/06/2025,18:16:16,2025-06-29T17:16:16.000Z,Jakey Breen,Sunday,18,
1108,29/06/2025,18:19:26,2025-06-29T17:19:26.000Z,~ Bobby Burnand,Sunday,18,
1109,29/06/2025,18:30:18,2025-06-29T17:30:18.000Z,~ Sean,Sunday,18,
1110,29/06/2025,18:53:01,2025-06-29T17:53:01.000Z,Jakey Breen,Sunday,18,
1111,29/06/2025,18:59:58,2025-06-29T17:59:58.000Z,‪+44 7709 244161‬,Sunday,18,
1112,29/06/2025,19:08:05,2025-06-29T18:08:05.000Z,‪+44 7794 088735‬,Sunday,19,
1113,29/06/2025,19:24:50,2025-06-29T18:24:50.000Z,Annabel Anderson,Sunday,19,
1114,29/06/2025,19:28:34,2025-06-29T18:28:34.000Z,~ Oli Pollock,Sunday,19,
1115,29/06/2025,19:31:12,2025-06-29T18:31:12.000Z,~ Sean,Sunday,19,
1116,29/06/2025,19:33:41,2025-06-29T18:33:41.000Z,~ Sean,Sunday,19,
1117,29/06/2025,19:42:04,2025-06-29T18:42:04.000Z,Shay,Sunday,19,
1118,29/06/2025,20:07:39,2025-06-29T19:07:39.000Z,~ Ellis P,Sunday,20,
1119,29/06/2025,20:19:33,2025-06-29T19:19:33.000Z,‪+44 7921 584225‬,Sunday,20,
1120,29/06/2025,20:26:48,2025-06-29T19:26:48.000Z,Flo Lewis,Sunday,20,
1121,29/06/2025,21:09:29,2025-06-29T20:09:29.000Z,Flo Lewis,Sunday,21,
1122,29/06/2025,21:12:18,2025-06-29T20:12:18.000Z,~ Ellis P,Sunday,21,
1123,29/06/2025,22:48:41,2025-06-29T21:48:41.000Z,~ Oli Pollock,Sunday,22,
1124,29/06/2025,22:52:40,2025-06-29T21:52:40.000Z,Conall Caverly,Sunday,22,
1125,30/06/2025,11:15:05,2025-06-30T10:15:05.000Z,Annabel Anderson,Monday,11,
1126,30/06/2025,12:03:33,2025-06-30T11:03:33.000Z,Hannah Page,Monday,12,
1127,30/06/2025,12:36:13,2025-06-30T11:36:13.000Z,Hannah Page,Monday,12,
1128,30/06/2025,13:02:15,2025-06-30T12:02:15.000Z,Hannah Page,Monday,13,
1129,30/06/2025,13:26:06,2025-06-30T12:26:06.000Z,~ Ben,Monday,13,
1130,30/06/2025,13:26:26,2025-06-30T12:26:26.000Z,Annabel Anderson,Monday,13,
1131,30/06/2025,13:38:43,2025-06-30T12:38:43.000Z,Hannah Page,Monday,13,
1132,30/06/2025,15:18:18,2025-06-30T14:18:18.000Z,Bella Cain,Monday,15,
1133,30/06/2025,15:24:23,2025-06-30T14:24:23.000Z,~ Oscar,Monday,15,
1134,30/06/2025,15:51:47,2025-06-30T14:51:47.000Z,Annabel Anderson,Monday,15,
1135,30/06/2025,16:50:23,2025-06-30T15:50:23.000Z,Annabel Anderson,Monday,16,
1136,30/06/2025,16:51:46,2025-06-30T15:51:46.000Z,Abby Khalifeh,Monday,16,
1137,30/06/2025,16:57:19,2025-06-30T15:57:19.000Z,~ Maeve,Monday,16,
1138,30/06/2025,17:12:09,2025-06-30T16:12:09.000Z,Bella Cain,Monday,17,
1139,30/06/2025,17:18:37,2025-06-30T16:18:37.000Z,Caitlin Driscoll,Monday,17,
1140,30/06/2025,17:27:54,2025-06-30T16:27:54.000Z,Annabel Anderson,Monday,17,
1141,30/06/2025,17:38:04,2025-06-30T16:38:04.000Z,Annabel Anderson,Monday,17,
1142,30/06/2025,17:40:01,2025-06-30T16:40:01.000Z,Abby Khalifeh,Monday,17,
1143,30/06/2025,17:41:05,2025-06-30T16:41:05.000Z,~ Ellis P,Monday,17,
1144,30/06/2025,17:51:15,2025-06-30T16:51:15.000Z,~ Ben,Monday,17,
1145,30/06/2025,17:53:13,2025-06-30T16:53:13.000Z,~ Harry,Monday,17,
1146,30/06/2025,17:59:07,2025-06-30T16:59:07.000Z,~ Ellis P,Monday,17,
1147,30/06/2025,18:02:09,2025-06-30T17:02:09.000Z,~ Ellis P,Monday,18,
1148,30/06/2025,18:20:18,2025-06-30T17:20:18.000Z,~ Ellis P,Monday,18,
1149,30/06/2025,18:26:04,2025-06-30T17:26:04.000Z,Flo Lewis,Monday,18,
1150,30/06/2025,18:31:06,2025-06-30T17:31:06.000Z,~ Sean,Monday,18,
1151,30/06/2025,18:57:50,2025-06-30T17:57:50.000Z,~ Harry,Monday,18,
1152,30/06/2025,18:59:36,2025-06-30T17:59:36.000Z,Caolán Walsh,Monday,18,
1153,30/06/2025,19:01:26,2025-06-30T18:01:26.000Z,~ Sean,Monday,19,
1154,30/06/2025,19:01:41,2025-06-30T18:01:41.000Z,~ Ellis P,Monday,19,
1155,30/06/2025,19:09:49,2025-06-30T18:09:49.000Z,Flo Lewis,Monday,19,
1156,30/06/2025,19:28:39,2025-06-30T18:28:39.000Z,~ Ellis P,Monday,19,
1157,30/06/2025,19:30:52,2025-06-30T18:30:52.000Z,Caolán Walsh,Monday,19,
1158,30/06/2025,19:34:24,2025-06-30T18:34:24.000Z,Bella Cain,Monday,19,
1159,30/06/2025,20:11:05,2025-06-30T19:11:05.000Z,~ Harry,Monday,20,
1160,30/06/2025,20:14:09,2025-06-30T19:14:09.000Z,‪+44 7841 958283‬,Monday,20,
1161,30/06/2025,20:16:08,2025-06-30T19:16:08.000Z,Millie Brooke,Monday,20,
1162,30/06/2025,20:20:41,2025-06-30T19:20:41.000Z,~ Ellis P,Monday,20,
1163,30/06/2025,20:32:30,2025-06-30T19:32:30.000Z,~ Brett,Monday,20,
1164,30/06/2025,20:40:12,2025-06-30T19:40:12.000Z,Annabel Anderson,Monday,20,
1165,30/06/2025,20:44:46,2025-06-30T19:44:46.000Z,~ Maddie,Monday,20,
1166,30/06/2025,20:54:11,2025-06-30T19:54:11.000Z,Caolán Walsh,Monday,20,
1167,30/06/2025,20:56:39,2025-06-30T19:56:39.000Z,~ Harry,Monday,20,
1168,30/06/2025,21:26:26,2025-06-30T20:26:26.000Z,Millie Brooke,Monday,21,
1169,30/06/2025,21:30:26,2025-06-30T20:30:26.000Z,~ Maddie,Monday,21,
1170,30/06/2025,21:56:37,2025-06-30T20:56:37.000Z,~ Sean,Monday,21,
1171,30/06/2025,21:57:25,2025-06-30T20:57:25.000Z,Bella Cain,Monday,21,
1172,30/06/2025,22:11:05,2025-06-30T21:11:05.000Z,Caolán Walsh,Monday,22,
1173,01/07/2025,13:37:48,2025-07-01T12:37:48.000Z,~ Owen,Tuesday,13,
1174,01/07/2025,13:55:43,2025-07-01T12:55:43.000Z,Grace,Tuesday,13,
1175,01/07/2025,16:05:36,2025-07-01T15:05:36.000Z,Jakey Breen,Tuesday,16,
1176,01/07/2025,17:37:59,2025-07-01T16:37:59.000Z,Caolán Walsh,Tuesday,17,
1177,01/07/2025,18:13:50,2025-07-01T17:13:50.000Z,~ Gareth Tainton,Tuesday,18,
1178,01/07/2025,18:40:28,2025-07-01T17:40:28.000Z,Caolán Walsh,Tuesday,18,
1179,01/07/2025,19:45:42,2025-07-01T18:45:42.000Z,~ Harry,Tuesday,19,
1180,01/07/2025,19:52:56,2025-07-01T18:52:56.000Z,Bella Cain,Tuesday,19,
1181,01/07/2025,20:03:24,2025-07-01T19:03:24.000Z,‪+44 7841 958283‬,Tuesday,20,
1182,01/07/2025,20:04:31,2025-07-01T19:04:31.000Z,~ Bobby Burnand,Tuesday,20,
1183,01/07/2025,20:46:09,2025-07-01T19:46:09.000Z,Caolán Walsh,Tuesday,20,
1184,01/07/2025,20:54:35,2025-07-01T19:54:35.000Z,Jakey Breen,Tuesday,20,
1185,01/07/2025,21:13:02,2025-07-01T20:13:02.000Z,~ Harry,Tuesday,21,
1186,01/07/2025,21:41:55,2025-07-01T20:41:55.000Z,Jakey Breen,Tuesday,21,
1187,01/07/2025,22:01:05,2025-07-01T21:01:05.000Z,~ Harry,Tuesday,22,
1188,02/07/2025,01:05:17,2025-07-02T00:05:17.000Z,Jakey Breen,Wednesday,1,
1189,02/07/2025,16:24:28,2025-07-02T15:24:28.000Z,Millie Brooke,Wednesday,16,
1190,02/07/2025,17:51:34,2025-07-02T16:51:34.000Z,Millie Brooke,Wednesday,17,
1191,02/07/2025,18:09:09,2025-07-02T17:09:09.000Z,~ Harry,Wednesday,18,
1192,02/07/2025,18:20:48,2025-07-02T17:20:48.000Z,Millie Brooke,Wednesday,18,
1193,02/07/2025,18:30:45,2025-07-02T17:30:45.000Z,‪+44 7949 724818‬,Wednesday,18,
1194,02/07/2025,18:47:35,2025-07-02T17:47:35.000Z,‪+44 7473 275286‬,Wednesday,18,
1195,02/07/2025,18:54:33,2025-07-02T17:54:33.000Z,~ Maddie,Wednesday,18,
1196,02/07/2025,19:00:03,2025-07-02T18:00:03.000Z,Shay,Wednesday,19,
1197,02/07/2025,19:01:54,2025-07-02T18:01:54.000Z,‪+44 7949 724818‬,Wednesday,19,
1198,02/07/2025,19:30:59,2025-07-02T18:30:59.000Z,‪+44 7950 665167‬,Wednesday,19,
1199,02/07/2025,19:32:03,2025-07-02T18:32:03.000Z,Shay,Wednesday,19,
1200,02/07/2025,19:58:03,2025-07-02T18:58:03.000Z,Abby Khalifeh,Wednesday,19,
1201,02/07/2025,20:07:13,2025-07-02T19:07:13.000Z,~ Harry,Wednesday,20,
1202,02/07/2025,20:24:30,2025-07-02T19:24:30.000Z,‪+44 7593 708903‬,Wednesday,20,
1203,02/07/2025,20:34:06,2025-07-02T19:34:06.000Z,Jakey Breen,Wednesday,20,
1204,02/07/2025,20:34:52,2025-07-02T19:34:52.000Z,Shay,Wednesday,20,
1205,02/07/2025,21:05:10,2025-07-02T20:05:10.000Z,‪+44 7473 275286‬,Wednesday,21,
1206,02/07/2025,21:06:16,2025-07-02T20:06:16.000Z,Shay,Wednesday,21,
1207,02/07/2025,21:08:22,2025-07-02T20:08:22.000Z,Anya Trevor-Palleres,Wednesday,21,
1208,02/07/2025,21:17:35,2025-07-02T20:17:35.000Z,Flo Lewis,Wednesday,21,
1209,02/07/2025,21:20:06,2025-07-02T20:20:06.000Z,~ Maddie,Wednesday,21,
1210,02/07/2025,21:31:00,2025-07-02T20:31:00.000Z,~ Harry,Wednesday,21,
1211,02/07/2025,21:31:36,2025-07-02T20:31:36.000Z,Bella Cain,Wednesday,21,
1212,02/07/2025,21:46:21,2025-07-02T20:46:21.000Z,Millie Brooke,Wednesday,21,
1213,03/07/2025,13:25:51,2025-07-03T12:25:51.000Z,‪+44 7949 724818‬,Thursday,13,
1214,03/07/2025,13:26:45,2025-07-03T12:26:45.000Z,‪+44 7921 584225‬,Thursday,13,
1215,03/07/2025,16:04:52,2025-07-03T15:04:52.000Z,‪+44 7502 353030‬,Thursday,16,
1216,03/07/2025,16:16:03,2025-07-03T15:16:03.000Z,Lottie Passmore,Thursday,16,
1217,03/07/2025,16:43:50,2025-07-03T15:43:50.000Z,Lottie Passmore,Thursday,16,
1218,03/07/2025,17:16:46,2025-07-03T16:16:46.000Z,Abby Khalifeh,Thursday,17,
1219,03/07/2025,17:24:24,2025-07-03T16:24:24.000Z,Lottie Passmore,Thursday,17,
1220,03/07/2025,17:47:08,2025-07-03T16:47:08.000Z,Abby Khalifeh,Thursday,17,
1221,03/07/2025,17:48:40,2025-07-03T16:48:40.000Z,Lottie Passmore,Thursday,17,
1222,03/07/2025,17:56:19,2025-07-03T16:56:19.000Z,Hannah Page,Thursday,17,
1223,03/07/2025,18:12:45,2025-07-03T17:12:45.000Z,Annabel Anderson,Thursday,18,
1224,03/07/2025,18:32:17,2025-07-03T17:32:17.000Z,Annabel Anderson,Thursday,18,
1225,03/07/2025,18:32:58,2025-07-03T17:32:58.000Z,Abby Khalifeh,Thursday,18,
1226,03/07/2025,18:33:27,2025-07-03T17:33:27.000Z,~ William Burton,Thursday,18,
1227,03/07/2025,18:44:21,2025-07-03T17:44:21.000Z,Millie Brooke,Thursday,18,
1228,03/07/2025,19:08:20,2025-07-03T18:08:20.000Z,~ Sam Ross,Thursday,19,
1229,03/07/2025,19:09:31,2025-07-03T18:09:31.000Z,Annabel Anderson,Thursday,19,
1230,03/07/2025,19:26:05,2025-07-03T18:26:05.000Z,Jakey Breen,Thursday,19,
1231,03/07/2025,19:34:15,2025-07-03T18:34:15.000Z,Millie Brooke,Thursday,19,
1232,03/07/2025,19:35:22,2025-07-03T18:35:22.000Z,Abby Khalifeh,Thursday,19,
1233,03/07/2025,19:41:38,2025-07-03T18:41:38.000Z,Anya Trevor-Palleres,Thursday,19,
1234,03/07/2025,19:58:00,2025-07-03T18:58:00.000Z,Hannah Page,Thursday,19,
1235,03/07/2025,20:01:36,2025-07-03T19:01:36.000Z,‪+44 7501 062670‬,Thursday,20,
1236,03/07/2025,20:14:50,2025-07-03T19:14:50.000Z,~ Rory Gee,Thursday,20,
1237,03/07/2025,20:31:39,2025-07-03T19:31:39.000Z,Annabel Anderson,Thursday,20,
1238,03/07/2025,20:39:46,2025-07-03T19:39:46.000Z,Hannah Page,Thursday,20,
1239,03/07/2025,20:46:30,2025-07-03T19:46:30.000Z,Jakey Breen,Thursday,20,
1240,03/07/2025,21:14:43,2025-07-03T20:14:43.000Z,Annabel Anderson,Thursday,21,
1241,03/07/2025,21:22:59,2025-07-03T20:22:59.000Z,Anya Trevor-Palleres,Thursday,21,
1242,03/07/2025,21:44:25,2025-07-03T20:44:25.000Z,‪+44 7921 584225‬,Thursday,21,
1243,03/07/2025,22:05:15,2025-07-03T21:05:15.000Z,Conall Caverly,Thursday,22,
1244,03/07/2025,22:16:03,2025-07-03T21:16:03.000Z,‪+44 7921 584225‬,Thursday,22,
1245,04/07/2025,05:58:05,2025-07-04T04:58:05.000Z,Shay,Friday,5,
1246,04/07/2025,06:39:00,2025-07-04T05:39:00.000Z,Shay,Friday,6,
1247,04/07/2025,13:39:36,2025-07-04T12:39:36.000Z,Shay,Friday,13,
1248,04/07/2025,14:47:38,2025-07-04T13:47:38.000Z,Shay,Friday,14,
1249,04/07/2025,15:11:51,2025-07-04T14:11:51.000Z,Joe Farmer,Friday,15,
1250,04/07/2025,15:18:06,2025-07-04T14:18:06.000Z,Jakey Breen,Friday,15,
1251,04/07/2025,16:07:10,2025-07-04T15:07:10.000Z,Shay,Friday,16,
1252,04/07/2025,17:29:06,2025-07-04T16:29:06.000Z,Abby Khalifeh,Friday,17,
1253,04/07/2025,17:38:24,2025-07-04T16:38:24.000Z,Annabel Anderson,Friday,17,
1254,04/07/2025,17:39:09,2025-07-04T16:39:09.000Z,Anya Trevor-Palleres,Friday,17,
1255,04/07/2025,18:00:37,2025-07-04T17:00:37.000Z,Caitlin Driscoll,Friday,18,
1256,04/07/2025,18:04:09,2025-07-04T17:04:09.000Z,Indie Driscoll,Friday,18,
1257,04/07/2025,18:04:34,2025-07-04T17:04:34.000Z,Hannah Page,Friday,18,
1258,04/07/2025,18:05:41,2025-07-04T17:05:41.000Z,~ Owen,Friday,18,
1259,04/07/2025,18:22:17,2025-07-04T17:22:17.000Z,Annabel Anderson,Friday,18,
1260,04/07/2025,18:41:40,2025-07-04T17:41:40.000Z,Annabel Anderson,Friday,18,
1261,04/07/2025,18:45:28,2025-07-04T17:45:28.000Z,~ Owen,Friday,18,
1262,04/07/2025,18:48:24,2025-07-04T17:48:24.000Z,Hannah Page,Friday,18,
1263,04/07/2025,19:01:44,2025-07-04T18:01:44.000Z,‪+44 7709 244161‬,Friday,19,
1264,04/07/2025,19:04:52,2025-07-04T18:04:52.000Z,~ Ellis P,Friday,19,
1265,04/07/2025,19:05:33,2025-07-04T18:05:33.000Z,Laily Breen,Friday,19,
1266,04/07/2025,19:30:39,2025-07-04T18:30:39.000Z,‪+44 7305 124955‬,Friday,19,
1267,04/07/2025,19:41:45,2025-07-04T18:41:45.000Z,~ Ellis P,Friday,19,
1268,04/07/2025,19:53:02,2025-07-04T18:53:02.000Z,~ Bobby Burnand,Friday,19,
1269,04/07/2025,20:05:12,2025-07-04T19:05:12.000Z,‪+44 7480 285349‬,Friday,20,
1270,04/07/2025,20:05:30,2025-07-04T19:05:30.000Z,~ Sean,Friday,20,
1271,04/07/2025,20:13:38,2025-07-04T19:13:38.000Z,~ Bobby Burnand,Friday,20,
1272,04/07/2025,20:16:56,2025-07-04T19:16:56.000Z,‪+44 7305 124955‬,Friday,20,
1273,04/07/2025,20:21:49,2025-07-04T19:21:49.000Z,‪+353 83 876 4861‬,Friday,20,
1274,04/07/2025,20:23:36,2025-07-04T19:23:36.000Z,Flo Lewis,Friday,20,
1275,04/07/2025,20:42:32,2025-07-04T19:42:32.000Z,Abby Khalifeh,Friday,20,
1276,04/07/2025,21:13:56,2025-07-04T20:13:56.000Z,‪+44 7305 124955‬,Friday,21,
1277,04/07/2025,21:15:47,2025-07-04T20:15:47.000Z,~ Ellis P,Friday,21,
1278,04/07/2025,21:21:41,2025-07-04T20:21:41.000Z,‪+44 7480 285349‬,Friday,21,
1279,04/07/2025,21:22:58,2025-07-04T20:22:58.000Z,~ Sean,Friday,21,
1280,04/07/2025,21:32:24,2025-07-04T20:32:24.000Z,~ Will Anderson,Friday,21,
1281,04/07/2025,21:33:19,2025-07-04T20:33:19.000Z,Anya Trevor-Palleres,Friday,21,
1282,04/07/2025,21:41:59,2025-07-04T20:41:59.000Z,~ Max Evans,Friday,21,
1283,04/07/2025,21:44:24,2025-07-04T20:44:24.000Z,‪+44 7709 244161‬,Friday,21,
1284,04/07/2025,21:52:58,2025-07-04T20:52:58.000Z,Abby Khalifeh,Friday,21,
1285,04/07/2025,22:13:07,2025-07-04T21:13:07.000Z,‪+44 7305 124955‬,Friday,22,
1286,04/07/2025,22:20:06,2025-07-04T21:20:06.000Z,‪+44 7794 088735‬,Friday,22,
1287,04/07/2025,22:32:26,2025-07-04T21:32:26.000Z,~ Will Anderson,Friday,22,
1288,04/07/2025,22:39:15,2025-07-04T21:39:15.000Z,~ Max Evans,Friday,22,
1289,04/07/2025,22:53:08,2025-07-04T21:53:08.000Z,Anya Trevor-Palleres,Friday,22,
1290,04/07/2025,22:54:39,2025-07-04T21:54:39.000Z,Anya Trevor-Palleres,Friday,22,
1291,04/07/2025,23:23:35,2025-07-04T22:23:35.000Z,‪+44 7794 088735‬,Friday,23,
1292,05/07/2025,06:06:11,2025-07-05T05:06:11.000Z,Georgia Jones,Saturday,6,
1293,05/07/2025,06:56:26,2025-07-05T05:56:26.000Z,Georgia Jones,Saturday,6,
1294,05/07/2025,09:10:01,2025-07-05T08:10:01.000Z,Georgia Jones,Saturday,9,
1295,05/07/2025,10:28:18,2025-07-05T09:28:18.000Z,Annabel Anderson,Saturday,10,
1296,05/07/2025,10:40:39,2025-07-05T09:40:39.000Z,~ Will Anderson,Saturday,10,
1297,05/07/2025,10:57:03,2025-07-05T09:57:03.000Z,Georgia Jones,Saturday,10,
1298,05/07/2025,11:57:59,2025-07-05T10:57:59.000Z,Jakey Breen,Saturday,11,
1299,05/07/2025,12:17:52,2025-07-05T11:17:52.000Z,Jakey Breen,Saturday,12,
1300,05/07/2025,12:24:32,2025-07-05T11:24:32.000Z,Flo Lewis,Saturday,12,
1301,05/07/2025,12:29:57,2025-07-05T11:29:57.000Z,Jakey Breen,Saturday,12,
1302,05/07/2025,12:38:47,2025-07-05T11:38:47.000Z,Millie Brooke,Saturday,12,
1303,05/07/2025,12:48:38,2025-07-05T11:48:38.000Z,Shay,Saturday,12,
1304,05/07/2025,12:53:11,2025-07-05T11:53:11.000Z,Flo Lewis,Saturday,12,
1305,05/07/2025,13:00:17,2025-07-05T12:00:17.000Z,Hannah Page,Saturday,13,
1306,05/07/2025,13:02:55,2025-07-05T12:02:55.000Z,Bella Cain,Saturday,13,
1307,05/07/2025,13:26:57,2025-07-05T12:26:57.000Z,Flo Lewis,Saturday,13,
1308,05/07/2025,13:27:58,2025-07-05T12:27:58.000Z,Hannah Page,Saturday,13,
1309,05/07/2025,13:47:45,2025-07-05T12:47:45.000Z,Conall Caverly,Saturday,13,
1310,05/07/2025,13:48:07,2025-07-05T12:48:07.000Z,Bella Cain,Saturday,13,
1311,05/07/2025,13:53:08,2025-07-05T12:53:08.000Z,Jakey Breen,Saturday,13,
1312,05/07/2025,14:03:44,2025-07-05T13:03:44.000Z,Millie Brooke,Saturday,14,
1313,05/07/2025,14:14:39,2025-07-05T13:14:39.000Z,‪+353 83 876 4861‬,Saturday,14,
1314,05/07/2025,14:24:07,2025-07-05T13:24:07.000Z,Hannah Page,Saturday,14,
1315,05/07/2025,15:00:34,2025-07-05T14:00:34.000Z,Eleanor Cowell,Saturday,15,
1316,05/07/2025,15:09:44,2025-07-05T14:09:44.000Z,Harriet,Saturday,15,
1317,05/07/2025,15:40:21,2025-07-05T14:40:21.000Z,Hannah Page,Saturday,15,
1318,05/07/2025,16:05:57,2025-07-05T15:05:57.000Z,~ Harry,Saturday,16,
1319,05/07/2025,16:09:44,2025-07-05T15:09:44.000Z,‪+44 7305 124955‬,Saturday,16,
1320,05/07/2025,16:21:39,2025-07-05T15:21:39.000Z,~ Harry,Saturday,16,
1321,05/07/2025,16:24:30,2025-07-05T15:24:30.000Z,~ Harry,Saturday,16,
1322,05/07/2025,16:26:20,2025-07-05T15:26:20.000Z,Caitlin Driscoll,Saturday,16,
1323,05/07/2025,16:32:43,2025-07-05T15:32:43.000Z,~ Ellis P,Saturday,16,
1324,05/07/2025,16:55:20,2025-07-05T15:55:20.000Z,Hannah Page,Saturday,16,
1325,05/07/2025,16:56:04,2025-07-05T15:56:04.000Z,Annabel Anderson,Saturday,16,
1326,05/07/2025,17:07:19,2025-07-05T16:07:19.000Z,‪+44 7501 062670‬,Saturday,17,
1327,05/07/2025,17:07:55,2025-07-05T16:07:55.000Z,‪+44 7305 124955‬,Saturday,17,
1328,05/07/2025,17:10:40,2025-07-05T16:10:40.000Z,~ Harry,Saturday,17,
1329,05/07/2025,17:12:53,2025-07-05T16:12:53.000Z,Anya Trevor-Palleres,Saturday,17,
1330,05/07/2025,17:19:17,2025-07-05T16:19:17.000Z,~ Sean,Saturday,17,
1331,05/07/2025,17:22:31,2025-07-05T16:22:31.000Z,‪+44 7530 856137‬,Saturday,17,
1332,05/07/2025,17:26:25,2025-07-05T16:26:25.000Z,Eleanor Cowell,Saturday,17,
1333,05/07/2025,17:50:46,2025-07-05T16:50:46.000Z,~ Ellis P,Saturday,17,
1334,05/07/2025,18:14:00,2025-07-05T17:14:00.000Z,‪+44 7305 124955‬,Saturday,18,
1335,05/07/2025,18:16:30,2025-07-05T17:16:30.000Z,~ Harry,Saturday,18,
1336,05/07/2025,18:23:03,2025-07-05T17:23:03.000Z,~ Ellis P,Saturday,18,
1337,05/07/2025,18:26:05,2025-07-05T17:26:05.000Z,~ Dan Dolderson,Saturday,18,
1338,05/07/2025,18:30:31,2025-07-05T17:30:31.000Z,~ Jordan Newman,Saturday,18,
1339,05/07/2025,18:46:38,2025-07-05T17:46:38.000Z,~ Max Evans,Saturday,18,
1340,05/07/2025,18:50:20,2025-07-05T17:50:20.000Z,~ Maddie,Saturday,18,
1341,05/07/2025,18:55:24,2025-07-05T17:55:24.000Z,~ Sean,Saturday,18,
1342,05/07/2025,19:03:06,2025-07-05T18:03:06.000Z,Hannah Page,Saturday,19,
1343,05/07/2025,19:08:28,2025-07-05T18:08:28.000Z,~ Will Anderson,Saturday,19,
1344,05/07/2025,19:09:39,2025-07-05T18:09:39.000Z,Grace,Saturday,19,
1345,05/07/2025,19:30:31,2025-07-05T18:30:31.000Z,~ Jake Rooney,Saturday,19,
1346,05/07/2025,19:30:46,2025-07-05T18:30:46.000Z,~ Max Evans,Saturday,19,
1347,05/07/2025,19:40:42,2025-07-05T18:40:42.000Z,Laily Breen,Saturday,19,
1348,05/07/2025,19:43:29,2025-07-05T18:43:29.000Z,‪+44 7305 124955‬,Saturday,19,
1349,05/07/2025,20:10:58,2025-07-05T19:10:58.000Z,‪+44 7530 856137‬,Saturday,20,
1350,05/07/2025,20:24:35,2025-07-05T19:24:35.000Z,‪+44 7501 062670‬,Saturday,20,
1351,05/07/2025,20:26:37,2025-07-05T19:26:37.000Z,~ Maddie,Saturday,20,
1352,05/07/2025,21:12:44,2025-07-05T20:12:44.000Z,~ Max Evans,Saturday,21,
1353,05/07/2025,21:15:52,2025-07-05T20:15:52.000Z,Caitlin Driscoll,Saturday,21,
1354,05/07/2025,21:28:36,2025-07-05T20:28:36.000Z,‪+44 7888 607778‬,Saturday,21,
1355,05/07/2025,21:35:04,2025-07-05T20:35:04.000Z,‪+44 7402 796848‬,Saturday,21,
1356,05/07/2025,22:13:33,2025-07-05T21:13:33.000Z,Anya Trevor-Palleres,Saturday,22,
1357,05/07/2025,23:28:58,2025-07-05T22:28:58.000Z,‪+44 7473 275286‬,Saturday,23,
1358,06/07/2025,02:00:12,2025-07-06T01:00:12.000Z,‪+353 83 876 4861‬,Sunday,2,
1359,06/07/2025,02:03:13,2025-07-06T01:03:13.000Z,Eleanor Cowell,Sunday,2,
1360,06/07/2025,12:09:53,2025-07-06T11:09:53.000Z,Shay,Sunday,12,
1361,06/07/2025,12:45:06,2025-07-06T11:45:06.000Z,Jakey Breen,Sunday,12,
1362,06/07/2025,12:45:22,2025-07-06T11:45:22.000Z,Shay,Sunday,12,
1363,06/07/2025,13:25:58,2025-07-06T12:25:58.000Z,Annabel Anderson,Sunday,13,
1364,06/07/2025,14:37:19,2025-07-06T13:37:19.000Z,~ Owen,Sunday,14,
1365,06/07/2025,14:50:25,2025-07-06T13:50:25.000Z,‪+44 7400 542560‬,Sunday,14,
1366,06/07/2025,14:59:52,2025-07-06T13:59:52.000Z,~ Jordan Newman,Sunday,14,
1367,06/07/2025,15:13:20,2025-07-06T14:13:20.000Z,Abby Khalifeh,Sunday,15,
1368,06/07/2025,15:38:48,2025-07-06T14:38:48.000Z,Abby Khalifeh,Sunday,15,
1369,06/07/2025,16:04:36,2025-07-06T15:04:36.000Z,~ Gareth Tainton,Sunday,16,
1370,06/07/2025,16:10:39,2025-07-06T15:10:39.000Z,Abby Khalifeh,Sunday,16,
1371,06/07/2025,16:19:39,2025-07-06T15:19:39.000Z,Shay,Sunday,16,
1372,06/07/2025,16:26:46,2025-07-06T15:26:46.000Z,~ Brett,Sunday,16,
1373,06/07/2025,17:00:13,2025-07-06T16:00:13.000Z,Abby Khalifeh,Sunday,17,
1374,06/07/2025,17:02:08,2025-07-06T16:02:08.000Z,Jakey Breen,Sunday,17,
1375,06/07/2025,17:13:28,2025-07-06T16:13:28.000Z,~ Brett,Sunday,17,
1376,06/07/2025,17:15:55,2025-07-06T16:15:55.000Z,‪+44 7402 796848‬,Sunday,17,
1377,06/07/2025,17:20:46,2025-07-06T16:20:46.000Z,~ Gareth Tainton,Sunday,17,
1378,06/07/2025,17:51:02,2025-07-06T16:51:02.000Z,~ Sean,Sunday,17,
1379,06/07/2025,17:59:08,2025-07-06T16:59:08.000Z,Abby Khalifeh,Sunday,17,
1380,06/07/2025,17:59:40,2025-07-06T16:59:40.000Z,‪+44 7402 796848‬,Sunday,17,
1381,06/07/2025,18:21:10,2025-07-06T17:21:10.000Z,Shay,Sunday,18,
1382,06/07/2025,18:35:50,2025-07-06T17:35:50.000Z,Abby Khalifeh,Sunday,18,
1383,06/07/2025,18:48:55,2025-07-06T17:48:55.000Z,‪+44 7402 796848‬,Sunday,18,
1384,06/07/2025,18:50:33,2025-07-06T17:50:33.000Z,~ Brett,Sunday,18,
1385,06/07/2025,18:52:09,2025-07-06T17:52:09.000Z,Caitlin Driscoll,Sunday,18,
1386,06/07/2025,18:58:40,2025-07-06T17:58:40.000Z,~ Sean,Sunday,18,
1387,06/07/2025,19:12:56,2025-07-06T18:12:56.000Z,Abby Khalifeh,Sunday,19,
1388,06/07/2025,19:16:51,2025-07-06T18:16:51.000Z,Shay,Sunday,19,
1389,06/07/2025,19:33:41,2025-07-06T18:33:41.000Z,Jakey Breen,Sunday,19,
1390,06/07/2025,19:50:30,2025-07-06T18:50:30.000Z,~ Sean,Sunday,19,
1391,06/07/2025,20:03:13,2025-07-06T19:03:13.000Z,Shay,Sunday,20,
1392,06/07/2025,20:05:53,2025-07-06T19:05:53.000Z,‪+44 7402 796848‬,Sunday,20,
1393,06/07/2025,20:28:27,2025-07-06T19:28:27.000Z,Laily Breen,Sunday,20,
1394,06/07/2025,20:36:14,2025-07-06T19:36:14.000Z,Abby Khalifeh,Sunday,20,
1395,06/07/2025,20:45:52,2025-07-06T19:45:52.000Z,Shay,Sunday,20,
1396,06/07/2025,21:04:27,2025-07-06T20:04:27.000Z,Jakey Breen,Sunday,21,
1397,06/07/2025,21:12:04,2025-07-06T20:12:04.000Z,~ Maddie,Sunday,21,
1398,06/07/2025,21:12:24,2025-07-06T20:12:24.000Z,Laily Breen,Sunday,21,
1399,06/07/2025,21:27:05,2025-07-06T20:27:05.000Z,Shay,Sunday,21,
1400,06/07/2025,21:33:03,2025-07-06T20:33:03.000Z,~ Ellis P,Sunday,21,
1401,06/07/2025,21:55:52,2025-07-06T20:55:52.000Z,Shay,Sunday,21,
1402,06/07/2025,22:09:28,2025-07-06T21:09:28.000Z,Flo Lewis,Sunday,22,
1403,06/07/2025,22:21:53,2025-07-06T21:21:53.000Z,Jakey Breen,Sunday,22,
1404,07/07/2025,12:45:01,2025-07-07T11:45:01.000Z,Jakey Breen,Monday,12,
1405,07/07/2025,14:58:30,2025-07-07T13:58:30.000Z,Shay,Monday,14,
1406,07/07/2025,15:15:37,2025-07-07T14:15:37.000Z,Jakey Breen,Monday,15,
1407,07/07/2025,15:57:36,2025-07-07T14:57:36.000Z,Shay,Monday,15,
1408,07/07/2025,16:56:42,2025-07-07T15:56:42.000Z,Jakey Breen,Monday,16,
1409,07/07/2025,17:30:19,2025-07-07T16:30:19.000Z,Shay,Monday,17,
1410,07/07/2025,18:36:15,2025-07-07T17:36:15.000Z,~ Ellis P,Monday,18,
1411,07/07/2025,19:02:53,2025-07-07T18:02:53.000Z,Shay,Monday,19,
1412,07/07/2025,19:07:27,2025-07-07T18:07:27.000Z,~ Ellis P,Monday,19,
1413,07/07/2025,20:17:31,2025-07-07T19:17:31.000Z,Shay,Monday,20,
1414,07/07/2025,20:25:42,2025-07-07T19:25:42.000Z,Shay,Monday,20,
1415,07/07/2025,20:27:40,2025-07-07T19:27:40.000Z,~ Maddie,Monday,20,
1416,07/07/2025,20:45:45,2025-07-07T19:45:45.000Z,Shay,Monday,20,
1417,07/07/2025,21:03:48,2025-07-07T20:03:48.000Z,‪+44 7305 124955‬,Monday,21,
1418,07/07/2025,21:49:16,2025-07-07T20:49:16.000Z,Shay,Monday,21,
1419,08/07/2025,11:18:11,2025-07-08T10:18:11.000Z,‪+44 7305 124955‬,Tuesday,11,
1420,08/07/2025,13:06:51,2025-07-08T12:06:51.000Z,~ Brett,Tuesday,13,
1421,08/07/2025,13:33:04,2025-07-08T12:33:04.000Z,~ Ben,Tuesday,13,
1422,08/07/2025,13:39:08,2025-07-08T12:39:08.000Z,Shay,Tuesday,13,
1423,08/07/2025,15:15:19,2025-07-08T14:15:19.000Z,‪+44 7305 124955‬,Tuesday,15,
1424,08/07/2025,15:38:04,2025-07-08T14:38:04.000Z,‪+44 7841 958283‬,Tuesday,15,
1425,08/07/2025,15:57:54,2025-07-08T14:57:54.000Z,‪+44 7305 124955‬,Tuesday,15,
1426,08/07/2025,17:09:08,2025-07-08T16:09:08.000Z,‪+44 7305 124955‬,Tuesday,17,
1427,08/07/2025,18:13:30,2025-07-08T17:13:30.000Z,Bella Cain,Tuesday,18,
1428,08/07/2025,18:19:49,2025-07-08T17:19:49.000Z,~ Maddie,Tuesday,18,
1429,08/07/2025,18:28:02,2025-07-08T17:28:02.000Z,Annabel Anderson,Tuesday,18,
1430,08/07/2025,18:36:31,2025-07-08T17:36:31.000Z,~ Maddie,Tuesday,18,
1431,08/07/2025,18:43:31,2025-07-08T17:43:31.000Z,Bella Cain,Tuesday,18,
1432,08/07/2025,18:50:34,2025-07-08T17:50:34.000Z,~ Ellis P,Tuesday,18,
1433,08/07/2025,18:51:08,2025-07-08T17:51:08.000Z,‪+44 7480 285349‬,Tuesday,18,
1434,08/07/2025,18:54:10,2025-07-08T17:54:10.000Z,Hannah Page,Tuesday,18,
1435,08/07/2025,18:59:56,2025-07-08T17:59:56.000Z,~ Maddie,Tuesday,18,
1436,08/07/2025,19:00:52,2025-07-08T18:00:52.000Z,Millie Brooke,Tuesday,19,
1437,08/07/2025,19:26:37,2025-07-08T18:26:37.000Z,Harriet,Tuesday,19,
1438,08/07/2025,19:30:24,2025-07-08T18:30:24.000Z,Hannah Page,Tuesday,19,
1439,08/07/2025,19:46:11,2025-07-08T18:46:11.000Z,Bella Cain,Tuesday,19,
1440,08/07/2025,19:46:46,2025-07-08T18:46:46.000Z,Shay,Tuesday,19,
1441,08/07/2025,20:00:39,2025-07-08T19:00:39.000Z,Hannah Page,Tuesday,20,
1442,08/07/2025,20:01:42,2025-07-08T19:01:42.000Z,Anya Trevor-Palleres,Tuesday,20,
1443,08/07/2025,20:07:46,2025-07-08T19:07:46.000Z,Indie Driscoll,Tuesday,20,
1444,08/07/2025,20:16:10,2025-07-08T19:16:10.000Z,Annabel Anderson,Tuesday,20,
1445,08/07/2025,20:37:37,2025-07-08T19:37:37.000Z,Abby Khalifeh,Tuesday,20,
1446,08/07/2025,20:38:00,2025-07-08T19:38:00.000Z,Annabel Anderson,Tuesday,20,
1447,08/07/2025,20:40:30,2025-07-08T19:40:30.000Z,‪+44 7501 062670‬,Tuesday,20,
1448,08/07/2025,20:41:42,2025-07-08T19:41:42.000Z,Jakey Breen,Tuesday,20,
1449,08/07/2025,21:13:50,2025-07-08T20:13:50.000Z,Abby Khalifeh,Tuesday,21,
1450,08/07/2025,21:52:46,2025-07-08T20:52:46.000Z,~ Ellis P,Tuesday,21,
1451,08/07/2025,22:40:26,2025-07-08T21:40:26.000Z,~ Ellis P,Tuesday,22,
1452,08/07/2025,22:53:51,2025-07-08T21:53:51.000Z,Flo Lewis,Tuesday,22,
1453,09/07/2025,00:50:47,2025-07-08T23:50:47.000Z,Millie Brooke,Wednesday,0,
1454,09/07/2025,00:58:06,2025-07-08T23:58:06.000Z,‪+44 7305 124955‬,Wednesday,0,
1455,09/07/2025,01:26:28,2025-07-09T00:26:28.000Z,‪+44 7305 124955‬,Wednesday,1,
1456,09/07/2025,08:54:28,2025-07-09T07:54:28.000Z,‪+44 7305 124955‬,Wednesday,8,
1457,09/07/2025,09:26:46,2025-07-09T08:26:46.000Z,‪+44 7305 124955‬,Wednesday,9,
1458,09/07/2025,11:12:38,2025-07-09T10:12:38.000Z,‪+44 7305 124955‬,Wednesday,11,
1459,09/07/2025,11:57:46,2025-07-09T10:57:46.000Z,‪+44 7305 124955‬,Wednesday,11,
1460,09/07/2025,12:56:40,2025-07-09T11:56:40.000Z,‪+44 7305 124955‬,Wednesday,12,
1461,09/07/2025,13:13:12,2025-07-09T12:13:12.000Z,‪+44 7305 124955‬,Wednesday,13,
1462,09/07/2025,13:24:30,2025-07-09T12:24:30.000Z,‪+44 7305 124955‬,Wednesday,13,
1463,09/07/2025,13:48:31,2025-07-09T12:48:31.000Z,‪+44 7305 124955‬,Wednesday,13,
1464,09/07/2025,13:58:35,2025-07-09T12:58:35.000Z,‪+44 7841 958283‬,Wednesday,13,
1465,09/07/2025,14:13:07,2025-07-09T13:13:07.000Z,‪+44 7305 124955‬,Wednesday,14,
1466,09/07/2025,14:32:49,2025-07-09T13:32:49.000Z,‪+44 7305 124955‬,Wednesday,14,
1467,09/07/2025,15:21:36,2025-07-09T14:21:36.000Z,‪+44 7305 124955‬,Wednesday,15,
1468,09/07/2025,16:14:25,2025-07-09T15:14:25.000Z,‪+44 7305 124955‬,Wednesday,16,
1469,09/07/2025,18:06:10,2025-07-09T17:06:10.000Z,‪+44 7950 665167‬,Wednesday,18,
1470,09/07/2025,18:07:01,2025-07-09T17:07:01.000Z,‪+44 7557 195497‬,Wednesday,18,
1471,09/07/2025,18:07:23,2025-07-09T17:07:23.000Z,‪+44 7469 191224‬,Wednesday,18,
1472,09/07/2025,18:08:42,2025-07-09T17:08:42.000Z,‪+44 7562 547756‬,Wednesday,18,
1473,09/07/2025,18:12:19,2025-07-09T17:12:19.000Z,‪+44 7305 124955‬,Wednesday,18,
1474,09/07/2025,18:45:43,2025-07-09T17:45:43.000Z,~ Maddie,Wednesday,18,
1475,09/07/2025,18:54:54,2025-07-09T17:54:54.000Z,‪+44 7305 124955‬,Wednesday,18,
1476,09/07/2025,19:20:54,2025-07-09T18:20:54.000Z,Abby Khalifeh,Wednesday,19,
1477,09/07/2025,19:41:50,2025-07-09T18:41:50.000Z,~ Kalum Doohan,Wednesday,19,
1478,09/07/2025,20:14:20,2025-07-09T19:14:20.000Z,Shay,Wednesday,20,
1479,09/07/2025,20:18:20,2025-07-09T19:18:20.000Z,Jakey Breen,Wednesday,20,
1480,09/07/2025,21:05:39,2025-07-09T20:05:39.000Z,‪+44 7469 191224‬,Wednesday,21,
1481,09/07/2025,21:06:43,2025-07-09T20:06:43.000Z,‪+44 7950 665167‬,Wednesday,21,
1482,09/07/2025,22:29:23,2025-07-09T21:29:23.000Z,Abby Khalifeh,Wednesday,22,
1483,09/07/2025,23:32:52,2025-07-09T22:32:52.000Z,~ Ellis P,Wednesday,23,
1484,10/07/2025,00:36:52,2025-07-09T23:36:52.000Z,‪+44 7794 389019‬,Thursday,0,
1485,10/07/2025,08:08:11,2025-07-10T07:08:11.000Z,‪+44 7305 124955‬,Thursday,8,
1486,10/07/2025,08:36:14,2025-07-10T07:36:14.000Z,‪+44 7305 124955‬,Thursday,8,
1487,10/07/2025,09:04:01,2025-07-10T08:04:01.000Z,‪+44 7305 124955‬,Thursday,9,
1488,10/07/2025,09:40:28,2025-07-10T08:40:28.000Z,‪+44 7305 124955‬,Thursday,9,
1489,10/07/2025,10:18:52,2025-07-10T09:18:52.000Z,‪+44 7305 124955‬,Thursday,10,
1490,10/07/2025,10:56:39,2025-07-10T09:56:39.000Z,‪+44 7305 124955‬,Thursday,10,
1491,10/07/2025,11:21:56,2025-07-10T10:21:56.000Z,‪+44 7305 124955‬,Thursday,11,
1492,10/07/2025,11:52:08,2025-07-10T10:52:08.000Z,‪+44 7305 124955‬,Thursday,11,
1493,10/07/2025,13:13:04,2025-07-10T12:13:04.000Z,‪+44 7305 124955‬,Thursday,13,
1494,10/07/2025,13:19:16,2025-07-10T12:19:16.000Z,~ Sean,Thursday,13,
1495,10/07/2025,13:50:01,2025-07-10T12:50:01.000Z,Georgia Jones,Thursday,13,
1496,10/07/2025,13:56:51,2025-07-10T12:56:51.000Z,Jakey Breen,Thursday,13,
1497,10/07/2025,14:14:15,2025-07-10T13:14:15.000Z,Shay,Thursday,14,
1498,10/07/2025,14:15:36,2025-07-10T13:15:36.000Z,‪+44 7305 124955‬,Thursday,14,
1499,10/07/2025,14:31:47,2025-07-10T13:31:47.000Z,‪+44 7305 124955‬,Thursday,14,
1500,10/07/2025,14:43:19,2025-07-10T13:43:19.000Z,‪+44 7305 124955‬,Thursday,14,
1501,10/07/2025,14:54:56,2025-07-10T13:54:56.000Z,‪+44 7506 586087‬,Thursday,14,
1502,10/07/2025,15:00:27,2025-07-10T14:00:27.000Z,Shay,Thursday,15,
1503,10/07/2025,15:07:55,2025-07-10T14:07:55.000Z,Annabel Anderson,Thursday,15,
1504,10/07/2025,15:16:07,2025-07-10T14:16:07.000Z,‪+44 7305 124955‬,Thursday,15,
1505,10/07/2025,15:37:09,2025-07-10T14:37:09.000Z,‪+44 7506 586087‬,Thursday,15,
1506,10/07/2025,15:48:47,2025-07-10T14:48:47.000Z,Annabel Anderson,Thursday,15,
1507,10/07/2025,16:03:09,2025-07-10T15:03:09.000Z,‪+44 7305 124955‬,Thursday,16,
1508,10/07/2025,16:16:55,2025-07-10T15:16:55.000Z,Annabel Anderson,Thursday,16,
1509,10/07/2025,16:22:40,2025-07-10T15:22:40.000Z,Lottie Passmore,Thursday,16,
1510,10/07/2025,16:34:08,2025-07-10T15:34:08.000Z,‪+44 7305 124955‬,Thursday,16,
1511,10/07/2025,16:45:39,2025-07-10T15:45:39.000Z,~ Brett,Thursday,16,
1512,10/07/2025,17:00:49,2025-07-10T16:00:49.000Z,Shay,Thursday,17,
1513,10/07/2025,17:02:47,2025-07-10T16:02:47.000Z,Jakey Breen,Thursday,17,
1514,10/07/2025,17:09:14,2025-07-10T16:09:14.000Z,Lottie Passmore,Thursday,17,
1515,10/07/2025,17:21:39,2025-07-10T16:21:39.000Z,~ Brett,Thursday,17,
1516,10/07/2025,17:23:01,2025-07-10T16:23:01.000Z,Abby Khalifeh,Thursday,17,
1517,10/07/2025,17:29:30,2025-07-10T16:29:30.000Z,Shay,Thursday,17,
1518,10/07/2025,17:49:51,2025-07-10T16:49:51.000Z,Caitlin Driscoll,Thursday,17,
1519,10/07/2025,17:50:33,2025-07-10T16:50:33.000Z,Abby Khalifeh,Thursday,17,
1520,10/07/2025,17:52:53,2025-07-10T16:52:53.000Z,‪+44 7506 586087‬,Thursday,17,
1521,10/07/2025,17:55:39,2025-07-10T16:55:39.000Z,Shay,Thursday,17,
1522,10/07/2025,17:57:03,2025-07-10T16:57:03.000Z,‪+44 7305 124955‬,Thursday,17,
1523,10/07/2025,18:20:46,2025-07-10T17:20:46.000Z,~ Max Evans,Thursday,18,
1524,10/07/2025,18:21:43,2025-07-10T17:21:43.000Z,Abby Khalifeh,Thursday,18,
1525,10/07/2025,18:27:17,2025-07-10T17:27:17.000Z,~ Brett,Thursday,18,
1526,10/07/2025,18:47:29,2025-07-10T17:47:29.000Z,Annabel Anderson,Thursday,18,
1527,10/07/2025,18:59:55,2025-07-10T17:59:55.000Z,Shay,Thursday,18,
1528,10/07/2025,19:00:12,2025-07-10T18:00:12.000Z,‪+44 7305 124955‬,Thursday,19,
1529,10/07/2025,19:01:02,2025-07-10T18:01:02.000Z,Hannah Page,Thursday,19,
1530,10/07/2025,19:04:21,2025-07-10T18:04:21.000Z,Abby Khalifeh,Thursday,19,
1531,10/07/2025,19:06:59,2025-07-10T18:06:59.000Z,~ Harry,Thursday,19,
1532,10/07/2025,19:11:30,2025-07-10T18:11:30.000Z,~ Brett,Thursday,19,
1533,10/07/2025,19:28:54,2025-07-10T18:28:54.000Z,‪+44 7501 062670‬,Thursday,19,
1534,10/07/2025,19:30:04,2025-07-10T18:30:04.000Z,Shay,Thursday,19,
1535,10/07/2025,19:36:04,2025-07-10T18:36:04.000Z,~ Max Evans,Thursday,19,
1536,10/07/2025,19:46:39,2025-07-10T18:46:39.000Z,~ Harry,Thursday,19,
1537,10/07/2025,19:46:53,2025-07-10T18:46:53.000Z,~ Brett,Thursday,19,
1538,10/07/2025,20:01:21,2025-07-10T19:01:21.000Z,Indie Driscoll,Thursday,20,
1539,10/07/2025,20:03:29,2025-07-10T19:03:29.000Z,Hannah Page,Thursday,20,
1540,10/07/2025,20:44:06,2025-07-10T19:44:06.000Z,‪+44 7305 124955‬,Thursday,20,
1541,10/07/2025,21:00:48,2025-07-10T20:00:48.000Z,‪+44 7562 547756‬,Thursday,21,
1542,10/07/2025,21:10:16,2025-07-10T20:10:16.000Z,‪+44 7305 124955‬,Thursday,21,
1543,10/07/2025,21:11:47,2025-07-10T20:11:47.000Z,Hannah Page,Thursday,21,
1544,10/07/2025,21:12:52,2025-07-10T20:12:52.000Z,Shay,Thursday,21,
1545,10/07/2025,21:15:40,2025-07-10T20:15:40.000Z,Jakey Breen,Thursday,21,
1546,10/07/2025,21:31:34,2025-07-10T20:31:34.000Z,~ ellie,Thursday,21,
1547,10/07/2025,21:42:52,2025-07-10T20:42:52.000Z,‪+44 7305 124955‬,Thursday,21,
1548,10/07/2025,21:54:42,2025-07-10T20:54:42.000Z,Shay,Thursday,21,
1549,10/07/2025,22:19:01,2025-07-10T21:19:01.000Z,~ Maddie,Thursday,22,
1550,10/07/2025,22:22:18,2025-07-10T21:22:18.000Z,Caolán Walsh,Thursday,22,
1551,11/07/2025,00:19:37,2025-07-10T23:19:37.000Z,~ Maddie,Friday,0,
1552,11/07/2025,00:19:56,2025-07-10T23:19:56.000Z,‪+44 7506 586087‬,Friday,0,
1553,11/07/2025,08:27:29,2025-07-11T07:27:29.000Z,‪+44 7305 124955‬,Friday,8,
1554,11/07/2025,09:51:20,2025-07-11T08:51:20.000Z,‪+44 7305 124955‬,Friday,9,
1555,11/07/2025,10:54:19,2025-07-11T09:54:19.000Z,‪+44 7305 124955‬,Friday,10,
1556,11/07/2025,12:12:21,2025-07-11T11:12:21.000Z,Georgia Jones,Friday,12,
1557,11/07/2025,12:35:27,2025-07-11T11:35:27.000Z,‪+44 7305 124955‬,Friday,12,
1558,11/07/2025,12:43:44,2025-07-11T11:43:44.000Z,Georgia Jones,Friday,12,
1559,11/07/2025,12:49:41,2025-07-11T11:49:41.000Z,‪+44 7305 124955‬,Friday,12,
1560,11/07/2025,14:12:04,2025-07-11T13:12:04.000Z,Annabel Anderson,Friday,14,
1561,11/07/2025,14:22:43,2025-07-11T13:22:43.000Z,‪+44 7305 124955‬,Friday,14,
1562,11/07/2025,14:55:21,2025-07-11T13:55:21.000Z,‪+44 7305 124955‬,Friday,14,
1563,11/07/2025,15:06:24,2025-07-11T14:06:24.000Z,~ Ben,Friday,15,
1564,11/07/2025,15:08:47,2025-07-11T14:08:47.000Z,~ Will Anderson,Friday,15,
1565,11/07/2025,15:42:57,2025-07-11T14:42:57.000Z,‪+44 7305 124955‬,Friday,15,
1566,11/07/2025,15:44:08,2025-07-11T14:44:08.000Z,Anya Trevor-Palleres,Friday,15,
1567,11/07/2025,15:44:40,2025-07-11T14:44:40.000Z,~ Ben,Friday,15,
1568,11/07/2025,16:03:22,2025-07-11T15:03:22.000Z,~ Oscar,Friday,16,
1569,11/07/2025,16:14:22,2025-07-11T15:14:22.000Z,‪+44 7305 124955‬,Friday,16,
1570,11/07/2025,17:02:57,2025-07-11T16:02:57.000Z,Abby Khalifeh,Friday,17,
1571,11/07/2025,17:10:07,2025-07-11T16:10:07.000Z,‪+44 7305 124955‬,Friday,17,
1572,11/07/2025,17:25:18,2025-07-11T16:25:18.000Z,~ Max Evans,Friday,17,
1573,11/07/2025,17:32:04,2025-07-11T16:32:04.000Z,~ Jordan Newman,Friday,17,
1574,11/07/2025,17:33:51,2025-07-11T16:33:51.000Z,‪+44 7305 124955‬,Friday,17,
1575,11/07/2025,18:06:58,2025-07-11T17:06:58.000Z,‪+44 7305 124955‬,Friday,18,
1576,11/07/2025,18:21:49,2025-07-11T17:21:49.000Z,~ Ellis P,Friday,18,
1577,11/07/2025,18:39:25,2025-07-11T17:39:25.000Z,~ Jake Rooney,Friday,18,
1578,11/07/2025,18:48:59,2025-07-11T17:48:59.000Z,~ Brett,Friday,18,
1579,11/07/2025,18:54:05,2025-07-11T17:54:05.000Z,‪+44 7305 124955‬,Friday,18,
1580,11/07/2025,18:55:31,2025-07-11T17:55:31.000Z,~ William Burton,Friday,18,
1581,11/07/2025,18:56:26,2025-07-11T17:56:26.000Z,Lottie Passmore,Friday,18,
1582,11/07/2025,19:17:30,2025-07-11T18:17:30.000Z,~ Brett,Friday,19,
1583,11/07/2025,19:25:26,2025-07-11T18:25:26.000Z,~ Jake Rooney,Friday,19,
1584,11/07/2025,19:25:48,2025-07-11T18:25:48.000Z,Flo Lewis,Friday,19,
1585,11/07/2025,19:45:06,2025-07-11T18:45:06.000Z,Annabel Anderson,Friday,19,
1586,11/07/2025,19:45:53,2025-07-11T18:45:53.000Z,~ William Burton,Friday,19,
1587,11/07/2025,19:49:58,2025-07-11T18:49:58.000Z,~ Sam Ross,Friday,19,
1588,11/07/2025,20:05:03,2025-07-11T19:05:03.000Z,Flo Lewis,Friday,20,
1589,11/07/2025,20:08:31,2025-07-11T19:08:31.000Z,~ Maddie,Friday,20,
1590,11/07/2025,20:10:24,2025-07-11T19:10:24.000Z,‪+44 7470 344146‬,Friday,20,
1591,11/07/2025,20:26:51,2025-07-11T19:26:51.000Z,~ Max Evans,Friday,20,
1592,11/07/2025,20:28:53,2025-07-11T19:28:53.000Z,Flo Lewis,Friday,20,
1593,11/07/2025,20:29:53,2025-07-11T19:29:53.000Z,‪+44 7305 124955‬,Friday,20,
1594,11/07/2025,20:35:30,2025-07-11T19:35:30.000Z,~ Brett,Friday,20,
1595,11/07/2025,20:36:05,2025-07-11T19:36:05.000Z,Indie Driscoll,Friday,20,
1596,11/07/2025,21:03:12,2025-07-11T20:03:12.000Z,Flo Lewis,Friday,21,
1597,11/07/2025,21:03:45,2025-07-11T20:03:45.000Z,Bella Cain,Friday,21,
1598,11/07/2025,21:07:47,2025-07-11T20:07:47.000Z,~ George,Friday,21,
1599,11/07/2025,21:33:57,2025-07-11T20:33:57.000Z,Flo Lewis,Friday,21,
1600,11/07/2025,21:41:36,2025-07-11T20:41:36.000Z,~ Max Evans,Friday,21,
1601,11/07/2025,22:10:39,2025-07-11T21:10:39.000Z,Anya Trevor-Palleres,Friday,22,
1602,11/07/2025,22:15:02,2025-07-11T21:15:02.000Z,~ Max Evans,Friday,22,
1603,11/07/2025,22:20:35,2025-07-11T21:20:35.000Z,Caolán Walsh,Friday,22,
1604,11/07/2025,23:00:11,2025-07-11T22:00:11.000Z,Caolán Walsh,Friday,23,
1605,11/07/2025,23:49:09,2025-07-11T22:49:09.000Z,Conall Caverly,Friday,23,
1606,11/07/2025,23:51:47,2025-07-11T22:51:47.000Z,Eleanor Cowell,Friday,23,
1607,12/07/2025,02:03:01,2025-07-12T01:03:01.000Z,Eleanor Cowell,Saturday,2,
1608,12/07/2025,08:45:43,2025-07-12T07:45:43.000Z,‪+44 7305 124955‬,Saturday,8,
1609,12/07/2025,09:28:59,2025-07-12T08:28:59.000Z,‪+44 7305 124955‬,Saturday,9,
1610,12/07/2025,09:54:41,2025-07-12T08:54:41.000Z,‪+44 7305 124955‬,Saturday,9,
1611,12/07/2025,10:17:02,2025-07-12T09:17:02.000Z,‪+44 7305 124955‬,Saturday,10,
1612,12/07/2025,11:09:45,2025-07-12T10:09:45.000Z,‪+44 7305 124955‬,Saturday,11,
1613,12/07/2025,11:50:57,2025-07-12T10:50:57.000Z,Shay,Saturday,11,
1614,12/07/2025,12:36:51,2025-07-12T11:36:51.000Z,‪+44 7305 124955‬,Saturday,12,
1615,12/07/2025,12:49:16,2025-07-12T11:49:16.000Z,~ Sam Ross,Saturday,12,
1616,12/07/2025,13:32:42,2025-07-12T12:32:42.000Z,Shay,Saturday,13,
1617,12/07/2025,13:49:39,2025-07-12T12:49:39.000Z,‪+44 7305 124955‬,Saturday,13,
1618,12/07/2025,14:00:48,2025-07-12T13:00:48.000Z,Hannah Page,Saturday,14,
1619,12/07/2025,14:27:33,2025-07-12T13:27:33.000Z,~ Sam Ross,Saturday,14,
1620,12/07/2025,14:49:45,2025-07-12T13:49:45.000Z,‪+44 7305 124955‬,Saturday,14,
1621,12/07/2025,15:09:29,2025-07-12T14:09:29.000Z,‪+44 7305 124955‬,Saturday,15,
1622,12/07/2025,15:19:37,2025-07-12T14:19:37.000Z,‪+44 7794 088735‬,Saturday,15,
1623,12/07/2025,15:48:30,2025-07-12T14:48:30.000Z,~ Harry,Saturday,15,
1624,12/07/2025,16:21:50,2025-07-12T15:21:50.000Z,~ Dan Dolderson,Saturday,16,
1625,12/07/2025,16:26:54,2025-07-12T15:26:54.000Z,‪+44 7305 124955‬,Saturday,16,
1626,12/07/2025,16:30:50,2025-07-12T15:30:50.000Z,Bella Cain,Saturday,16,
1627,12/07/2025,16:32:29,2025-07-12T15:32:29.000Z,~ Brett,Saturday,16,
1628,12/07/2025,16:57:10,2025-07-12T15:57:10.000Z,‪+44 7944 486824‬,Saturday,16,
1629,12/07/2025,17:14:37,2025-07-12T16:14:37.000Z,‪+44 7305 124955‬,Saturday,17,
1630,12/07/2025,17:15:12,2025-07-12T16:15:12.000Z,~ Owen,Saturday,17,
1631,12/07/2025,17:43:48,2025-07-12T16:43:48.000Z,Shay,Saturday,17,
1632,12/07/2025,17:53:28,2025-07-12T16:53:28.000Z,~ Ellis P,Saturday,17,
1633,12/07/2025,17:58:10,2025-07-12T16:58:10.000Z,‪+44 7305 124955‬,Saturday,17,
1634,12/07/2025,17:58:54,2025-07-12T16:58:54.000Z,Hannah Page,Saturday,17,
1635,12/07/2025,18:00:01,2025-07-12T17:00:01.000Z,‪+44 7709 244161‬,Saturday,18,
1636,12/07/2025,18:07:22,2025-07-12T17:07:22.000Z,Flo Lewis,Saturday,18,
1637,12/07/2025,18:11:49,2025-07-12T17:11:49.000Z,~ Dan Dolderson,Saturday,18,
1638,12/07/2025,18:27:07,2025-07-12T17:27:07.000Z,~ Sam Ross,Saturday,18,
1639,12/07/2025,18:28:40,2025-07-12T17:28:40.000Z,Jakey Breen,Saturday,18,
1640,12/07/2025,18:34:29,2025-07-12T17:34:29.000Z,~ Maddie,Saturday,18,
1641,12/07/2025,18:35:10,2025-07-12T17:35:10.000Z,Flo Lewis,Saturday,18,
1642,12/07/2025,18:35:38,2025-07-12T17:35:38.000Z,Conall Caverly,Saturday,18,
1643,12/07/2025,18:36:11,2025-07-12T17:36:11.000Z,~ Conor,Saturday,18,
1644,12/07/2025,18:37:47,2025-07-12T17:37:47.000Z,~ Owen,Saturday,18,
1645,12/07/2025,18:56:06,2025-07-12T17:56:06.000Z,Annabel Anderson,Saturday,18,
1646,12/07/2025,18:58:48,2025-07-12T17:58:48.000Z,‪+44 7402 796848‬,Saturday,18,
1647,12/07/2025,18:59:19,2025-07-12T17:59:19.000Z,Hannah Page,Saturday,18,
1648,12/07/2025,18:59:57,2025-07-12T17:59:57.000Z,Hannah Page,Saturday,18,
1649,12/07/2025,19:09:06,2025-07-12T18:09:06.000Z,~ Sam Ross,Saturday,19,
1650,12/07/2025,19:13:51,2025-07-12T18:13:51.000Z,‪+44 7473 275286‬,Saturday,19,
1651,12/07/2025,19:19:33,2025-07-12T18:19:33.000Z,‪+44 7305 124955‬,Saturday,19,
1652,12/07/2025,19:38:17,2025-07-12T18:38:17.000Z,~ Harry,Saturday,19,
1653,12/07/2025,19:38:18,2025-07-12T18:38:18.000Z,‪+44 7841 958283‬,Saturday,19,
1654,12/07/2025,19:42:55,2025-07-12T18:42:55.000Z,‪+44 7530 856137‬,Saturday,19,
1655,12/07/2025,19:45:04,2025-07-12T18:45:04.000Z,Abby Khalifeh,Saturday,19,
1656,12/07/2025,19:46:04,2025-07-12T18:46:04.000Z,‪+44 7305 124955‬,Saturday,19,
1657,12/07/2025,19:51:06,2025-07-12T18:51:06.000Z,~ Conor,Saturday,19,
1658,12/07/2025,19:53:18,2025-07-12T18:53:18.000Z,‪+44 7562 547756‬,Saturday,19,
1659,12/07/2025,19:53:18,2025-07-12T18:53:18.000Z,Jakey Breen,Saturday,19,
1660,12/07/2025,19:53:37,2025-07-12T18:53:37.000Z,Shay,Saturday,19,
1661,12/07/2025,19:54:10,2025-07-12T18:54:10.000Z,‪+44 7402 796848‬,Saturday,19,
1662,12/07/2025,19:54:42,2025-07-12T18:54:42.000Z,‪+44 7767 745032‬,Saturday,19,
1663,12/07/2025,20:00:23,2025-07-12T19:00:23.000Z,‪+44 7473 275286‬,Saturday,20,
1664,12/07/2025,20:13:11,2025-07-12T19:13:11.000Z,Shay,Saturday,20,
1665,12/07/2025,20:13:38,2025-07-12T19:13:38.000Z,Jakey Breen,Saturday,20,
1666,12/07/2025,20:13:44,2025-07-12T19:13:44.000Z,‪+44 7402 796848‬,Saturday,20,
1667,12/07/2025,20:28:34,2025-07-12T19:28:34.000Z,~ Brett,Saturday,20,
1668,12/07/2025,20:29:15,2025-07-12T19:29:15.000Z,~ Harry,Saturday,20,
1669,12/07/2025,20:33:16,2025-07-12T19:33:16.000Z,~ Ellis P,Saturday,20,
1670,12/07/2025,20:35:58,2025-07-12T19:35:58.000Z,‪+44 7501 062670‬,Saturday,20,
1671,12/07/2025,20:36:16,2025-07-12T19:36:16.000Z,~ Maddie,Saturday,20,
1672,12/07/2025,20:44:04,2025-07-12T19:44:04.000Z,‪+44 7305 124955‬,Saturday,20,
1673,12/07/2025,20:48:35,2025-07-12T19:48:35.000Z,~ Kalum Doohan,Saturday,20,
1674,12/07/2025,20:49:31,2025-07-12T19:49:31.000Z,~ Sean,Saturday,20,
1675,12/07/2025,20:51:31,2025-07-12T19:51:31.000Z,Abby Khalifeh,Saturday,20,
1676,12/07/2025,20:55:19,2025-07-12T19:55:19.000Z,Harriet,Saturday,20,
1677,12/07/2025,21:02:27,2025-07-12T20:02:27.000Z,Anya Trevor-Palleres,Saturday,21,
1678,12/07/2025,21:06:41,2025-07-12T20:06:41.000Z,‪+44 7709 244161‬,Saturday,21,
1679,12/07/2025,21:12:59,2025-07-12T20:12:59.000Z,~ Sam Ross,Saturday,21,
1680,12/07/2025,21:17:02,2025-07-12T20:17:02.000Z,~ Maddie,Saturday,21,
1681,12/07/2025,21:17:39,2025-07-12T20:17:39.000Z,~ Harry,Saturday,21,
1682,12/07/2025,21:19:24,2025-07-12T20:19:24.000Z,~ Ellis P,Saturday,21,
1683,12/07/2025,21:26:26,2025-07-12T20:26:26.000Z,Joe Farmer,Saturday,21,
1684,12/07/2025,21:27:41,2025-07-12T20:27:41.000Z,Jakey Breen,Saturday,21,
1685,12/07/2025,21:28:49,2025-07-12T20:28:49.000Z,Indie Driscoll,Saturday,21,
1686,12/07/2025,21:34:55,2025-07-12T20:34:55.000Z,‪+44 7305 124955‬,Saturday,21,
1687,12/07/2025,21:37:32,2025-07-12T20:37:32.000Z,‪+44 7473 275286‬,Saturday,21,
1688,12/07/2025,21:51:17,2025-07-12T20:51:17.000Z,Harriet,Saturday,21,
1689,12/07/2025,22:14:40,2025-07-12T21:14:40.000Z,~ Harry,Saturday,22,
1690,12/07/2025,22:29:48,2025-07-12T21:29:48.000Z,‪+44 7530 856137‬,Saturday,22,
1691,12/07/2025,22:35:21,2025-07-12T21:35:21.000Z,‪+44 7473 275286‬,Saturday,22,
1692,12/07/2025,22:36:33,2025-07-12T21:36:33.000Z,Joe Farmer,Saturday,22,
1693,12/07/2025,22:43:09,2025-07-12T21:43:09.000Z,‪+44 7305 124955‬,Saturday,22,
1694,12/07/2025,22:53:00,2025-07-12T21:53:00.000Z,~ Ellis P,Saturday,22,
1695,12/07/2025,22:56:51,2025-07-12T21:56:51.000Z,~ Thomas Hamilton,Saturday,22,
1696,12/07/2025,23:07:39,2025-07-12T22:07:39.000Z,~ Will Anderson,Saturday,23,
1697,12/07/2025,23:20:49,2025-07-12T22:20:49.000Z,‪+44 7305 124955‬,Saturday,23,
1698,12/07/2025,23:29:09,2025-07-12T22:29:09.000Z,~ Ellis P,Saturday,23,
1699,12/07/2025,23:34:04,2025-07-12T22:34:04.000Z,Annabel Anderson,Saturday,23,
1700,12/07/2025,23:35:13,2025-07-12T22:35:13.000Z,~ Ellis P,Saturday,23,
1701,12/07/2025,23:42:32,2025-07-12T22:42:32.000Z,‪+44 7473 275286‬,Saturday,23,
1702,12/07/2025,23:52:01,2025-07-12T22:52:01.000Z,Jakey Breen,Saturday,23,
1703,12/07/2025,23:54:01,2025-07-12T22:54:01.000Z,‪+44 7305 124955‬,Saturday,23,
1704,12/07/2025,23:59:03,2025-07-12T22:59:03.000Z,Conall Caverly,Saturday,23,
1705,13/07/2025,00:41:04,2025-07-12T23:41:04.000Z,‪+44 7305 124955‬,Sunday,0,
1706,13/07/2025,01:00:19,2025-07-13T00:00:19.000Z,‪+44 7305 124955‬,Sunday,1,
1707,13/07/2025,01:30:12,2025-07-13T00:30:12.000Z,‪+44 7305 124955‬,Sunday,1,
1708,13/07/2025,02:01:09,2025-07-13T01:01:09.000Z,‪+44 7305 124955‬,Sunday,2,
1709,13/07/2025,09:28:42,2025-07-13T08:28:42.000Z,‪+44 7305 124955‬,Sunday,9,
1710,13/07/2025,12:12:09,2025-07-13T11:12:09.000Z,Annabel Anderson,Sunday,12,
1711,13/07/2025,12:53:05,2025-07-13T11:53:05.000Z,Ethan,Sunday,12,
1712,13/07/2025,12:53:49,2025-07-13T11:53:49.000Z,Caitlin Driscoll,Sunday,12,
1713,13/07/2025,12:54:06,2025-07-13T11:54:06.000Z,Annabel Anderson,Sunday,12,
1714,13/07/2025,12:56:24,2025-07-13T11:56:24.000Z,Harriet,Sunday,12,
1715,13/07/2025,12:57:49,2025-07-13T11:57:49.000Z,Indie Driscoll,Sunday,12,
1716,13/07/2025,13:24:10,2025-07-13T12:24:10.000Z,Ethan,Sunday,13,
1717,13/07/2025,13:30:15,2025-07-13T12:30:15.000Z,Indie Driscoll,Sunday,13,
1718,13/07/2025,13:31:21,2025-07-13T12:31:21.000Z,‪+44 7305 124955‬,Sunday,13,
1719,13/07/2025,13:32:06,2025-07-13T12:32:06.000Z,‪+44 7535 948117‬,Sunday,13,
1720,13/07/2025,13:45:06,2025-07-13T12:45:06.000Z,Hannah Page,Sunday,13,
1721,13/07/2025,13:46:49,2025-07-13T12:46:49.000Z,Indie Driscoll,Sunday,13,
1722,13/07/2025,13:53:06,2025-07-13T12:53:06.000Z,‪+44 7535 948117‬,Sunday,13,
1723,13/07/2025,13:58:46,2025-07-13T12:58:46.000Z,Harriet,Sunday,13,
1724,13/07/2025,14:30:30,2025-07-13T13:30:30.000Z,‪+44 7305 124955‬,Sunday,14,
1725,13/07/2025,14:52:25,2025-07-13T13:52:25.000Z,Bella Cain,Sunday,14,
1726,13/07/2025,15:05:53,2025-07-13T14:05:53.000Z,~ Sam Ross,Sunday,15,
1727,13/07/2025,15:13:26,2025-07-13T14:13:26.000Z,Abby Khalifeh,Sunday,15,
1728,13/07/2025,15:14:42,2025-07-13T14:14:42.000Z,Indie Driscoll,Sunday,15,
1729,13/07/2025,15:15:25,2025-07-13T14:15:25.000Z,Flo Lewis,Sunday,15,
1730,13/07/2025,15:28:17,2025-07-13T14:28:17.000Z,Harriet,Sunday,15,
1731,13/07/2025,15:48:35,2025-07-13T14:48:35.000Z,Flo Lewis,Sunday,15,
1732,13/07/2025,15:49:51,2025-07-13T14:49:51.000Z,‪+44 7305 124955‬,Sunday,15,
1733,13/07/2025,15:49:52,2025-07-13T14:49:52.000Z,Harriet,Sunday,15,
1734,13/07/2025,16:13:48,2025-07-13T15:13:48.000Z,Lottie Passmore,Sunday,16,
1735,13/07/2025,16:14:53,2025-07-13T15:14:53.000Z,‪+44 7888 607778‬,Sunday,16,
1736,13/07/2025,16:20:49,2025-07-13T15:20:49.000Z,~ ellie,Sunday,16,
1737,13/07/2025,16:39:47,2025-07-13T15:39:47.000Z,Abby Khalifeh,Sunday,16,
1738,13/07/2025,16:44:54,2025-07-13T15:44:54.000Z,Annabel Anderson,Sunday,16,
1739,13/07/2025,16:48:59,2025-07-13T15:48:59.000Z,~ Max Evans,Sunday,16,
1740,13/07/2025,17:04:31,2025-07-13T16:04:31.000Z,~ Sam Ross,Sunday,17,
1741,13/07/2025,17:08:11,2025-07-13T16:08:11.000Z,‪+44 7557 195497‬,Sunday,17,
1742,13/07/2025,17:12:16,2025-07-13T16:12:16.000Z,‪+44 7709 244161‬,Sunday,17,
1743,13/07/2025,17:12:31,2025-07-13T16:12:31.000Z,Abby Khalifeh,Sunday,17,
1744,13/07/2025,17:19:41,2025-07-13T16:19:41.000Z,Conall Caverly,Sunday,17,
1745,13/07/2025,17:35:20,2025-07-13T16:35:20.000Z,Shay,Sunday,17,
1746,13/07/2025,17:37:43,2025-07-13T16:37:43.000Z,~ Bobby Burnand,Sunday,17,
1747,13/07/2025,17:40:52,2025-07-13T16:40:52.000Z,~ Max Evans,Sunday,17,
1748,13/07/2025,17:50:10,2025-07-13T16:50:10.000Z,~ Conor,Sunday,17,
1749,13/07/2025,18:01:36,2025-07-13T17:01:36.000Z,~ Dan Dolderson,Sunday,18,
1750,13/07/2025,18:13:12,2025-07-13T17:13:12.000Z,‪+44 7305 124955‬,Sunday,18,
1751,13/07/2025,18:14:11,2025-07-13T17:14:11.000Z,‪+44 7709 244161‬,Sunday,18,
1752,13/07/2025,18:24:42,2025-07-13T17:24:42.000Z,Abby Khalifeh,Sunday,18,
1753,13/07/2025,18:31:34,2025-07-13T17:31:34.000Z,Shay,Sunday,18,
1754,13/07/2025,19:05:11,2025-07-13T18:05:11.000Z,Hannah Page,Sunday,19,
1755,13/07/2025,19:10:50,2025-07-13T18:10:50.000Z,Abby Khalifeh,Sunday,19,
1756,13/07/2025,19:11:43,2025-07-13T18:11:43.000Z,‪+44 7709 244161‬,Sunday,19,
1757,13/07/2025,19:53:41,2025-07-13T18:53:41.000Z,‪+44 7305 124955‬,Sunday,19,
1758,13/07/2025,20:13:06,2025-07-13T19:13:06.000Z,~ ellie,Sunday,20,
1759,13/07/2025,20:55:45,2025-07-13T19:55:45.000Z,‪+44 7305 124955‬,Sunday,20,
1760,13/07/2025,21:23:06,2025-07-13T20:23:06.000Z,~ Ellis P,Sunday,21,
1761,13/07/2025,21:23:07,2025-07-13T20:23:07.000Z,~ Ellis P,Sunday,21,
1762,13/07/2025,21:30:06,2025-07-13T20:30:06.000Z,‪+44 7921 584225‬,Sunday,21,
1763,14/07/2025,07:16:29,2025-07-14T06:16:29.000Z,‪+44 7305 124955‬,Monday,7,
1764,14/07/2025,07:58:29,2025-07-14T06:58:29.000Z,‪+44 7305 124955‬,Monday,7,
1765,14/07/2025,08:13:55,2025-07-14T07:13:55.000Z,‪+44 7305 124955‬,Monday,8,
1766,14/07/2025,08:38:24,2025-07-14T07:38:24.000Z,‪+44 7305 124955‬,Monday,8,
1767,14/07/2025,09:06:55,2025-07-14T08:06:55.000Z,‪+44 7305 124955‬,Monday,9,
1768,14/07/2025,09:33:12,2025-07-14T08:33:12.000Z,‪+44 7305 124955‬,Monday,9,
1769,14/07/2025,09:49:32,2025-07-14T08:49:32.000Z,‪+44 7305 124955‬,Monday,9,
1770,14/07/2025,10:35:23,2025-07-14T09:35:23.000Z,‪+44 7305 124955‬,Monday,10,
1771,14/07/2025,10:48:30,2025-07-14T09:48:30.000Z,‪+44 7305 124955‬,Monday,10,
1772,14/07/2025,10:56:08,2025-07-14T09:56:08.000Z,‪+44 7305 124955‬,Monday,10,
1773,14/07/2025,11:31:18,2025-07-14T10:31:18.000Z,‪+44 7305 124955‬,Monday,11,
1774,14/07/2025,12:25:49,2025-07-14T11:25:49.000Z,‪+44 7305 124955‬,Monday,12,
1775,14/07/2025,13:05:19,2025-07-14T12:05:19.000Z,‪+44 7305 124955‬,Monday,13,
1776,14/07/2025,14:32:14,2025-07-14T13:32:14.000Z,Bella Cain,Monday,14,
1777,14/07/2025,14:32:36,2025-07-14T13:32:36.000Z,Flo Lewis,Monday,14,
1778,14/07/2025,14:40:20,2025-07-14T13:40:20.000Z,Shay,Monday,14,
1779,14/07/2025,14:41:55,2025-07-14T13:41:55.000Z,Jakey Breen,Monday,14,
1780,14/07/2025,15:02:54,2025-07-14T14:02:54.000Z,Flo Lewis,Monday,15,
1781,14/07/2025,15:08:58,2025-07-14T14:08:58.000Z,Annabel Anderson,Monday,15,
1782,14/07/2025,15:31:30,2025-07-14T14:31:30.000Z,‪+44 7305 124955‬,Monday,15,
1783,14/07/2025,16:16:27,2025-07-14T15:16:27.000Z,~ Dan Dolderson,Monday,16,
1784,14/07/2025,16:49:13,2025-07-14T15:49:13.000Z,~ Dan Dolderson,Monday,16,
1785,14/07/2025,16:50:45,2025-07-14T15:50:45.000Z,Flo Lewis,Monday,16,
1786,14/07/2025,17:09:08,2025-07-14T16:09:08.000Z,‪+44 7305 124955‬,Monday,17,
1787,14/07/2025,17:23:29,2025-07-14T16:23:29.000Z,Shay,Monday,17,
1788,14/07/2025,17:24:58,2025-07-14T16:24:58.000Z,~ Dan Dolderson,Monday,17,
1789,14/07/2025,17:42:26,2025-07-14T16:42:26.000Z,Caolán Walsh,Monday,17,
1790,14/07/2025,19:00:02,2025-07-14T18:00:02.000Z,Shay,Monday,19,
1791,14/07/2025,19:19:21,2025-07-14T18:19:21.000Z,‪+44 7305 124955‬,Monday,19,
1792,14/07/2025,19:20:12,2025-07-14T18:20:12.000Z,Jakey Breen,Monday,19,
1793,14/07/2025,19:47:33,2025-07-14T18:47:33.000Z,Rebecca White,Monday,19,
1794,14/07/2025,19:48:24,2025-07-14T18:48:24.000Z,~ George,Monday,19,
1795,14/07/2025,19:49:00,2025-07-14T18:49:00.000Z,~ Dan Dolderson,Monday,19,
1796,14/07/2025,20:10:44,2025-07-14T19:10:44.000Z,‪+44 7305 124955‬,Monday,20,
1797,14/07/2025,20:27:08,2025-07-14T19:27:08.000Z,~ Will Anderson,Monday,20,
1798,14/07/2025,20:52:44,2025-07-14T19:52:44.000Z,Millie Brooke,Monday,20,
1799,14/07/2025,21:13:09,2025-07-14T20:13:09.000Z,~ Joe Daniels,Monday,21,
1800,14/07/2025,21:30:04,2025-07-14T20:30:04.000Z,~ Ellis P,Monday,21,
1801,14/07/2025,21:42:05,2025-07-14T20:42:05.000Z,Jakey Breen,Monday,21,
1802,14/07/2025,21:43:46,2025-07-14T20:43:46.000Z,Shay,Monday,21,
1803,14/07/2025,22:12:57,2025-07-14T21:12:57.000Z,~ Will Anderson,Monday,22,
1804,14/07/2025,22:13:06,2025-07-14T21:13:06.000Z,Shay,Monday,22,
1805,14/07/2025,22:16:31,2025-07-14T21:16:31.000Z,Rebecca White,Monday,22,
1806,14/07/2025,22:21:36,2025-07-14T21:21:36.000Z,~ Dan Dolderson,Monday,22,
1807,14/07/2025,23:24:59,2025-07-14T22:24:59.000Z,Millie Brooke,Monday,23,
1808,15/07/2025,07:28:20,2025-07-15T06:28:20.000Z,‪+44 7305 124955‬,Tuesday,7,
1809,15/07/2025,09:49:50,2025-07-15T08:49:50.000Z,‪+44 7557 195497‬,Tuesday,9,
1810,15/07/2025,14:40:08,2025-07-15T13:40:08.000Z,Millie Brooke,Tuesday,14,
1811,15/07/2025,14:55:00,2025-07-15T13:55:00.000Z,Shay,Tuesday,14,
1812,15/07/2025,15:52:32,2025-07-15T14:52:32.000Z,Flo Lewis,Tuesday,15,
1813,15/07/2025,16:00:30,2025-07-15T15:00:30.000Z,Indie Driscoll,Tuesday,16,
1814,15/07/2025,16:10:09,2025-07-15T15:10:09.000Z,Shay,Tuesday,16,
1815,15/07/2025,16:49:51,2025-07-15T15:49:51.000Z,Indie Driscoll,Tuesday,16,
1816,15/07/2025,16:58:03,2025-07-15T15:58:03.000Z,~ Maddie,Tuesday,16,
1817,15/07/2025,17:16:41,2025-07-15T16:16:41.000Z,Shay,Tuesday,17,
1818,15/07/2025,17:39:18,2025-07-15T16:39:18.000Z,Indie Driscoll,Tuesday,17,
1819,15/07/2025,18:09:15,2025-07-15T17:09:15.000Z,Hannah Page,Tuesday,18,
1820,15/07/2025,18:47:03,2025-07-15T17:47:03.000Z,Jakey Breen,Tuesday,18,
1821,15/07/2025,18:56:34,2025-07-15T17:56:34.000Z,Ethan,Tuesday,18,
1822,15/07/2025,19:17:23,2025-07-15T18:17:23.000Z,~ Dan Dolderson,Tuesday,19,
1823,15/07/2025,19:17:49,2025-07-15T18:17:49.000Z,Indie Driscoll,Tuesday,19,
1824,15/07/2025,19:34:25,2025-07-15T18:34:25.000Z,Flo Lewis,Tuesday,19,
1825,15/07/2025,19:36:14,2025-07-15T18:36:14.000Z,~ George,Tuesday,19,
1826,15/07/2025,19:39:36,2025-07-15T18:39:36.000Z,~ Ellis P,Tuesday,19,
1827,15/07/2025,19:44:56,2025-07-15T18:44:56.000Z,~ Maddie,Tuesday,19,
1828,15/07/2025,19:50:07,2025-07-15T18:50:07.000Z,~ George,Tuesday,19,
1829,15/07/2025,20:13:59,2025-07-15T19:13:59.000Z,~ Joe Daniels,Tuesday,20,
1830,15/07/2025,20:20:57,2025-07-15T19:20:57.000Z,~ Harry,Tuesday,20,
1831,15/07/2025,20:23:28,2025-07-15T19:23:28.000Z,Jakey Breen,Tuesday,20,
1832,15/07/2025,20:31:27,2025-07-15T19:31:27.000Z,Flo Lewis,Tuesday,20,
1833,15/07/2025,20:37:50,2025-07-15T19:37:50.000Z,~ Maddie,Tuesday,20,
1834,15/07/2025,20:44:53,2025-07-15T19:44:53.000Z,Shay,Tuesday,20,
1835,15/07/2025,21:11:22,2025-07-15T20:11:22.000Z,Indie Driscoll,Tuesday,21,
1836,15/07/2025,21:46:29,2025-07-15T20:46:29.000Z,Jakey Breen,Tuesday,21,
1837,15/07/2025,21:53:42,2025-07-15T20:53:42.000Z,~ Maddie,Tuesday,21,
1838,15/07/2025,22:22:07,2025-07-15T21:22:07.000Z,Indie Driscoll,Tuesday,22,
1839,15/07/2025,22:44:32,2025-07-15T21:44:32.000Z,‪+44 7593 708903‬,Tuesday,22,
1840,15/07/2025,22:50:21,2025-07-15T21:50:21.000Z,‪+44 7936 059701‬,Tuesday,22,
1841,16/07/2025,11:48:41,2025-07-16T10:48:41.000Z,‪+44 7841 958283‬,Wednesday,11,
1842,16/07/2025,12:22:16,2025-07-16T11:22:16.000Z,‪+44 7841 958283‬,Wednesday,12,
1843,16/07/2025,12:43:47,2025-07-16T11:43:47.000Z,Shay,Wednesday,12,
1844,16/07/2025,13:18:00,2025-07-16T12:18:00.000Z,Shay,Wednesday,13,
1845,16/07/2025,13:35:51,2025-07-16T12:35:51.000Z,Jakey Breen,Wednesday,13,
1846,16/07/2025,14:12:18,2025-07-16T13:12:18.000Z,Shay,Wednesday,14,
1847,16/07/2025,15:58:18,2025-07-16T14:58:18.000Z,‪+44 7473 275286‬,Wednesday,15,
1848,16/07/2025,16:40:56,2025-07-16T15:40:56.000Z,‪+44 7473 275286‬,Wednesday,16,
1849,16/07/2025,16:58:08,2025-07-16T15:58:08.000Z,Shay,Wednesday,16,
1850,16/07/2025,17:28:56,2025-07-16T16:28:56.000Z,~ Dan Dolderson,Wednesday,17,
1851,16/07/2025,17:42:16,2025-07-16T16:42:16.000Z,Shay,Wednesday,17,
1852,16/07/2025,17:56:19,2025-07-16T16:56:19.000Z,~ Dan Dolderson,Wednesday,17,
1853,16/07/2025,18:47:47,2025-07-16T17:47:47.000Z,Shay,Wednesday,18,
1854,16/07/2025,18:51:20,2025-07-16T17:51:20.000Z,~ Justin lewis,Wednesday,18,
1855,16/07/2025,19:00:23,2025-07-16T18:00:23.000Z,Hannah Page,Wednesday,19,
1856,16/07/2025,19:02:31,2025-07-16T18:02:31.000Z,Abby Khalifeh,Wednesday,19,
1857,16/07/2025,19:10:22,2025-07-16T18:10:22.000Z,Jakey Breen,Wednesday,19,
1858,16/07/2025,19:49:06,2025-07-16T18:49:06.000Z,Abby Khalifeh,Wednesday,19,
1859,16/07/2025,19:51:58,2025-07-16T18:51:58.000Z,Millie Brooke,Wednesday,19,
1860,16/07/2025,20:13:54,2025-07-16T19:13:54.000Z,Abby Khalifeh,Wednesday,20,
1861,16/07/2025,20:19:05,2025-07-16T19:19:05.000Z,~ Joe Daniels,Wednesday,20,
1862,16/07/2025,20:20:53,2025-07-16T19:20:53.000Z,Joe Farmer,Wednesday,20,
1863,16/07/2025,20:23:22,2025-07-16T19:23:22.000Z,Eleanor Cowell,Wednesday,20,
1864,16/07/2025,20:28:02,2025-07-16T19:28:02.000Z,Caitlin Driscoll,Wednesday,20,
1865,16/07/2025,20:39:22,2025-07-16T19:39:22.000Z,~ Joe Daniels,Wednesday,20,
1866,16/07/2025,20:51:46,2025-07-16T19:51:46.000Z,Caitlin Driscoll,Wednesday,20,
1867,16/07/2025,21:06:46,2025-07-16T20:06:46.000Z,Flo Lewis,Wednesday,21,
1868,16/07/2025,21:13:58,2025-07-16T20:13:58.000Z,~ Bobby Burnand,Wednesday,21,
1869,16/07/2025,21:28:52,2025-07-16T20:28:52.000Z,~ George,Wednesday,21,
1870,16/07/2025,21:29:27,2025-07-16T20:29:27.000Z,~ Ellis P,Wednesday,21,
1871,16/07/2025,21:32:10,2025-07-16T20:32:10.000Z,~ Maeve,Wednesday,21,
1872,16/07/2025,21:59:27,2025-07-16T20:59:27.000Z,~ Maddie,Wednesday,21,
1873,16/07/2025,22:47:59,2025-07-16T21:47:59.000Z,‪+44 7473 275286‬,Wednesday,22,
1874,16/07/2025,23:02:47,2025-07-16T22:02:47.000Z,~ Bobby Burnand,Wednesday,23,
1875,16/07/2025,23:30:32,2025-07-16T22:30:32.000Z,‪+44 7307 020100‬,Wednesday,23,
1876,16/07/2025,23:33:06,2025-07-16T22:33:06.000Z,~ Bobby Burnand,Wednesday,23,
1877,17/07/2025,00:15:05,2025-07-16T23:15:05.000Z,~ Joe Daniels,Thursday,0,
1878,17/07/2025,12:22:28,2025-07-17T11:22:28.000Z,Georgia Jones,Thursday,12,
1879,17/07/2025,12:58:10,2025-07-17T11:58:10.000Z,Georgia Jones,Thursday,12,
1880,17/07/2025,14:09:52,2025-07-17T13:09:52.000Z,Abby Khalifeh,Thursday,14,
1881,17/07/2025,14:30:54,2025-07-17T13:30:54.000Z,Shay,Thursday,14,
1882,17/07/2025,14:47:56,2025-07-17T13:47:56.000Z,Shay,Thursday,14,
1883,17/07/2025,17:04:26,2025-07-17T16:04:26.000Z,Lottie Passmore,Thursday,17,
1884,17/07/2025,17:04:49,2025-07-17T16:04:49.000Z,Shay,Thursday,17,
1885,17/07/2025,17:40:54,2025-07-17T16:40:54.000Z,~ Dan Dolderson,Thursday,17,
1886,17/07/2025,17:44:49,2025-07-17T16:44:49.000Z,~ Anna,Thursday,17,
1887,17/07/2025,17:50:37,2025-07-17T16:50:37.000Z,Lottie Passmore,Thursday,17,
1888,17/07/2025,17:52:16,2025-07-17T16:52:16.000Z,~ Max Evans,Thursday,17,
1889,17/07/2025,18:08:21,2025-07-17T17:08:21.000Z,Lottie Passmore,Thursday,18,
1890,17/07/2025,18:10:05,2025-07-17T17:10:05.000Z,‪+44 7400 542560‬,Thursday,18,
1891,17/07/2025,18:15:35,2025-07-17T17:15:35.000Z,‪+44 7400 542560‬,Thursday,18,
1892,17/07/2025,18:23:22,2025-07-17T17:23:22.000Z,Indie Driscoll,Thursday,18,
1893,17/07/2025,18:26:57,2025-07-17T17:26:57.000Z,~ Sam Ross,Thursday,18,
1894,17/07/2025,18:51:58,2025-07-17T17:51:58.000Z,~ Jordan Newman,Thursday,18,
1895,17/07/2025,19:14:09,2025-07-17T18:14:09.000Z,‪+44 7841 958283‬,Thursday,19,
1896,17/07/2025,19:19:35,2025-07-17T18:19:35.000Z,~ Jess Westwood,Thursday,19,
1897,17/07/2025,19:29:35,2025-07-17T18:29:35.000Z,Hannah Page,Thursday,19,
1898,17/07/2025,19:33:21,2025-07-17T18:33:21.000Z,~ Sean,Thursday,19,
1899,17/07/2025,19:39:02,2025-07-17T18:39:02.000Z,~ Jordan Newman,Thursday,19,
1900,17/07/2025,19:39:32,2025-07-17T18:39:32.000Z,‪+44 7554 884263‬,Thursday,19,
1901,17/07/2025,19:42:29,2025-07-17T18:42:29.000Z,~ Sean,Thursday,19,
1902,17/07/2025,19:48:59,2025-07-17T18:48:59.000Z,~ Conor,Thursday,19,
1903,17/07/2025,19:54:09,2025-07-17T18:54:09.000Z,Flo Lewis,Thursday,19,
1904,17/07/2025,19:57:35,2025-07-17T18:57:35.000Z,~ Ellis P,Thursday,19,
1905,17/07/2025,20:00:44,2025-07-17T19:00:44.000Z,Abby Khalifeh,Thursday,20,
1906,17/07/2025,20:03:20,2025-07-17T19:03:20.000Z,~ Justin lewis,Thursday,20,
1907,17/07/2025,20:13:19,2025-07-17T19:13:19.000Z,Millie Brooke,Thursday,20,
1908,17/07/2025,20:14:07,2025-07-17T19:14:07.000Z,‪+44 7554 884263‬,Thursday,20,
1909,17/07/2025,20:17:15,2025-07-17T19:17:15.000Z,~ Jordan Newman,Thursday,20,
1910,17/07/2025,20:30:31,2025-07-17T19:30:31.000Z,~ Sean,Thursday,20,
1911,17/07/2025,20:41:01,2025-07-17T19:41:01.000Z,~ Conor,Thursday,20,
1912,17/07/2025,21:00:18,2025-07-17T20:00:18.000Z,Abby Khalifeh,Thursday,21,
1913,17/07/2025,21:05:55,2025-07-17T20:05:55.000Z,Millie Brooke,Thursday,21,
1914,17/07/2025,21:06:32,2025-07-17T20:06:32.000Z,~ Owen,Thursday,21,
1915,17/07/2025,21:08:12,2025-07-17T20:08:12.000Z,‪+44 7530 856137‬,Thursday,21,
1916,17/07/2025,21:08:25,2025-07-17T20:08:25.000Z,‪+44 7530 856137‬,Thursday,21,
1917,17/07/2025,21:13:02,2025-07-17T20:13:02.000Z,~ Sean,Thursday,21,
1918,17/07/2025,21:13:21,2025-07-17T20:13:21.000Z,Conall Caverly,Thursday,21,
1919,17/07/2025,21:20:13,2025-07-17T20:20:13.000Z,Shay,Thursday,21,
1920,17/07/2025,21:31:21,2025-07-17T20:31:21.000Z,Caolán Walsh,Thursday,21,
1921,17/07/2025,21:45:20,2025-07-17T20:45:20.000Z,Conall Caverly,Thursday,21,
1922,17/07/2025,21:55:32,2025-07-17T20:55:32.000Z,~ Sean,Thursday,21,
1923,17/07/2025,22:00:53,2025-07-17T21:00:53.000Z,~ Conor,Thursday,22,
1924,17/07/2025,22:15:47,2025-07-17T21:15:47.000Z,~ George,Thursday,22,
1925,17/07/2025,22:30:12,2025-07-17T21:30:12.000Z,Caolán Walsh,Thursday,22,
1926,17/07/2025,22:34:50,2025-07-17T21:34:50.000Z,Abby Khalifeh,Thursday,22,
1927,17/07/2025,22:44:01,2025-07-17T21:44:01.000Z,‪+44 7936 059701‬,Thursday,22,
1928,17/07/2025,22:53:16,2025-07-17T21:53:16.000Z,~ Conor,Thursday,22,
1929,17/07/2025,22:57:20,2025-07-17T21:57:20.000Z,Caolán Walsh,Thursday,22,
1930,17/07/2025,23:42:45,2025-07-17T22:42:45.000Z,Hannah Page,Thursday,23,
1931,18/07/2025,08:10:11,2025-07-18T07:10:11.000Z,Shay,Friday,8,
1932,18/07/2025,08:38:13,2025-07-18T07:38:13.000Z,Shay,Friday,8,
1933,18/07/2025,11:43:32,2025-07-18T10:43:32.000Z,‪+44 7402 796848‬,Friday,11,
1934,18/07/2025,12:18:08,2025-07-18T11:18:08.000Z,Georgia Jones,Friday,12,
1935,18/07/2025,12:23:50,2025-07-18T11:23:50.000Z,Georgia Jones,Friday,12,
1936,18/07/2025,12:54:20,2025-07-18T11:54:20.000Z,Georgia Jones,Friday,12,
1937,18/07/2025,13:25:57,2025-07-18T12:25:57.000Z,Georgia Jones,Friday,13,
1938,18/07/2025,13:55:38,2025-07-18T12:55:38.000Z,Georgia Jones,Friday,13,
1939,18/07/2025,15:41:34,2025-07-18T14:41:34.000Z,Georgia Jones,Friday,15,
1940,18/07/2025,15:56:01,2025-07-18T14:56:01.000Z,~ Ben,Friday,15,
1941,18/07/2025,16:20:18,2025-07-18T15:20:18.000Z,‪+44 7936 059701‬,Friday,16,
1942,18/07/2025,16:20:52,2025-07-18T15:20:52.000Z,Georgia Jones,Friday,16,
1943,18/07/2025,16:28:39,2025-07-18T15:28:39.000Z,~ Conor,Friday,16,
1944,18/07/2025,16:33:40,2025-07-18T15:33:40.000Z,~ Ben,Friday,16,
1945,18/07/2025,16:44:12,2025-07-18T15:44:12.000Z,~ Conor,Friday,16,
1946,18/07/2025,17:08:20,2025-07-18T16:08:20.000Z,Caitlin Driscoll,Friday,17,
1947,18/07/2025,17:51:24,2025-07-18T16:51:24.000Z,~ Dan Dolderson,Friday,17,
1948,18/07/2025,17:53:55,2025-07-18T16:53:55.000Z,~ Thomas Hamilton,Friday,17,
1949,18/07/2025,17:57:40,2025-07-18T16:57:40.000Z,Hannah Page,Friday,17,
1950,18/07/2025,18:22:29,2025-07-18T17:22:29.000Z,‪+44 7402 796848‬,Friday,18,
1951,18/07/2025,18:26:17,2025-07-18T17:26:17.000Z,~ Floss Adcock,Friday,18,
1952,18/07/2025,18:31:46,2025-07-18T17:31:46.000Z,~ Dan Dolderson,Friday,18,
1953,18/07/2025,18:42:18,2025-07-18T17:42:18.000Z,‪+44 7402 796848‬,Friday,18,
1954,18/07/2025,18:51:39,2025-07-18T17:51:39.000Z,Caolán Walsh,Friday,18,
1955,18/07/2025,18:56:45,2025-07-18T17:56:45.000Z,Jakey Breen,Friday,18,
1956,18/07/2025,19:08:09,2025-07-18T18:08:09.000Z,‪+44 7921 584225‬,Friday,19,
1957,18/07/2025,19:16:22,2025-07-18T18:16:22.000Z,~ Ellis P,Friday,19,
1958,18/07/2025,19:17:27,2025-07-18T18:17:27.000Z,Conall Caverly,Friday,19,
1959,18/07/2025,19:27:35,2025-07-18T18:27:35.000Z,~ Thomas Hamilton,Friday,19,
1960,18/07/2025,19:28:05,2025-07-18T18:28:05.000Z,~ Dan Dolderson,Friday,19,
1961,18/07/2025,19:29:14,2025-07-18T18:29:14.000Z,Jakey Breen,Friday,19,
1962,18/07/2025,19:49:27,2025-07-18T18:49:27.000Z,‪+44 7949 724818‬,Friday,19,
1963,18/07/2025,19:50:50,2025-07-18T18:50:50.000Z,~ Ellis P,Friday,19,
1964,18/07/2025,20:19:36,2025-07-18T19:19:36.000Z,~ Jordan Newman,Friday,20,
1965,18/07/2025,20:27:26,2025-07-18T19:27:26.000Z,Anya Trevor-Palleres,Friday,20,
1966,18/07/2025,20:39:39,2025-07-18T19:39:39.000Z,Eleanor Cowell,Friday,20,
1967,18/07/2025,20:41:21,2025-07-18T19:41:21.000Z,‪+44 7480 285349‬,Friday,20,
1968,18/07/2025,21:03:41,2025-07-18T20:03:41.000Z,Caolán Walsh,Friday,21,
1969,18/07/2025,21:04:41,2025-07-18T20:04:41.000Z,~ Maeve,Friday,21,
1970,18/07/2025,21:06:44,2025-07-18T20:06:44.000Z,Millie Brooke,Friday,21,
1971,18/07/2025,21:16:26,2025-07-18T20:16:26.000Z,Jakey Breen,Friday,21,
1972,18/07/2025,21:26:34,2025-07-18T20:26:34.000Z,Hannah Page,Friday,21,
1973,18/07/2025,21:29:36,2025-07-18T20:29:36.000Z,Harriet,Friday,21,
1974,18/07/2025,21:36:31,2025-07-18T20:36:31.000Z,Eleanor Cowell,Friday,21,
1975,18/07/2025,21:37:08,2025-07-18T20:37:08.000Z,Eleanor Cowell,Friday,21,
1976,18/07/2025,21:37:42,2025-07-18T20:37:42.000Z,~ Ellis P,Friday,21,
1977,18/07/2025,21:43:07,2025-07-18T20:43:07.000Z,Caolán Walsh,Friday,21,
1978,18/07/2025,21:44:14,2025-07-18T20:44:14.000Z,Mike Hope,Friday,21,
1979,18/07/2025,22:09:22,2025-07-18T21:09:22.000Z,~ Ellis P,Friday,22,
1980,18/07/2025,22:11:09,2025-07-18T21:11:09.000Z,~ Joe Daniels,Friday,22,
1981,18/07/2025,22:12:09,2025-07-18T21:12:09.000Z,Jakey Breen,Friday,22,
1982,18/07/2025,22:13:14,2025-07-18T21:13:14.000Z,Mike Hope,Friday,22,
1983,18/07/2025,22:13:41,2025-07-18T21:13:41.000Z,~ Joe Daniels,Friday,22,
1984,18/07/2025,22:25:06,2025-07-18T21:25:06.000Z,Harriet,Friday,22,
1985,18/07/2025,22:29:12,2025-07-18T21:29:12.000Z,Eleanor Cowell,Friday,22,
1986,18/07/2025,22:31:02,2025-07-18T21:31:02.000Z,~ George,Friday,22,
1987,18/07/2025,22:34:08,2025-07-18T21:34:08.000Z,Eleanor Cowell,Friday,22,
1988,18/07/2025,22:36:09,2025-07-18T21:36:09.000Z,Hannah Page,Friday,22,
1989,18/07/2025,22:41:44,2025-07-18T21:41:44.000Z,~ Conor,Friday,22,
1990,18/07/2025,22:43:18,2025-07-18T21:43:18.000Z,Millie Brooke,Friday,22,
1991,18/07/2025,23:17:04,2025-07-18T22:17:04.000Z,Conall Caverly,Friday,23,
1992,18/07/2025,23:27:48,2025-07-18T22:27:48.000Z,~ Joe Daniels,Friday,23,
1993,18/07/2025,23:31:16,2025-07-18T22:31:16.000Z,Eleanor Cowell,Friday,23,
1994,18/07/2025,23:37:55,2025-07-18T22:37:55.000Z,~ George,Friday,23,
1995,18/07/2025,23:40:49,2025-07-18T22:40:49.000Z,Millie Brooke,Friday,23,
1996,18/07/2025,23:41:27,2025-07-18T22:41:27.000Z,‪+44 7712 243058‬,Friday,23,
1997,18/07/2025,23:49:15,2025-07-18T22:49:15.000Z,Jakey Breen,Friday,23,
1998,18/07/2025,23:52:01,2025-07-18T22:52:01.000Z,Conall Caverly,Friday,23,
1999,19/07/2025,00:06:13,2025-07-18T23:06:13.000Z,~ Jake Rooney,Saturday,0,
2000,19/07/2025,01:45:07,2025-07-19T00:45:07.000Z,Conall Caverly,Saturday,1,
2001,19/07/2025,11:53:05,2025-07-19T10:53:05.000Z,‪+44 7505 930963‬,Saturday,11,
2002,19/07/2025,12:40:12,2025-07-19T11:40:12.000Z,~ Jordan Newman,Saturday,12,
2003,19/07/2025,13:15:59,2025-07-19T12:15:59.000Z,Shay,Saturday,13,
2004,19/07/2025,13:34:47,2025-07-19T12:34:47.000Z,Annabel Anderson,Saturday,13,
2005,19/07/2025,13:35:39,2025-07-19T12:35:39.000Z,Joe Zalas,Saturday,13,
2006,19/07/2025,13:52:25,2025-07-19T12:52:25.000Z,Shay,Saturday,13,
2007,19/07/2025,14:11:24,2025-07-19T13:11:24.000Z,‪+44 7305 124955‬,Saturday,14,
2008,19/07/2025,14:11:54,2025-07-19T13:11:54.000Z,Annabel Anderson,Saturday,14,
2009,19/07/2025,14:37:08,2025-07-19T13:37:08.000Z,Caolán Walsh,Saturday,14,
2010,19/07/2025,14:37:37,2025-07-19T13:37:37.000Z,Shay,Saturday,14,
2011,19/07/2025,14:42:21,2025-07-19T13:42:21.000Z,Annabel Anderson,Saturday,14,
2012,19/07/2025,14:43:15,2025-07-19T13:43:15.000Z,~ Kalum Doohan,Saturday,14,
2013,19/07/2025,14:58:47,2025-07-19T13:58:47.000Z,‪+44 7305 124955‬,Saturday,14,
2014,19/07/2025,14:59:10,2025-07-19T13:59:10.000Z,‪+44 7305 124955‬,Saturday,14,
2015,19/07/2025,15:01:50,2025-07-19T14:01:50.000Z,Indie Driscoll,Saturday,15,
2016,19/07/2025,15:24:24,2025-07-19T14:24:24.000Z,~ Owen,Saturday,15,
2017,19/07/2025,15:33:27,2025-07-19T14:33:27.000Z,~ Justin lewis,Saturday,15,
2018,19/07/2025,15:34:04,2025-07-19T14:34:04.000Z,Lottie Passmore,Saturday,15,
2019,19/07/2025,16:01:52,2025-07-19T15:01:52.000Z,Conall Caverly,Saturday,16,
2020,19/07/2025,16:02:47,2025-07-19T15:02:47.000Z,Caolán Walsh,Saturday,16,
2021,19/07/2025,16:11:12,2025-07-19T15:11:12.000Z,~ Max Evans,Saturday,16,
2022,19/07/2025,16:26:46,2025-07-19T15:26:46.000Z,Indie Driscoll,Saturday,16,
2023,19/07/2025,16:29:40,2025-07-19T15:29:40.000Z,‪+44 7402 796848‬,Saturday,16,
2024,19/07/2025,16:30:59,2025-07-19T15:30:59.000Z,‪+353 83 876 4861‬,Saturday,16,
2025,19/07/2025,16:40:44,2025-07-19T15:40:44.000Z,~ Maeve,Saturday,16,
2026,19/07/2025,16:41:35,2025-07-19T15:41:35.000Z,Caitlin Driscoll,Saturday,16,
2027,19/07/2025,16:53:08,2025-07-19T15:53:08.000Z,~ Harry,Saturday,16,
2028,19/07/2025,16:53:12,2025-07-19T15:53:12.000Z,‪+44 7402 796848‬,Saturday,16,
2029,19/07/2025,16:58:32,2025-07-19T15:58:32.000Z,Harriet,Saturday,16,
2030,19/07/2025,16:59:13,2025-07-19T15:59:13.000Z,Hannah Page,Saturday,16,
2031,19/07/2025,17:02:56,2025-07-19T16:02:56.000Z,‪+44 7841 958283‬,Saturday,17,
2032,19/07/2025,17:06:53,2025-07-19T16:06:53.000Z,‪+44 7530 856137‬,Saturday,17,
2033,19/07/2025,17:14:01,2025-07-19T16:14:01.000Z,~ Dan Dolderson,Saturday,17,
2034,19/07/2025,17:21:20,2025-07-19T16:21:20.000Z,‪+44 7713 267849‬,Saturday,17,
2035,19/07/2025,17:24:45,2025-07-19T16:24:45.000Z,Shay,Saturday,17,
2036,19/07/2025,17:27:51,2025-07-19T16:27:51.000Z,Eleanor Cowell,Saturday,17,
2037,19/07/2025,17:28:05,2025-07-19T16:28:05.000Z,Annabel Anderson,Saturday,17,
2038,19/07/2025,17:41:06,2025-07-19T16:41:06.000Z,~ Sam Ross,Saturday,17,
2039,19/07/2025,17:56:57,2025-07-19T16:56:57.000Z,Harriet,Saturday,17,
2040,19/07/2025,18:02:48,2025-07-19T17:02:48.000Z,~ Kalum Doohan,Saturday,18,
2041,19/07/2025,18:03:27,2025-07-19T17:03:27.000Z,~ Conor,Saturday,18,
2042,19/07/2025,18:03:29,2025-07-19T17:03:29.000Z,Hannah Page,Saturday,18,
2043,19/07/2025,18:05:22,2025-07-19T17:05:22.000Z,~ Dan Dolderson,Saturday,18,
2044,19/07/2025,18:12:21,2025-07-19T17:12:21.000Z,Annabel Anderson,Saturday,18,
2045,19/07/2025,18:35:49,2025-07-19T17:35:49.000Z,~ Maddie,Saturday,18,
2046,19/07/2025,18:36:50,2025-07-19T17:36:50.000Z,~ Harry,Saturday,18,
2047,19/07/2025,18:44:29,2025-07-19T17:44:29.000Z,~ Owen,Saturday,18,
2048,19/07/2025,18:47:59,2025-07-19T17:47:59.000Z,‪+44 7841 958283‬,Saturday,18,
2049,19/07/2025,18:48:05,2025-07-19T17:48:05.000Z,Annabel Anderson,Saturday,18,
2050,19/07/2025,18:58:05,2025-07-19T17:58:05.000Z,‪+353 83 876 4861‬,Saturday,18,
2051,19/07/2025,19:01:45,2025-07-19T18:01:45.000Z,Hannah Page,Saturday,19,
2052,19/07/2025,19:04:57,2025-07-19T18:04:57.000Z,Millie Brooke,Saturday,19,
2053,19/07/2025,19:07:03,2025-07-19T18:07:03.000Z,Annabel Anderson,Saturday,19,
2054,19/07/2025,19:07:04,2025-07-19T18:07:04.000Z,~ Owen,Saturday,19,
2055,19/07/2025,19:18:02,2025-07-19T18:18:02.000Z,Shay,Saturday,19,
2056,19/07/2025,19:18:20,2025-07-19T18:18:20.000Z,Conall Caverly,Saturday,19,
2057,19/07/2025,19:25:12,2025-07-19T18:25:12.000Z,‪+44 7402 796848‬,Saturday,19,
2058,19/07/2025,19:26:09,2025-07-19T18:26:09.000Z,‪+44 7305 124955‬,Saturday,19,
2059,19/07/2025,19:36:03,2025-07-19T18:36:03.000Z,Annabel Anderson,Saturday,19,
2060,19/07/2025,19:38:03,2025-07-19T18:38:03.000Z,Millie Brooke,Saturday,19,
2061,19/07/2025,19:44:03,2025-07-19T18:44:03.000Z,‪+44 7709 244161‬,Saturday,19,
2062,19/07/2025,19:44:18,2025-07-19T18:44:18.000Z,~ George,Saturday,19,
2063,19/07/2025,19:47:35,2025-07-19T18:47:35.000Z,‪+44 7484 548781‬,Saturday,19,
2064,19/07/2025,19:52:25,2025-07-19T18:52:25.000Z,~ Bobby Burnand,Saturday,19,
2065,19/07/2025,19:55:25,2025-07-19T18:55:25.000Z,Hannah Page,Saturday,19,
2066,19/07/2025,19:55:28,2025-07-19T18:55:28.000Z,Caitlin Driscoll,Saturday,19,
2067,19/07/2025,19:55:50,2025-07-19T18:55:50.000Z,~ Jake Rooney,Saturday,19,
2068,19/07/2025,19:59:49,2025-07-19T18:59:49.000Z,~ George,Saturday,19,
2069,19/07/2025,20:01:07,2025-07-19T19:01:07.000Z,‪+44 7506 586087‬,Saturday,20,
2070,19/07/2025,20:06:51,2025-07-19T19:06:51.000Z,‪+44 7402 796848‬,Saturday,20,
2071,19/07/2025,20:09:37,2025-07-19T19:09:37.000Z,~ Maddie,Saturday,20,
2072,19/07/2025,20:16:05,2025-07-19T19:16:05.000Z,Shay,Saturday,20,
2073,19/07/2025,20:17:38,2025-07-19T19:17:38.000Z,Eleanor Cowell,Saturday,20,
2074,19/07/2025,20:17:47,2025-07-19T19:17:47.000Z,Bella Cain,Saturday,20,
2075,19/07/2025,20:28:52,2025-07-19T19:28:52.000Z,‪+44 7305 124955‬,Saturday,20,
2076,19/07/2025,20:31:28,2025-07-19T19:31:28.000Z,~ Sam Ross,Saturday,20,
2077,19/07/2025,20:31:42,2025-07-19T19:31:42.000Z,~ Harry,Saturday,20,
2078,19/07/2025,20:34:42,2025-07-19T19:34:42.000Z,‪+44 7535 948117‬,Saturday,20,
2079,19/07/2025,20:42:58,2025-07-19T19:42:58.000Z,~ Max Evans,Saturday,20,
2080,19/07/2025,20:53:13,2025-07-19T19:53:13.000Z,~ Maddie,Saturday,20,
2081,19/07/2025,20:55:07,2025-07-19T19:55:07.000Z,‪+44 7925 669407‬,Saturday,20,
2082,19/07/2025,20:57:39,2025-07-19T19:57:39.000Z,Annabel Anderson,Saturday,20,
2083,19/07/2025,21:02:49,2025-07-19T20:02:49.000Z,Indie Driscoll,Saturday,21,
2084,19/07/2025,21:04:34,2025-07-19T20:04:34.000Z,‪+44 7305 124955‬,Saturday,21,
2085,19/07/2025,21:10:50,2025-07-19T20:10:50.000Z,~ Justin lewis,Saturday,21,
2086,19/07/2025,21:20:55,2025-07-19T20:20:55.000Z,Joe Farmer,Saturday,21,
2087,19/07/2025,21:24:46,2025-07-19T20:24:46.000Z,~ Harry,Saturday,21,
2088,19/07/2025,21:31:18,2025-07-19T20:31:18.000Z,Hannah Page,Saturday,21,
2089,19/07/2025,21:33:59,2025-07-19T20:33:59.000Z,~ George,Saturday,21,
2090,19/07/2025,21:39:37,2025-07-19T20:39:37.000Z,~ Jake Rooney,Saturday,21,
2091,19/07/2025,21:40:14,2025-07-19T20:40:14.000Z,Conall Caverly,Saturday,21,
2092,19/07/2025,21:41:16,2025-07-19T20:41:16.000Z,‪+44 7305 124955‬,Saturday,21,
2093,19/07/2025,21:45:06,2025-07-19T20:45:06.000Z,Bella Cain,Saturday,21,
2094,19/07/2025,22:37:04,2025-07-19T21:37:04.000Z,~ Max Evans,Saturday,22,
2095,19/07/2025,22:37:36,2025-07-19T21:37:36.000Z,~ Harry,Saturday,22,
2096,19/07/2025,22:38:06,2025-07-19T21:38:06.000Z,‪+44 7305 124955‬,Saturday,22,
2097,19/07/2025,22:58:19,2025-07-19T21:58:19.000Z,~ Joe Daniels,Saturday,22,
2098,19/07/2025,23:15:52,2025-07-19T22:15:52.000Z,‪+44 7305 124955‬,Saturday,23,
2099,19/07/2025,23:18:18,2025-07-19T22:18:18.000Z,~ Harry,Saturday,23,
2100,19/07/2025,23:21:01,2025-07-19T22:21:01.000Z,Caolán Walsh,Saturday,23,
2101,19/07/2025,23:44:22,2025-07-19T22:44:22.000Z,~ Jake Rooney,Saturday,23,
2102,19/07/2025,23:47:52,2025-07-19T22:47:52.000Z,~ Sam Ross,Saturday,23,
2103,19/07/2025,23:50:39,2025-07-19T22:50:39.000Z,~ Max Evans,Saturday,23,
2104,20/07/2025,00:17:47,2025-07-19T23:17:47.000Z,Caitlin Driscoll,Sunday,0,
2105,20/07/2025,00:37:32,2025-07-19T23:37:32.000Z,Hannah Page,Sunday,0,
2106,20/07/2025,00:39:50,2025-07-19T23:39:50.000Z,~ Harry,Sunday,0,
2107,20/07/2025,03:49:29,2025-07-20T02:49:29.000Z,Conall Caverly,Sunday,3,
2108,20/07/2025,11:11:42,2025-07-20T10:11:42.000Z,~ Sam Ross,Sunday,11,
2109,20/07/2025,11:14:36,2025-07-20T10:14:36.000Z,‪+44 7305 124955‬,Sunday,11,
2110,20/07/2025,11:24:36,2025-07-20T10:24:36.000Z,Georgia Jones,Sunday,11,
2111,20/07/2025,11:55:42,2025-07-20T10:55:42.000Z,~ Justin lewis,Sunday,11,
2112,20/07/2025,12:20:46,2025-07-20T11:20:46.000Z,~ Harry,Sunday,12,
2113,20/07/2025,12:38:19,2025-07-20T11:38:19.000Z,Georgia Jones,Sunday,12,
2114,20/07/2025,13:28:28,2025-07-20T12:28:28.000Z,Bella Cain,Sunday,13,
2115,20/07/2025,13:33:26,2025-07-20T12:33:26.000Z,~ Sam Ross,Sunday,13,
2116,20/07/2025,13:34:00,2025-07-20T12:34:00.000Z,Indie Driscoll,Sunday,13,
2117,20/07/2025,13:37:49,2025-07-20T12:37:49.000Z,Georgia Jones,Sunday,13,
2118,20/07/2025,14:17:59,2025-07-20T13:17:59.000Z,Georgia Jones,Sunday,14,
2119,20/07/2025,14:24:19,2025-07-20T13:24:19.000Z,Annabel Anderson,Sunday,14,
2120,20/07/2025,14:25:31,2025-07-20T13:25:31.000Z,Indie Driscoll,Sunday,14,
2121,20/07/2025,14:57:50,2025-07-20T13:57:50.000Z,Caitlin Driscoll,Sunday,14,
2122,20/07/2025,15:08:08,2025-07-20T14:08:08.000Z,Georgia Jones,Sunday,15,
2123,20/07/2025,15:09:33,2025-07-20T14:09:33.000Z,~ George,Sunday,15,
2124,20/07/2025,15:11:22,2025-07-20T14:11:22.000Z,~ Harry,Sunday,15,
2125,20/07/2025,15:29:42,2025-07-20T14:29:42.000Z,Annabel Anderson,Sunday,15,
2126,20/07/2025,15:47:22,2025-07-20T14:47:22.000Z,‪+44 7557 048707‬,Sunday,15,
2127,20/07/2025,15:57:57,2025-07-20T14:57:57.000Z,Hannah Page,Sunday,15,
2128,20/07/2025,15:58:20,2025-07-20T14:58:20.000Z,~ George,Sunday,15,
2129,20/07/2025,16:23:55,2025-07-20T15:23:55.000Z,Annabel Anderson,Sunday,16,
2130,20/07/2025,16:38:10,2025-07-20T15:38:10.000Z,~ Harry,Sunday,16,
2131,20/07/2025,17:10:58,2025-07-20T16:10:58.000Z,Annabel Anderson,Sunday,17,
2132,20/07/2025,17:16:52,2025-07-20T16:16:52.000Z,Hannah Page,Sunday,17,
2133,20/07/2025,17:30:24,2025-07-20T16:30:24.000Z,~ Jake Rooney,Sunday,17,
2134,20/07/2025,17:56:18,2025-07-20T16:56:18.000Z,‪+44 7554 884263‬,Sunday,17,
2135,20/07/2025,18:06:53,2025-07-20T17:06:53.000Z,~ Dan Dolderson,Sunday,18,
2136,20/07/2025,18:17:03,2025-07-20T17:17:03.000Z,~ Maddie,Sunday,18,
2137,20/07/2025,18:21:48,2025-07-20T17:21:48.000Z,‪+44 7709 244161‬,Sunday,18,
2138,20/07/2025,18:45:23,2025-07-20T17:45:23.000Z,Caolán Walsh,Sunday,18,
2139,20/07/2025,18:56:14,2025-07-20T17:56:14.000Z,‪+44 7305 124955‬,Sunday,18,
2140,20/07/2025,19:28:51,2025-07-20T18:28:51.000Z,Hannah Page,Sunday,19,
2141,20/07/2025,19:33:11,2025-07-20T18:33:11.000Z,Annabel Anderson,Sunday,19,
2142,20/07/2025,20:10:47,2025-07-20T19:10:47.000Z,Anya Trevor-Palleres,Sunday,20,
2143,20/07/2025,20:20:41,2025-07-20T19:20:41.000Z,Caolán Walsh,Sunday,20,
2144,20/07/2025,20:21:33,2025-07-20T19:21:33.000Z,‪+44 7480 285349‬,Sunday,20,
2145,20/07/2025,20:26:56,2025-07-20T19:26:56.000Z,~ Ellis P,Sunday,20,
2146,20/07/2025,21:08:28,2025-07-20T20:08:28.000Z,~ Ellis P,Sunday,21,
2147,21/07/2025,13:57:31,2025-07-21T12:57:31.000Z,~ Ellis P,Monday,13,
2148,21/07/2025,14:07:24,2025-07-21T13:07:24.000Z,~ Ellis P,Monday,14,
2149,21/07/2025,14:22:27,2025-07-21T13:22:27.000Z,~ Ellis P,Monday,14,
2150,21/07/2025,17:41:11,2025-07-21T16:41:11.000Z,~ Justin lewis,Monday,17,
2151,21/07/2025,18:24:08,2025-07-21T17:24:08.000Z,~ Maddie,Monday,18,
2152,21/07/2025,18:26:18,2025-07-21T17:26:18.000Z,~ Dan Dolderson,Monday,18,
2153,21/07/2025,19:28:15,2025-07-21T18:28:15.000Z,Caolán Walsh,Monday,19,
2154,21/07/2025,19:32:12,2025-07-21T18:32:12.000Z,~ Dan Dolderson,Monday,19,
2155,21/07/2025,20:05:58,2025-07-21T19:05:58.000Z,~ Will Anderson,Monday,20,
2156,21/07/2025,20:40:13,2025-07-21T19:40:13.000Z,~ Ellis P,Monday,20,
2157,21/07/2025,22:14:01,2025-07-21T21:14:01.000Z,~ Ellis P,Monday,22,
2158,21/07/2025,22:38:34,2025-07-21T21:38:34.000Z,~ Ellis P,Monday,22,
2159,21/07/2025,23:31:55,2025-07-21T22:31:55.000Z,~ Ellis P,Monday,23,
2160,22/07/2025,00:18:05,2025-07-21T23:18:05.000Z,~ Ellis P,Tuesday,0,
2161,22/07/2025,01:37:06,2025-07-22T00:37:06.000Z,~ Ellis P,Tuesday,1,
2162,22/07/2025,03:02:20,2025-07-22T02:02:20.000Z,~ Ellis P,Tuesday,3,
2163,22/07/2025,13:09:47,2025-07-22T12:09:47.000Z,~ Ellis P,Tuesday,13,
2164,22/07/2025,14:03:26,2025-07-22T13:03:26.000Z,~ Ellis P,Tuesday,14,
2165,22/07/2025,15:04:25,2025-07-22T14:04:25.000Z,~ Max Evans,Tuesday,15,
2166,22/07/2025,15:44:25,2025-07-22T14:44:25.000Z,‪+44 7713 267849‬,Tuesday,15,
2167,22/07/2025,16:25:49,2025-07-22T15:25:49.000Z,~ Ellis P,Tuesday,16,
2168,22/07/2025,16:59:00,2025-07-22T15:59:00.000Z,~ Ellis P,Tuesday,16,
2169,22/07/2025,17:20:59,2025-07-22T16:20:59.000Z,~ Ellis P,Tuesday,17,
2170,22/07/2025,17:27:44,2025-07-22T16:27:44.000Z,~ Maddie,Tuesday,17,
2171,22/07/2025,17:36:23,2025-07-22T16:36:23.000Z,~ William Burton,Tuesday,17,
2172,22/07/2025,18:46:47,2025-07-22T17:46:47.000Z,~ Ellis P,Tuesday,18,
2173,22/07/2025,19:06:17,2025-07-22T18:06:17.000Z,Bella Cain,Tuesday,19,
2174,22/07/2025,19:13:17,2025-07-22T18:13:17.000Z,Anya Trevor-Palleres,Tuesday,19,
2175,22/07/2025,19:36:23,2025-07-22T18:36:23.000Z,~ Dan Dolderson,Tuesday,19,
2176,22/07/2025,19:37:00,2025-07-22T18:37:00.000Z,Shay,Tuesday,19,
2177,22/07/2025,19:37:38,2025-07-22T18:37:38.000Z,Hannah Page,Tuesday,19,
2178,22/07/2025,19:43:08,2025-07-22T18:43:08.000Z,Millie Brooke,Tuesday,19,
2179,22/07/2025,19:43:26,2025-07-22T18:43:26.000Z,‪+44 7473 275286‬,Tuesday,19,
2180,22/07/2025,19:44:10,2025-07-22T18:44:10.000Z,Bella Cain,Tuesday,19,
2181,22/07/2025,19:49:38,2025-07-22T18:49:38.000Z,~ Jess Westwood,Tuesday,19,
2182,22/07/2025,20:12:57,2025-07-22T19:12:57.000Z,Shay,Tuesday,20,
2183,22/07/2025,20:15:27,2025-07-22T19:15:27.000Z,‪+44 7958 496126‬,Tuesday,20,
2184,22/07/2025,20:37:50,2025-07-22T19:37:50.000Z,~ Dan Dolderson,Tuesday,20,
2185,22/07/2025,20:39:03,2025-07-22T19:39:03.000Z,Annabel Anderson,Tuesday,20,
2186,22/07/2025,20:39:31,2025-07-22T19:39:31.000Z,~ Conor,Tuesday,20,
2187,22/07/2025,20:58:13,2025-07-22T19:58:13.000Z,Caitlin Driscoll,Tuesday,20,
2188,22/07/2025,21:12:29,2025-07-22T20:12:29.000Z,Jakey Breen,Tuesday,21,
2189,22/07/2025,21:14:15,2025-07-22T20:14:15.000Z,Annabel Anderson,Tuesday,21,
2190,22/07/2025,21:21:43,2025-07-22T20:21:43.000Z,~ Conor,Tuesday,21,
2191,22/07/2025,21:36:59,2025-07-22T20:36:59.000Z,Bella Cain,Tuesday,21,
2192,22/07/2025,21:42:44,2025-07-22T20:42:44.000Z,Annabel Anderson,Tuesday,21,
2193,22/07/2025,21:50:35,2025-07-22T20:50:35.000Z,Hannah Page,Tuesday,21,
2194,22/07/2025,22:23:03,2025-07-22T21:23:03.000Z,Annabel Anderson,Tuesday,22,
2195,22/07/2025,22:31:43,2025-07-22T21:31:43.000Z,Hannah Page,Tuesday,22,
2196,22/07/2025,22:32:51,2025-07-22T21:32:51.000Z,~ Ellis P,Tuesday,22,
2197,22/07/2025,23:00:31,2025-07-22T22:00:31.000Z,~ Ellis P,Tuesday,23,
2198,22/07/2025,23:06:46,2025-07-22T22:06:46.000Z,~ Conor,Tuesday,23,
2199,22/07/2025,23:53:12,2025-07-22T22:53:12.000Z,~ Ellis P,Tuesday,23,
2200,23/07/2025,00:53:42,2025-07-22T23:53:42.000Z,~ Ellis P,Wednesday,0,
2201,23/07/2025,02:17:49,2025-07-23T01:17:49.000Z,~ Ellis P,Wednesday,2,
2202,23/07/2025,10:45:55,2025-07-23T09:45:55.000Z,~ Owen,Wednesday,10,
2203,23/07/2025,11:11:52,2025-07-23T10:11:52.000Z,Georgia Jones,Wednesday,11,
2204,23/07/2025,12:05:47,2025-07-23T11:05:47.000Z,Georgia Jones,Wednesday,12,
2205,23/07/2025,13:13:12,2025-07-23T12:13:12.000Z,‪+44 7908 057646‬,Wednesday,13,
2206,23/07/2025,13:17:52,2025-07-23T12:17:52.000Z,Georgia Jones,Wednesday,13,
2207,23/07/2025,16:13:00,2025-07-23T15:13:00.000Z,~ Owen,Wednesday,16,
2208,23/07/2025,16:27:20,2025-07-23T15:27:20.000Z,~ Ellis P,Wednesday,16,
2209,23/07/2025,16:44:10,2025-07-23T15:44:10.000Z,~ Owen,Wednesday,16,
2210,23/07/2025,16:51:59,2025-07-23T15:51:59.000Z,~ Brett,Wednesday,16,
2211,23/07/2025,17:15:15,2025-07-23T16:15:15.000Z,~ Justin lewis,Wednesday,17,
2212,23/07/2025,17:15:42,2025-07-23T16:15:42.000Z,~ Brett,Wednesday,17,
2213,23/07/2025,18:02:20,2025-07-23T17:02:20.000Z,‪+44 7977 238993‬,Wednesday,18,
2214,23/07/2025,18:03:05,2025-07-23T17:03:05.000Z,Bella Cain,Wednesday,18,
2215,23/07/2025,18:44:51,2025-07-23T17:44:51.000Z,‪+44 7557 048707‬,Wednesday,18,
2216,23/07/2025,18:47:58,2025-07-23T17:47:58.000Z,Bella Cain,Wednesday,18,
2217,23/07/2025,18:51:28,2025-07-23T17:51:28.000Z,‪+44 7866 450159‬,Wednesday,18,
2218,23/07/2025,18:52:54,2025-07-23T17:52:54.000Z,Bella Cain,Wednesday,18,
2219,23/07/2025,18:58:36,2025-07-23T17:58:36.000Z,Abby Khalifeh,Wednesday,18,
2220,23/07/2025,19:33:02,2025-07-23T18:33:02.000Z,~ Ellis P,Wednesday,19,
2221,23/07/2025,19:48:50,2025-07-23T18:48:50.000Z,~ Conor,Wednesday,19,
2222,23/07/2025,20:29:08,2025-07-23T19:29:08.000Z,~ ellie,Wednesday,20,
2223,23/07/2025,20:50:57,2025-07-23T19:50:57.000Z,‪+44 7557 048707‬,Wednesday,20,
2224,23/07/2025,21:10:20,2025-07-23T20:10:20.000Z,‪+44 7376 523733‬,Wednesday,21,
2225,23/07/2025,21:12:39,2025-07-23T20:12:39.000Z,Bella Cain,Wednesday,21,
2226,23/07/2025,21:48:25,2025-07-23T20:48:25.000Z,Conall Caverly,Wednesday,21,
2227,24/07/2025,15:59:07,2025-07-24T14:59:07.000Z,~ Ellis P,Thursday,15,
2228,24/07/2025,16:16:27,2025-07-24T15:16:27.000Z,~ Ellis P,Thursday,16,
2229,24/07/2025,17:27:00,2025-07-24T16:27:00.000Z,~ Ellis P,Thursday,17,
2230,24/07/2025,17:27:28,2025-07-24T16:27:28.000Z,~ George,Thursday,17,
2231,24/07/2025,17:38:23,2025-07-24T16:38:23.000Z,Bella Cain,Thursday,17,
2232,24/07/2025,17:47:26,2025-07-24T16:47:26.000Z,~ Joe Daniels,Thursday,17,
2233,24/07/2025,17:47:58,2025-07-24T16:47:58.000Z,~ Ellis P,Thursday,17,
2234,24/07/2025,17:48:04,2025-07-24T16:48:04.000Z,Lottie Passmore,Thursday,17,
2235,24/07/2025,18:39:23,2025-07-24T17:39:23.000Z,~ Ellis P,Thursday,18,
2236,24/07/2025,18:51:11,2025-07-24T17:51:11.000Z,‪+44 7473 275286‬,Thursday,18,
2237,24/07/2025,18:51:38,2025-07-24T17:51:38.000Z,~ Max Evans,Thursday,18,
2238,24/07/2025,19:08:49,2025-07-24T18:08:49.000Z,‪+44 7841 958283‬,Thursday,19,
2239,24/07/2025,19:24:09,2025-07-24T18:24:09.000Z,Eleanor Cowell,Thursday,19,
2240,24/07/2025,20:05:41,2025-07-24T19:05:41.000Z,‪+44 7470 600918‬,Thursday,20,
2241,24/07/2025,20:13:03,2025-07-24T19:13:03.000Z,~ Ellis P,Thursday,20,
2242,24/07/2025,20:42:10,2025-07-24T19:42:10.000Z,‪+44 7557 048707‬,Thursday,20,
2243,24/07/2025,20:45:29,2025-07-24T19:45:29.000Z,~ Brett,Thursday,20,
2244,24/07/2025,20:49:16,2025-07-24T19:49:16.000Z,Harriet,Thursday,20,
2245,24/07/2025,21:03:28,2025-07-24T20:03:28.000Z,~ Ellis P,Thursday,21,
2246,24/07/2025,21:12:10,2025-07-24T20:12:10.000Z,~ Jordan Newman,Thursday,21,
2247,24/07/2025,22:05:52,2025-07-24T21:05:52.000Z,~ Ellis P,Thursday,22,
2248,24/07/2025,22:10:00,2025-07-24T21:10:00.000Z,Conall Caverly,Thursday,22,
2249,24/07/2025,22:46:36,2025-07-24T21:46:36.000Z,‪+44 7484 548781‬,Thursday,22,
2250,24/07/2025,23:38:33,2025-07-24T22:38:33.000Z,~ Ellis P,Thursday,23,
2251,25/07/2025,00:11:35,2025-07-24T23:11:35.000Z,~ Ellis P,Friday,0,
2252,25/07/2025,11:58:40,2025-07-25T10:58:40.000Z,~ Owen,Friday,11,
2253,25/07/2025,12:14:19,2025-07-25T11:14:19.000Z,~ Jordan Newman,Friday,12,
2254,25/07/2025,12:17:34,2025-07-25T11:17:34.000Z,~ Justin lewis,Friday,12,
2255,25/07/2025,12:36:24,2025-07-25T11:36:24.000Z,Abby Khalifeh,Friday,12,
2256,25/07/2025,13:40:02,2025-07-25T12:40:02.000Z,Georgia Jones,Friday,13,
2257,25/07/2025,14:02:08,2025-07-25T13:02:08.000Z,Georgia Jones,Friday,14,
2258,25/07/2025,14:02:38,2025-07-25T13:02:38.000Z,Abby Khalifeh,Friday,14,
2259,25/07/2025,14:44:52,2025-07-25T13:44:52.000Z,Shay,Friday,14,
2260,25/07/2025,14:45:54,2025-07-25T13:45:54.000Z,Georgia Jones,Friday,14,
2261,25/07/2025,15:11:09,2025-07-25T14:11:09.000Z,~ Owen,Friday,15,
2262,25/07/2025,15:14:21,2025-07-25T14:14:21.000Z,Shay,Friday,15,
2263,25/07/2025,15:29:14,2025-07-25T14:29:14.000Z,Georgia Jones,Friday,15,
2264,25/07/2025,16:50:16,2025-07-25T15:50:16.000Z,~ Jordan Newman,Friday,16,
2265,25/07/2025,17:18:44,2025-07-25T16:18:44.000Z,Abby Khalifeh,Friday,17,
2266,25/07/2025,17:30:29,2025-07-25T16:30:29.000Z,~ Brett,Friday,17,
2267,25/07/2025,18:00:34,2025-07-25T17:00:34.000Z,~ Seann,Friday,18,
2268,25/07/2025,18:02:23,2025-07-25T17:02:23.000Z,Hannah Page,Friday,18,
2269,25/07/2025,18:40:37,2025-07-25T17:40:37.000Z,~ Kalum Doohan,Friday,18,
2270,25/07/2025,18:48:32,2025-07-25T17:48:32.000Z,~ Bobby Burnand,Friday,18,
2271,25/07/2025,18:54:55,2025-07-25T17:54:55.000Z,~ Harry,Friday,18,
2272,25/07/2025,18:55:04,2025-07-25T17:55:04.000Z,~ Brett,Friday,18,
2273,25/07/2025,19:01:03,2025-07-25T18:01:03.000Z,~ Floss Adcock,Friday,19,
2274,25/07/2025,19:09:53,2025-07-25T18:09:53.000Z,Jakey Breen,Friday,19,
2275,25/07/2025,19:13:55,2025-07-25T18:13:55.000Z,~ Seann,Friday,19,
2276,25/07/2025,19:23:31,2025-07-25T18:23:31.000Z,~ Will Anderson,Friday,19,
2277,25/07/2025,19:25:39,2025-07-25T18:25:39.000Z,‪+44 7557 048707‬,Friday,19,
2278,25/07/2025,19:28:35,2025-07-25T18:28:35.000Z,~ Harry,Friday,19,
2279,25/07/2025,19:31:11,2025-07-25T18:31:11.000Z,~ Brett,Friday,19,
2280,25/07/2025,19:43:33,2025-07-25T18:43:33.000Z,Millie Brooke,Friday,19,
2281,25/07/2025,19:56:27,2025-07-25T18:56:27.000Z,‪+44 7470 600918‬,Friday,19,
2282,25/07/2025,20:03:52,2025-07-25T19:03:52.000Z,‪+44 7562 547756‬,Friday,20,
2283,25/07/2025,20:04:32,2025-07-25T19:04:32.000Z,Hannah Page,Friday,20,
2284,25/07/2025,20:13:22,2025-07-25T19:13:22.000Z,~ Brett,Friday,20,
2285,25/07/2025,20:27:16,2025-07-25T19:27:16.000Z,~ Bobby Burnand,Friday,20,
2286,25/07/2025,20:35:08,2025-07-25T19:35:08.000Z,~ Conor,Friday,20,
2287,25/07/2025,20:46:45,2025-07-25T19:46:45.000Z,Millie Brooke,Friday,20,
2288,25/07/2025,21:00:37,2025-07-25T20:00:37.000Z,~ Harry,Friday,21,
2289,25/07/2025,21:06:30,2025-07-25T20:06:30.000Z,Jakey Breen,Friday,21,
2290,25/07/2025,21:31:56,2025-07-25T20:31:56.000Z,‪+44 7305 124955‬,Friday,21,
2291,25/07/2025,21:46:21,2025-07-25T20:46:21.000Z,Millie Brooke,Friday,21,
2292,25/07/2025,21:52:00,2025-07-25T20:52:00.000Z,~ Harry,Friday,21,
2293,25/07/2025,22:01:14,2025-07-25T21:01:14.000Z,~ Conor,Friday,22,
2294,25/07/2025,22:01:43,2025-07-25T21:01:43.000Z,~ Kalum Doohan,Friday,22,
2295,25/07/2025,22:05:39,2025-07-25T21:05:39.000Z,Hannah Page,Friday,22,
2296,25/07/2025,22:14:18,2025-07-25T21:14:18.000Z,‪+44 7305 124955‬,Friday,22,
2297,25/07/2025,22:52:56,2025-07-25T21:52:56.000Z,~ Conor,Friday,22,
2298,25/07/2025,23:09:39,2025-07-25T22:09:39.000Z,~ Seann,Friday,23,
2299,25/07/2025,23:32:56,2025-07-25T22:32:56.000Z,Jakey Breen,Friday,23,
2300,26/07/2025,00:38:59,2025-07-25T23:38:59.000Z,~ Conor,Saturday,0,
2301,26/07/2025,02:30:29,2025-07-26T01:30:29.000Z,Jakey Breen,Saturday,2,
2302,26/07/2025,09:23:11,2025-07-26T08:23:11.000Z,Hannah Page,Saturday,9,
2303,26/07/2025,09:54:27,2025-07-26T08:54:27.000Z,Hannah Page,Saturday,9,
2304,26/07/2025,12:07:57,2025-07-26T11:07:57.000Z,Hannah Page,Saturday,12,
2305,26/07/2025,12:42:03,2025-07-26T11:42:03.000Z,~ Joe Daniels,Saturday,12,
2306,26/07/2025,12:55:35,2025-07-26T11:55:35.000Z,~ Oli Pollock,Saturday,12,
2307,26/07/2025,13:08:49,2025-07-26T12:08:49.000Z,Lottie Passmore,Saturday,13,
2308,26/07/2025,13:21:58,2025-07-26T12:21:58.000Z,‪+44 7936 059701‬,Saturday,13,
2309,26/07/2025,14:03:53,2025-07-26T13:03:53.000Z,Hannah Page,Saturday,14,
2310,26/07/2025,15:08:57,2025-07-26T14:08:57.000Z,Hannah Page,Saturday,15,
2311,26/07/2025,15:40:42,2025-07-26T14:40:42.000Z,~ Kalum Doohan,Saturday,15,
2312,26/07/2025,16:11:17,2025-07-26T15:11:17.000Z,~ Sam Ross,Saturday,16,
2313,26/07/2025,16:12:35,2025-07-26T15:12:35.000Z,~ Thomas Hamilton,Saturday,16,
2314,26/07/2025,16:14:55,2025-07-26T15:14:55.000Z,~ Harry,Saturday,16,
2315,26/07/2025,16:18:45,2025-07-26T15:18:45.000Z,~ Brett,Saturday,16,
2316,26/07/2025,16:38:30,2025-07-26T15:38:30.000Z,~ Sam Ross,Saturday,16,
2317,26/07/2025,16:47:10,2025-07-26T15:47:10.000Z,~ Harry,Saturday,16,
2318,26/07/2025,16:53:01,2025-07-26T15:53:01.000Z,~ Seann,Saturday,16,
2319,26/07/2025,17:22:49,2025-07-26T16:22:49.000Z,~ Sam Ross,Saturday,17,
2320,26/07/2025,17:23:49,2025-07-26T16:23:49.000Z,~ Seann,Saturday,17,
2321,26/07/2025,17:37:26,2025-07-26T16:37:26.000Z,~ Conor,Saturday,17,
2322,26/07/2025,17:42:12,2025-07-26T16:42:12.000Z,~ Brett,Saturday,17,
2323,26/07/2025,17:57:25,2025-07-26T16:57:25.000Z,~ Max Evans,Saturday,17,
2324,26/07/2025,18:04:43,2025-07-26T17:04:43.000Z,Annabel Anderson,Saturday,18,
2325,26/07/2025,18:05:05,2025-07-26T17:05:05.000Z,~ Sam Ross,Saturday,18,
2326,26/07/2025,18:19:50,2025-07-26T17:19:50.000Z,~ Harry,Saturday,18,
2327,26/07/2025,18:24:22,2025-07-26T17:24:22.000Z,‪+44 7794 088735‬,Saturday,18,
2328,26/07/2025,18:36:46,2025-07-26T17:36:46.000Z,~ Jordan Newman,Saturday,18,
2329,26/07/2025,18:42:06,2025-07-26T17:42:06.000Z,~ Conor,Saturday,18,
2330,26/07/2025,18:56:01,2025-07-26T17:56:01.000Z,~ Sam Ross,Saturday,18,
2331,26/07/2025,18:57:49,2025-07-26T17:57:49.000Z,~ Ben Burton,Saturday,18,
2332,26/07/2025,19:02:20,2025-07-26T18:02:20.000Z,~ Harry,Saturday,19,
2333,26/07/2025,19:04:04,2025-07-26T18:04:04.000Z,~ Brett,Saturday,19,
2334,26/07/2025,19:05:26,2025-07-26T18:05:26.000Z,~ Dan Dolderson,Saturday,19,
2335,26/07/2025,19:06:39,2025-07-26T18:06:39.000Z,~ Conor,Saturday,19,
2336,26/07/2025,19:06:56,2025-07-26T18:06:56.000Z,Millie Brooke,Saturday,19,
2337,26/07/2025,19:09:33,2025-07-26T18:09:33.000Z,~ Max Evans,Saturday,19,
2338,26/07/2025,19:10:24,2025-07-26T18:10:24.000Z,Jakey Breen,Saturday,19,
2339,26/07/2025,19:12:37,2025-07-26T18:12:37.000Z,~ Seann,Saturday,19,
2340,26/07/2025,19:18:06,2025-07-26T18:18:06.000Z,Annabel Anderson,Saturday,19,
2341,26/07/2025,19:45:21,2025-07-26T18:45:21.000Z,Annabel Anderson,Saturday,19,
2342,26/07/2025,19:45:22,2025-07-26T18:45:22.000Z,Anya Trevor-Palleres,Saturday,19,
2343,26/07/2025,19:57:57,2025-07-26T18:57:57.000Z,~ Ben Burton,Saturday,19,
2344,26/07/2025,20:05:36,2025-07-26T19:05:36.000Z,~ Max Evans,Saturday,20,
2345,26/07/2025,20:09:22,2025-07-26T19:09:22.000Z,Jakey Breen,Saturday,20,
2346,26/07/2025,20:21:43,2025-07-26T19:21:43.000Z,~ Jordan Newman,Saturday,20,
2347,26/07/2025,20:30:52,2025-07-26T19:30:52.000Z,Jakey Breen,Saturday,20,
2348,26/07/2025,20:42:02,2025-07-26T19:42:02.000Z,~ Dan Dolderson,Saturday,20,
2349,26/07/2025,20:43:46,2025-07-26T19:43:46.000Z,Bella Cain,Saturday,20,
2350,26/07/2025,20:45:02,2025-07-26T19:45:02.000Z,~ Harry,Saturday,20,
2351,26/07/2025,20:45:45,2025-07-26T19:45:45.000Z,~ Brett,Saturday,20,
2352,26/07/2025,20:48:48,2025-07-26T19:48:48.000Z,~ Conor,Saturday,20,
2353,26/07/2025,20:54:09,2025-07-26T19:54:09.000Z,Anya Trevor-Palleres,Saturday,20,
2354,26/07/2025,21:22:03,2025-07-26T20:22:03.000Z,Flo Lewis,Saturday,21,
2355,26/07/2025,21:50:58,2025-07-26T20:50:58.000Z,Jakey Breen,Saturday,21,
2356,26/07/2025,21:52:03,2025-07-26T20:52:03.000Z,Millie Brooke,Saturday,21,
2357,26/07/2025,21:53:47,2025-07-26T20:53:47.000Z,‪+44 7557 048707‬,Saturday,21,
2358,26/07/2025,21:55:23,2025-07-26T20:55:23.000Z,~ Seann,Saturday,21,
2359,26/07/2025,22:03:36,2025-07-26T21:03:36.000Z,~ Jordan Newman,Saturday,22,
2360,26/07/2025,22:03:46,2025-07-26T21:03:46.000Z,~ Brett,Saturday,22,
2361,26/07/2025,22:27:34,2025-07-26T21:27:34.000Z,‪+44 7709 244161‬,Saturday,22,
2362,26/07/2025,22:40:41,2025-07-26T21:40:41.000Z,~ Kalum Doohan,Saturday,22,
2363,26/07/2025,22:51:18,2025-07-26T21:51:18.000Z,Conall Caverly,Saturday,22,
2364,26/07/2025,22:51:26,2025-07-26T21:51:26.000Z,Joe Zalas,Saturday,22,
2365,26/07/2025,23:58:31,2025-07-26T22:58:31.000Z,~ Conor,Saturday,23,
2366,27/07/2025,00:10:42,2025-07-26T23:10:42.000Z,Millie Brooke,Sunday,0,
2367,27/07/2025,00:14:14,2025-07-26T23:14:14.000Z,‪+44 7305 124955‬,Sunday,0,
2368,27/07/2025,11:44:32,2025-07-27T10:44:32.000Z,‪+44 7809 230722‬,Sunday,11,
2369,27/07/2025,13:02:43,2025-07-27T12:02:43.000Z,Hannah Page,Sunday,13,
2370,27/07/2025,13:54:43,2025-07-27T12:54:43.000Z,~ Seann,Sunday,13,
2371,27/07/2025,14:34:38,2025-07-27T13:34:38.000Z,Ethan,Sunday,14,
2372,27/07/2025,15:43:16,2025-07-27T14:43:16.000Z,Shay,Sunday,15,
2373,27/07/2025,16:22:32,2025-07-27T15:22:32.000Z,Jakey Breen,Sunday,16,
2374,27/07/2025,16:45:14,2025-07-27T15:45:14.000Z,Hannah Page,Sunday,16,
2375,27/07/2025,16:49:26,2025-07-27T15:49:26.000Z,Shay,Sunday,16,
2376,27/07/2025,16:49:41,2025-07-27T15:49:41.000Z,Millie Brooke,Sunday,16,
2377,27/07/2025,16:55:01,2025-07-27T15:55:01.000Z,Caitlin Driscoll,Sunday,16,
2378,27/07/2025,17:03:00,2025-07-27T16:03:00.000Z,Jakey Breen,Sunday,17,
2379,27/07/2025,17:08:19,2025-07-27T16:08:19.000Z,~ Justin lewis,Sunday,17,
2380,27/07/2025,17:24:32,2025-07-27T16:24:32.000Z,Abby Khalifeh,Sunday,17,
2381,27/07/2025,17:39:49,2025-07-27T16:39:49.000Z,~ Brett,Sunday,17,
2382,27/07/2025,17:40:55,2025-07-27T16:40:55.000Z,~ Bobby Burnand,Sunday,17,
2383,27/07/2025,17:42:31,2025-07-27T16:42:31.000Z,Anya Trevor-Palleres,Sunday,17,
2384,27/07/2025,17:50:23,2025-07-27T16:50:23.000Z,‪+44 7921 584225‬,Sunday,17,
2385,27/07/2025,17:51:21,2025-07-27T16:51:21.000Z,Shay,Sunday,17,
2386,27/07/2025,17:53:47,2025-07-27T16:53:47.000Z,~ Ellis P,Sunday,17,
2387,27/07/2025,17:55:30,2025-07-27T16:55:30.000Z,Hannah Page,Sunday,17,
2388,27/07/2025,17:57:53,2025-07-27T16:57:53.000Z,Abby Khalifeh,Sunday,17,
2389,27/07/2025,18:32:05,2025-07-27T17:32:05.000Z,‪+44 7921 584225‬,Sunday,18,
2390,27/07/2025,18:32:39,2025-07-27T17:32:39.000Z,Indie Driscoll,Sunday,18,
2391,27/07/2025,18:34:04,2025-07-27T17:34:04.000Z,Joe Farmer,Sunday,18,
2392,27/07/2025,18:38:12,2025-07-27T17:38:12.000Z,‪+44 7305 124955‬,Sunday,18,
2393,27/07/2025,18:38:13,2025-07-27T17:38:13.000Z,Millie Brooke,Sunday,18,
2394,27/07/2025,18:39:14,2025-07-27T17:39:14.000Z,Jakey Breen,Sunday,18,
2395,27/07/2025,18:44:45,2025-07-27T17:44:45.000Z,Anya Trevor-Palleres,Sunday,18,
2396,27/07/2025,18:45:24,2025-07-27T17:45:24.000Z,Annabel Anderson,Sunday,18,
2397,27/07/2025,18:54:10,2025-07-27T17:54:10.000Z,‪+44 7557 048707‬,Sunday,18,
2398,27/07/2025,18:58:16,2025-07-27T17:58:16.000Z,Hannah Page,Sunday,18,
2399,27/07/2025,18:59:19,2025-07-27T17:59:19.000Z,Anya Trevor-Palleres,Sunday,18,
2400,27/07/2025,18:59:45,2025-07-27T17:59:45.000Z,Caitlin Driscoll,Sunday,18,
2401,27/07/2025,19:01:16,2025-07-27T18:01:16.000Z,Joe Farmer,Sunday,19,
2402,27/07/2025,19:08:51,2025-07-27T18:08:51.000Z,Hannah Page,Sunday,19,
2403,27/07/2025,19:09:32,2025-07-27T18:09:32.000Z,Mike Hope,Sunday,19,
2404,27/07/2025,19:32:04,2025-07-27T18:32:04.000Z,‪+44 7305 124955‬,Sunday,19,
2405,27/07/2025,20:21:24,2025-07-27T19:21:24.000Z,Hannah Page,Sunday,20,
2406,27/07/2025,21:14:25,2025-07-27T20:14:25.000Z,Jakey Breen,Sunday,21,
2407,27/07/2025,21:17:58,2025-07-27T20:17:58.000Z,‪+44 7305 124955‬,Sunday,21,
2408,27/07/2025,21:37:53,2025-07-27T20:37:53.000Z,~ Ellis P,Sunday,21,
2409,28/07/2025,14:23:35,2025-07-28T13:23:35.000Z,Abby Khalifeh,Monday,14,
2410,28/07/2025,16:46:42,2025-07-28T15:46:42.000Z,Abby Khalifeh,Monday,16,
2411,28/07/2025,18:32:19,2025-07-28T17:32:19.000Z,~ Jordan Newman,Monday,18,
2412,28/07/2025,18:35:31,2025-07-28T17:35:31.000Z,‪+44 7305 124955‬,Monday,18,
2413,28/07/2025,18:59:35,2025-07-28T17:59:35.000Z,~ Max Evans,Monday,18,
2414,28/07/2025,19:35:12,2025-07-28T18:35:12.000Z,~ Max Evans,Monday,19,
2415,28/07/2025,19:35:23,2025-07-28T18:35:23.000Z,‪+44 7305 124955‬,Monday,19,
2416,28/07/2025,19:36:22,2025-07-28T18:36:22.000Z,Annabel Anderson,Monday,19,
2417,28/07/2025,19:55:12,2025-07-28T18:55:12.000Z,Caolán Walsh,Monday,19,
2418,28/07/2025,20:09:57,2025-07-28T19:09:57.000Z,~ ellie,Monday,20,
2419,28/07/2025,20:24:00,2025-07-28T19:24:00.000Z,~ Jordan Newman,Monday,20,
2420,28/07/2025,20:29:04,2025-07-28T19:29:04.000Z,Caolán Walsh,Monday,20,
2421,28/07/2025,21:06:49,2025-07-28T20:06:49.000Z,~ Will Anderson,Monday,21,
2422,28/07/2025,21:12:46,2025-07-28T20:12:46.000Z,‪+44 7305 124955‬,Monday,21,
2423,28/07/2025,21:25:04,2025-07-28T20:25:04.000Z,Bella Cain,Monday,21,
2424,28/07/2025,21:34:39,2025-07-28T20:34:39.000Z,Caolán Walsh,Monday,21,
2425,28/07/2025,22:01:05,2025-07-28T21:01:05.000Z,‪+44 7305 124955‬,Monday,22,
2426,28/07/2025,22:02:07,2025-07-28T21:02:07.000Z,Bella Cain,Monday,22,
2427,29/07/2025,14:35:21,2025-07-29T13:35:21.000Z,~ Jake Rooney,Tuesday,14,
2428,29/07/2025,17:39:27,2025-07-29T16:39:27.000Z,Millie Brooke,Tuesday,17,
2429,29/07/2025,17:45:45,2025-07-29T16:45:45.000Z,‪+44 7305 124955‬,Tuesday,17,
2430,29/07/2025,18:24:40,2025-07-29T17:24:40.000Z,Caolán Walsh,Tuesday,18,
2431,29/07/2025,18:44:40,2025-07-29T17:44:40.000Z,Conall Caverly,Tuesday,18,
2432,29/07/2025,19:03:58,2025-07-29T18:03:58.000Z,~ Harry,Tuesday,19,
2433,29/07/2025,19:20:14,2025-07-29T18:20:14.000Z,Millie Brooke,Tuesday,19,
2434,29/07/2025,19:20:30,2025-07-29T18:20:30.000Z,Hannah Page,Tuesday,19,
2435,29/07/2025,19:28:12,2025-07-29T18:28:12.000Z,Conall Caverly,Tuesday,19,
2436,29/07/2025,19:29:30,2025-07-29T18:29:30.000Z,Caolán Walsh,Tuesday,19,
2437,29/07/2025,19:49:53,2025-07-29T18:49:53.000Z,~ Seann,Tuesday,19,
2438,29/07/2025,20:13:48,2025-07-29T19:13:48.000Z,~ Harry,Tuesday,20,
2439,29/07/2025,20:15:27,2025-07-29T19:15:27.000Z,Millie Brooke,Tuesday,20,
2440,29/07/2025,20:25:56,2025-07-29T19:25:56.000Z,Conall Caverly,Tuesday,20,
2441,29/07/2025,20:47:17,2025-07-29T19:47:17.000Z,‪+44 7305 124955‬,Tuesday,20,
2442,29/07/2025,20:48:37,2025-07-29T19:48:37.000Z,‪+44 7866 450159‬,Tuesday,20,
2443,29/07/2025,20:53:35,2025-07-29T19:53:35.000Z,Hannah Page,Tuesday,20,
2444,29/07/2025,22:49:16,2025-07-29T21:49:16.000Z,‪+44 7305 124955‬,Tuesday,22,
2445,30/07/2025,16:07:08,2025-07-30T15:07:08.000Z,~ Oli Pollock,Wednesday,16,
2446,30/07/2025,17:54:42,2025-07-30T16:54:42.000Z,~ Harry,Wednesday,17,
2447,30/07/2025,18:22:34,2025-07-30T17:22:34.000Z,~ Brett,Wednesday,18,
2448,30/07/2025,18:32:37,2025-07-30T17:32:37.000Z,~ Harry,Wednesday,18,
2449,30/07/2025,18:38:57,2025-07-30T17:38:57.000Z,Caitlin Driscoll,Wednesday,18,
2450,30/07/2025,18:40:53,2025-07-30T17:40:53.000Z,~ Rory Oakes,Wednesday,18,
2451,31/07/2025,13:10:30,2025-07-31T12:10:30.000Z,‪+44 7841 958283‬,Thursday,13,
2452,31/07/2025,13:35:12,2025-07-31T12:35:12.000Z,~ Jess Westwood,Thursday,13,
2453,31/07/2025,13:45:00,2025-07-31T12:45:00.000Z,‪+44 7841 958283‬,Thursday,13,
2454,31/07/2025,14:08:24,2025-07-31T13:08:24.000Z,Georgia Jones,Thursday,14,
2455,31/07/2025,14:28:23,2025-07-31T13:28:23.000Z,Georgia Jones,Thursday,14,
2456,31/07/2025,15:57:24,2025-07-31T14:57:24.000Z,Lottie Passmore,Thursday,15,
2457,31/07/2025,16:08:27,2025-07-31T15:08:27.000Z,~ Maddie,Thursday,16,
2458,31/07/2025,18:10:42,2025-07-31T17:10:42.000Z,Lottie Passmore,Thursday,18,
2459,31/07/2025,18:58:31,2025-07-31T17:58:31.000Z,Millie Brooke,Thursday,18,
2460,31/07/2025,19:00:29,2025-07-31T18:00:29.000Z,Indie Driscoll,Thursday,19,
2461,31/07/2025,19:09:15,2025-07-31T18:09:15.000Z,‪+44 7470 600918‬,Thursday,19,
2462,31/07/2025,19:32:56,2025-07-31T18:32:56.000Z,~ Bobby Burnand,Thursday,19,
2463,31/07/2025,20:20:25,2025-07-31T19:20:25.000Z,Caolán Walsh,Thursday,20,
2464,31/07/2025,20:24:18,2025-07-31T19:24:18.000Z,~ Jake Rooney,Thursday,20,
2465,31/07/2025,20:33:54,2025-07-31T19:33:54.000Z,~ Harry,Thursday,20,
2466,31/07/2025,20:44:29,2025-07-31T19:44:29.000Z,‪+44 7470 600918‬,Thursday,20,
2467,31/07/2025,20:50:35,2025-07-31T19:50:35.000Z,Conall Caverly,Thursday,20,
2468,31/07/2025,21:25:04,2025-07-31T20:25:04.000Z,‪+44 7470 600918‬,Thursday,21,
2469,31/07/2025,21:34:37,2025-07-31T20:34:37.000Z,~ Bobby Burnand,Thursday,21,
2470,31/07/2025,21:35:51,2025-07-31T20:35:51.000Z,Millie Brooke,Thursday,21,
2471,31/07/2025,21:47:15,2025-07-31T20:47:15.000Z,Flo Lewis,Thursday,21,
2472,31/07/2025,22:17:46,2025-07-31T21:17:46.000Z,‪+44 7936 059701‬,Thursday,22,
2473,31/07/2025,22:26:58,2025-07-31T21:26:58.000Z,Conall Caverly,Thursday,22,
2474,01/08/2025,11:51:21,2025-08-01T10:51:21.000Z,Georgia Jones,Friday,11,
2475,01/08/2025,13:05:57,2025-08-01T12:05:57.000Z,~ Jordan Newman,Friday,13,
2476,01/08/2025,14:12:04,2025-08-01T13:12:04.000Z,Georgia Jones,Friday,14,
2477,01/08/2025,15:25:10,2025-08-01T14:25:10.000Z,‪+44 7888 607778‬,Friday,15,
2478,01/08/2025,16:11:38,2025-08-01T15:11:38.000Z,Bella Cain,Friday,16,
2479,01/08/2025,16:43:55,2025-08-01T15:43:55.000Z,Annabel Anderson,Friday,16,
2480,01/08/2025,16:44:39,2025-08-01T15:44:39.000Z,~ Brett,Friday,16,
2481,01/08/2025,16:56:58,2025-08-01T15:56:58.000Z,~ Jordan Newman,Friday,16,
2482,01/08/2025,17:02:21,2025-08-01T16:02:21.000Z,~ Seann,Friday,17,
2483,01/08/2025,17:20:32,2025-08-01T16:20:32.000Z,~ Owen,Friday,17,
2484,01/08/2025,17:22:57,2025-08-01T16:22:57.000Z,~ Brett,Friday,17,
2485,01/08/2025,17:52:13,2025-08-01T16:52:13.000Z,‪+44 7305 124955‬,Friday,17,
2486,01/08/2025,17:52:42,2025-08-01T16:52:42.000Z,~ Owen,Friday,17,
2487,01/08/2025,18:15:22,2025-08-01T17:15:22.000Z,~ Jordan Newman,Friday,18,
2488,01/08/2025,18:20:54,2025-08-01T17:20:54.000Z,‪+353 83 876 4861‬,Friday,18,
2489,01/08/2025,18:25:05,2025-08-01T17:25:05.000Z,Bella Cain,Friday,18,
2490,01/08/2025,18:25:19,2025-08-01T17:25:19.000Z,~ Ellis P,Friday,18,
2491,01/08/2025,18:46:48,2025-08-01T17:46:48.000Z,~ Will Anderson,Friday,18,
2492,01/08/2025,18:49:09,2025-08-01T17:49:09.000Z,‪+44 7305 124955‬,Friday,18,
2493,01/08/2025,18:51:54,2025-08-01T17:51:54.000Z,‪+44 7470 600918‬,Friday,18,
2494,01/08/2025,18:58:53,2025-08-01T17:58:53.000Z,~ Bobby Burnand,Friday,18,
2495,01/08/2025,19:02:43,2025-08-01T18:02:43.000Z,Bella Cain,Friday,19,
2496,01/08/2025,19:06:43,2025-08-01T18:06:43.000Z,Shay,Friday,19,
2497,01/08/2025,19:15:16,2025-08-01T18:15:16.000Z,~ Harry,Friday,19,
2498,01/08/2025,19:18:50,2025-08-01T18:18:50.000Z,‪+44 7557 048707‬,Friday,19,
2499,01/08/2025,19:23:24,2025-08-01T18:23:24.000Z,‪+44 7736 800692‬,Friday,19,
2500,01/08/2025,19:23:59,2025-08-01T18:23:59.000Z,‪+44 7841 958283‬,Friday,19,
2501,01/08/2025,19:27:40,2025-08-01T18:27:40.000Z,Caolán Walsh,Friday,19,
2502,01/08/2025,19:33:15,2025-08-01T18:33:15.000Z,~ Jake Rooney,Friday,19,
2503,01/08/2025,19:41:47,2025-08-01T18:41:47.000Z,Bella Cain,Friday,19,
2504,01/08/2025,19:42:22,2025-08-01T18:42:22.000Z,Flo Lewis,Friday,19,
2505,01/08/2025,19:50:15,2025-08-01T18:50:15.000Z,‪+44 7305 124955‬,Friday,19,
2506,01/08/2025,20:10:24,2025-08-01T19:10:24.000Z,Caolán Walsh,Friday,20,
2507,01/08/2025,20:14:27,2025-08-01T19:14:27.000Z,‪+44 7557 048707‬,Friday,20,
2508,01/08/2025,20:14:54,2025-08-01T19:14:54.000Z,~ Bobby Burnand,Friday,20,
2509,01/08/2025,20:23:17,2025-08-01T19:23:17.000Z,Katy Laville,Friday,20,
2510,01/08/2025,20:25:11,2025-08-01T19:25:11.000Z,‪+44 7305 124955‬,Friday,20,
2511,01/08/2025,20:34:46,2025-08-01T19:34:46.000Z,Caolán Walsh,Friday,20,
2512,01/08/2025,21:09:27,2025-08-01T20:09:27.000Z,~ Seann,Friday,21,
2513,01/08/2025,21:20:51,2025-08-01T20:20:51.000Z,Caolán Walsh,Friday,21,
2514,01/08/2025,21:25:50,2025-08-01T20:25:50.000Z,~ Max Evans,Friday,21,
2515,01/08/2025,22:03:52,2025-08-01T21:03:52.000Z,Annabel Anderson,Friday,22,
2516,01/08/2025,22:04:42,2025-08-01T21:04:42.000Z,‪+44 7530 856137‬,Friday,22,
2517,01/08/2025,22:05:29,2025-08-01T21:05:29.000Z,‪+44 7773 407979‬,Friday,22,
2518,01/08/2025,22:18:42,2025-08-01T21:18:42.000Z,~ Kalum Doohan,Friday,22,
2519,01/08/2025,22:19:01,2025-08-01T21:19:01.000Z,‪+44 7557 048707‬,Friday,22,
2520,01/08/2025,22:19:42,2025-08-01T21:19:42.000Z,‪+44 7794 389019‬,Friday,22,
2521,01/08/2025,22:20:02,2025-08-01T21:20:02.000Z,Flo Lewis,Friday,22,
2522,01/08/2025,22:22:22,2025-08-01T21:22:22.000Z,‪+44 7767 745032‬,Friday,22,
2523,01/08/2025,22:28:14,2025-08-01T21:28:14.000Z,Hannah Page,Friday,22,
2524,01/08/2025,22:32:56,2025-08-01T21:32:56.000Z,Caolán Walsh,Friday,22,
2525,01/08/2025,23:04:26,2025-08-01T22:04:26.000Z,Shay,Friday,23,
2526,02/08/2025,00:07:50,2025-08-01T23:07:50.000Z,~ Conor,Saturday,0,
2527,02/08/2025,01:06:38,2025-08-02T00:06:38.000Z,Shay,Saturday,1,
2528,02/08/2025,02:01:25,2025-08-02T01:01:25.000Z,Bella Cain,Saturday,2,
2529,02/08/2025,03:11:27,2025-08-02T02:11:27.000Z,Conall Caverly,Saturday,3,
2530,02/08/2025,03:40:31,2025-08-02T02:40:31.000Z,‪+353 86 368 5404‬,Saturday,3,
2531,02/08/2025,04:19:32,2025-08-02T03:19:32.000Z,Georgia Jones,Saturday,4,
2532,02/08/2025,04:40:35,2025-08-02T03:40:35.000Z,Conall Caverly,Saturday,4,
2533,02/08/2025,09:13:35,2025-08-02T08:13:35.000Z,Georgia Jones,Saturday,9,
2534,02/08/2025,09:38:53,2025-08-02T08:38:53.000Z,Hannah Page,Saturday,9,
2535,02/08/2025,10:02:49,2025-08-02T09:02:49.000Z,Hannah Page,Saturday,10,
2536,02/08/2025,10:09:47,2025-08-02T09:09:47.000Z,Annabel Anderson,Saturday,10,
2537,02/08/2025,10:19:59,2025-08-02T09:19:59.000Z,‪+44 7768 392467‬,Saturday,10,
2538,02/08/2025,10:30:10,2025-08-02T09:30:10.000Z,Hannah Page,Saturday,10,
2539,02/08/2025,11:02:18,2025-08-02T10:02:18.000Z,‪+44 7736 800692‬,Saturday,11,
2540,02/08/2025,11:15:51,2025-08-02T10:15:51.000Z,‪+44 7511 056564‬,Saturday,11,
2541,02/08/2025,11:23:02,2025-08-02T10:23:02.000Z,Anya Trevor-Palleres,Saturday,11,
2542,02/08/2025,11:35:50,2025-08-02T10:35:50.000Z,Anya Trevor-Palleres,Saturday,11,
2543,02/08/2025,11:38:17,2025-08-02T10:38:17.000Z,~ Max Evans,Saturday,11,
2544,02/08/2025,12:08:33,2025-08-02T11:08:33.000Z,~ Max Evans,Saturday,12,
2545,02/08/2025,12:25:19,2025-08-02T11:25:19.000Z,‪+44 7841 958283‬,Saturday,12,
2546,02/08/2025,12:48:56,2025-08-02T11:48:56.000Z,~ Max Evans,Saturday,12,
2547,02/08/2025,12:50:10,2025-08-02T11:50:10.000Z,Shay,Saturday,12,
2548,02/08/2025,13:06:11,2025-08-02T12:06:11.000Z,Shay,Saturday,13,
2549,02/08/2025,13:15:10,2025-08-02T12:15:10.000Z,~ Max Evans,Saturday,13,
2550,02/08/2025,13:22:38,2025-08-02T12:22:38.000Z,Shay,Saturday,13,
2551,02/08/2025,13:37:03,2025-08-02T12:37:03.000Z,Indie Driscoll,Saturday,13,
2552,02/08/2025,13:37:52,2025-08-02T12:37:52.000Z,~ Brett,Saturday,13,
2553,02/08/2025,13:39:23,2025-08-02T12:39:23.000Z,Harriet,Saturday,13,
2554,02/08/2025,13:39:48,2025-08-02T12:39:48.000Z,Lottie Passmore,Saturday,13,
2555,02/08/2025,13:43:02,2025-08-02T12:43:02.000Z,~ Will Anderson,Saturday,13,
2556,02/08/2025,13:57:16,2025-08-02T12:57:16.000Z,~ Max Evans,Saturday,13,
2557,02/08/2025,13:58:29,2025-08-02T12:58:29.000Z,Shay,Saturday,13,
2558,02/08/2025,14:20:18,2025-08-02T13:20:18.000Z,Georgia Jones,Saturday,14,
2559,02/08/2025,14:31:44,2025-08-02T13:31:44.000Z,~ Max Evans,Saturday,14,
2560,02/08/2025,14:40:39,2025-08-02T13:40:39.000Z,Caitlin Driscoll,Saturday,14,
2561,02/08/2025,15:04:46,2025-08-02T14:04:46.000Z,~ Poppy Jones,Saturday,15,
2562,02/08/2025,15:24:20,2025-08-02T14:24:20.000Z,~ Oli Pollock,Saturday,15,
2563,02/08/2025,15:26:22,2025-08-02T14:26:22.000Z,~ Maeve,Saturday,15,
2564,02/08/2025,15:36:48,2025-08-02T14:36:48.000Z,Millie Brooke,Saturday,15,
2565,02/08/2025,15:38:47,2025-08-02T14:38:47.000Z,~ Ben Burton,Saturday,15,
2566,02/08/2025,15:49:18,2025-08-02T14:49:18.000Z,~ Max Evans,Saturday,15,
2567,02/08/2025,15:51:53,2025-08-02T14:51:53.000Z,~ Poppy Jones,Saturday,15,
2568,02/08/2025,16:06:31,2025-08-02T15:06:31.000Z,Jakey Breen,Saturday,16,
2569,02/08/2025,16:14:24,2025-08-02T15:14:24.000Z,‪+44 7305 124955‬,Saturday,16,
2570,02/08/2025,16:25:34,2025-08-02T15:25:34.000Z,~ William Burton,Saturday,16,
2571,02/08/2025,16:35:34,2025-08-02T15:35:34.000Z,Jakey Breen,Saturday,16,
2572,02/08/2025,16:50:35,2025-08-02T15:50:35.000Z,~ Maeve,Saturday,16,
2573,02/08/2025,16:51:11,2025-08-02T15:51:11.000Z,~ Ben Burton,Saturday,16,
2574,02/08/2025,16:54:58,2025-08-02T15:54:58.000Z,~ Jordan Newman,Saturday,16,
2575,02/08/2025,16:57:31,2025-08-02T15:57:31.000Z,Shay,Saturday,16,
2576,02/08/2025,17:11:20,2025-08-02T16:11:20.000Z,~ Poppy Jones,Saturday,17,
2577,02/08/2025,17:13:28,2025-08-02T16:13:28.000Z,‪+44 7305 124955‬,Saturday,17,
2578,02/08/2025,17:13:40,2025-08-02T16:13:40.000Z,~ Ben Burton,Saturday,17,
2579,02/08/2025,17:23:04,2025-08-02T16:23:04.000Z,~ Bobby Burnand,Saturday,17,
2580,02/08/2025,17:35:31,2025-08-02T16:35:31.000Z,‪+44 7305 124955‬,Saturday,17,
2581,02/08/2025,17:39:29,2025-08-02T16:39:29.000Z,~ Ben Burton,Saturday,17,
2582,02/08/2025,17:46:44,2025-08-02T16:46:44.000Z,~ Jordan Newman,Saturday,17,
2583,02/08/2025,18:00:47,2025-08-02T17:00:47.000Z,~ Brett,Saturday,18,
2584,02/08/2025,18:02:51,2025-08-02T17:02:51.000Z,‪+44 7305 124955‬,Saturday,18,
2585,02/08/2025,18:12:12,2025-08-02T17:12:12.000Z,~ William Burton,Saturday,18,
2586,02/08/2025,18:12:16,2025-08-02T17:12:16.000Z,Conall Caverly,Saturday,18,
2587,02/08/2025,18:14:52,2025-08-02T17:14:52.000Z,~ Ellis P,Saturday,18,
2588,02/08/2025,18:25:58,2025-08-02T17:25:58.000Z,~ Harry,Saturday,18,
2589,02/08/2025,18:35:28,2025-08-02T17:35:28.000Z,‪+44 7305 124955‬,Saturday,18,
2590,02/08/2025,18:41:53,2025-08-02T17:41:53.000Z,~ Max Evans,Saturday,18,
2591,02/08/2025,18:45:13,2025-08-02T17:45:13.000Z,~ Owen,Saturday,18,
2592,02/08/2025,18:50:34,2025-08-02T17:50:34.000Z,Hannah Page,Saturday,18,
2593,02/08/2025,18:51:39,2025-08-02T17:51:39.000Z,Harriet,Saturday,18,
2594,02/08/2025,19:00:18,2025-08-02T18:00:18.000Z,~ Ellis P,Saturday,19,
2595,02/08/2025,19:08:13,2025-08-02T18:08:13.000Z,~ Bobby Burnand,Saturday,19,
2596,02/08/2025,19:09:04,2025-08-02T18:09:04.000Z,‪+44 7305 124955‬,Saturday,19,
2597,02/08/2025,19:11:41,2025-08-02T18:11:41.000Z,~ Brett,Saturday,19,
2598,02/08/2025,19:15:21,2025-08-02T18:15:21.000Z,~ Joe Daniels,Saturday,19,
2599,02/08/2025,19:19:09,2025-08-02T18:19:09.000Z,~ Seann,Saturday,19,
2600,02/08/2025,19:47:11,2025-08-02T18:47:11.000Z,‪+44 7305 124955‬,Saturday,19,
2601,02/08/2025,20:02:22,2025-08-02T19:02:22.000Z,~ Ben Burton,Saturday,20,
2602,02/08/2025,20:19:04,2025-08-02T19:19:04.000Z,~ Brett,Saturday,20,
2603,02/08/2025,20:28:17,2025-08-02T19:28:17.000Z,~ Will Anderson,Saturday,20,
2604,02/08/2025,20:31:07,2025-08-02T19:31:07.000Z,‪+44 7305 124955‬,Saturday,20,
2605,02/08/2025,21:02:03,2025-08-02T20:02:03.000Z,‪+44 7305 124955‬,Saturday,21,
2606,02/08/2025,21:02:25,2025-08-02T20:02:25.000Z,~ Ben Burton,Saturday,21,
2607,02/08/2025,21:29:20,2025-08-02T20:29:20.000Z,‪+44 7305 124955‬,Saturday,21,
2608,02/08/2025,22:00:47,2025-08-02T21:00:47.000Z,‪+44 7305 124955‬,Saturday,22,
2609,02/08/2025,22:07:04,2025-08-02T21:07:04.000Z,‪+44 7736 800692‬,Saturday,22,
2610,02/08/2025,22:23:18,2025-08-02T21:23:18.000Z,~ Bobby Burnand,Saturday,22,
2611,02/08/2025,22:44:42,2025-08-02T21:44:42.000Z,‪+44 7305 124955‬,Saturday,22,
2612,03/08/2025,10:57:55,2025-08-03T09:57:55.000Z,Georgia Jones,Sunday,10,
2613,03/08/2025,11:28:59,2025-08-03T10:28:59.000Z,Georgia Jones,Sunday,11,
2614,03/08/2025,12:18:02,2025-08-03T11:18:02.000Z,~ Poppy Jones,Sunday,12,
2615,03/08/2025,13:08:49,2025-08-03T12:08:49.000Z,‪+44 7572 124159‬,Sunday,13,
2616,03/08/2025,13:12:28,2025-08-03T12:12:28.000Z,Caitlin Driscoll,Sunday,13,
2617,03/08/2025,14:04:19,2025-08-03T13:04:19.000Z,Hannah Page,Sunday,14,
2618,03/08/2025,14:32:51,2025-08-03T13:32:51.000Z,‪+44 7736 800692‬,Sunday,14,
2619,03/08/2025,15:21:08,2025-08-03T14:21:08.000Z,Hannah Page,Sunday,15,
2620,03/08/2025,15:50:16,2025-08-03T14:50:16.000Z,Caitlin Driscoll,Sunday,15,
2621,03/08/2025,16:30:57,2025-08-03T15:30:57.000Z,~ Bobby Burnand,Sunday,16,
2622,03/08/2025,16:35:07,2025-08-03T15:35:07.000Z,Bella Cain,Sunday,16,
2623,03/08/2025,16:51:57,2025-08-03T15:51:57.000Z,~ Oliver,Sunday,16,
2624,03/08/2025,17:06:49,2025-08-03T16:06:49.000Z,Annabel Anderson,Sunday,17,
2625,03/08/2025,17:09:21,2025-08-03T16:09:21.000Z,‪+44 7305 124955‬,Sunday,17,
2626,03/08/2025,17:25:54,2025-08-03T16:25:54.000Z,~ Seann,Sunday,17,
2627,03/08/2025,17:38:55,2025-08-03T16:38:55.000Z,~ Will Anderson,Sunday,17,
2628,03/08/2025,17:57:54,2025-08-03T16:57:54.000Z,Annabel Anderson,Sunday,17,
2629,03/08/2025,18:08:52,2025-08-03T17:08:52.000Z,‪+44 7736 800692‬,Sunday,18,
2630,03/08/2025,18:10:11,2025-08-03T17:10:11.000Z,‪+44 7511 056564‬,Sunday,18,
2631,03/08/2025,18:10:28,2025-08-03T17:10:28.000Z,~ Joe Daniels,Sunday,18,
2632,03/08/2025,18:10:35,2025-08-03T17:10:35.000Z,Anya Trevor-Palleres,Sunday,18,
2633,03/08/2025,18:10:49,2025-08-03T17:10:49.000Z,Hannah Page,Sunday,18,
2634,03/08/2025,18:26:47,2025-08-03T17:26:47.000Z,‪+44 7557 048707‬,Sunday,18,
2635,03/08/2025,18:29:43,2025-08-03T17:29:43.000Z,Annabel Anderson,Sunday,18,
2636,03/08/2025,18:31:03,2025-08-03T17:31:03.000Z,‪+44 7305 124955‬,Sunday,18,
2637,03/08/2025,18:42:21,2025-08-03T17:42:21.000Z,Caolán Walsh,Sunday,18,
2638,03/08/2025,18:56:58,2025-08-03T17:56:58.000Z,‪+44 7511 056564‬,Sunday,18,
2639,03/08/2025,19:36:51,2025-08-03T18:36:51.000Z,Caolán Walsh,Sunday,19,
2640,03/08/2025,19:44:27,2025-08-03T18:44:27.000Z,Annabel Anderson,Sunday,19,
2641,03/08/2025,19:44:41,2025-08-03T18:44:41.000Z,Hannah Page,Sunday,19,
2642,03/08/2025,19:45:00,2025-08-03T18:45:00.000Z,Bella Cain,Sunday,19,
2643,03/08/2025,19:53:52,2025-08-03T18:53:52.000Z,Conall Caverly,Sunday,19,
2644,03/08/2025,20:34:33,2025-08-03T19:34:33.000Z,Caolán Walsh,Sunday,20,
2645,03/08/2025,20:40:33,2025-08-03T19:40:33.000Z,‪+44 7305 124955‬,Sunday,20,
2646,03/08/2025,20:44:25,2025-08-03T19:44:25.000Z,Hannah Page,Sunday,20,
2647,03/08/2025,20:47:27,2025-08-03T19:47:27.000Z,Bella Cain,Sunday,20,
2648,03/08/2025,21:05:28,2025-08-03T20:05:28.000Z,Bella Cain,Sunday,21,
2649,03/08/2025,21:26:18,2025-08-03T20:26:18.000Z,Conall Caverly,Sunday,21,
2650,03/08/2025,22:10:20,2025-08-03T21:10:20.000Z,Conall Caverly,Sunday,22,
2651,03/08/2025,23:02:48,2025-08-03T22:02:48.000Z,Hannah Page,Sunday,23,
2652,03/08/2025,23:41:43,2025-08-03T22:41:43.000Z,Hannah Page,Sunday,23,
2653,03/08/2025,23:55:55,2025-08-03T22:55:55.000Z,Hannah Page,Sunday,23,
2654,03/08/2025,23:57:41,2025-08-03T22:57:41.000Z,Hannah Page,Sunday,23,
2655,04/08/2025,00:19:28,2025-08-03T23:19:28.000Z,~ James Castle,Monday,0,
2656,04/08/2025,10:55:58,2025-08-04T09:55:58.000Z,Georgia Jones,Monday,10,
2657,04/08/2025,11:08:26,2025-08-04T10:08:26.000Z,Abby Khalifeh,Monday,11,
2658,04/08/2025,12:10:52,2025-08-04T11:10:52.000Z,Georgia Jones,Monday,12,
2659,04/08/2025,13:49:27,2025-08-04T12:49:27.000Z,Abby Khalifeh,Monday,13,
2660,04/08/2025,17:51:49,2025-08-04T16:51:49.000Z,Joe Farmer,Monday,17,
2661,04/08/2025,18:24:57,2025-08-04T17:24:57.000Z,Joe Farmer,Monday,18,
2662,04/08/2025,18:35:49,2025-08-04T17:35:49.000Z,‪+44 7921 584225‬,Monday,18,
2663,04/08/2025,18:49:44,2025-08-04T17:49:44.000Z,Abby Khalifeh,Monday,18,
2664,04/08/2025,18:59:44,2025-08-04T17:59:44.000Z,‪+44 7921 584225‬,Monday,18,
2665,04/08/2025,19:43:28,2025-08-04T18:43:28.000Z,Caolán Walsh,Monday,19,
2666,04/08/2025,20:02:05,2025-08-04T19:02:05.000Z,‪+44 7305 124955‬,Monday,20,
2667,04/08/2025,20:30:19,2025-08-04T19:30:19.000Z,Caolán Walsh,Monday,20,
2668,04/08/2025,21:22:01,2025-08-04T20:22:01.000Z,Conall Caverly,Monday,21,
2669,04/08/2025,22:09:22,2025-08-04T21:09:22.000Z,Flo Lewis,Monday,22,
2670,04/08/2025,22:10:20,2025-08-04T21:10:20.000Z,‪+44 7572 124159‬,Monday,22,
2671,04/08/2025,22:29:52,2025-08-04T21:29:52.000Z,Abby Khalifeh,Monday,22,
2672,05/08/2025,11:49:01,2025-08-05T10:49:01.000Z,Georgia Jones,Tuesday,11,
2673,05/08/2025,12:51:21,2025-08-05T11:51:21.000Z,‪+44 7921 584225‬,Tuesday,12,
2674,05/08/2025,12:51:53,2025-08-05T11:51:53.000Z,Bella Cain,Tuesday,12,
2675,05/08/2025,13:41:26,2025-08-05T12:41:26.000Z,Georgia Jones,Tuesday,13,
2676,05/08/2025,16:31:15,2025-08-05T15:31:15.000Z,Caolán Walsh,Tuesday,16,
2677,05/08/2025,16:40:55,2025-08-05T15:40:55.000Z,Joe Farmer,Tuesday,16,
2678,05/08/2025,17:41:30,2025-08-05T16:41:30.000Z,Caolán Walsh,Tuesday,17,
2679,05/08/2025,18:23:54,2025-08-05T17:23:54.000Z,Caolán Walsh,Tuesday,18,
2680,05/08/2025,19:18:09,2025-08-05T18:18:09.000Z,‪+44 7530 856137‬,Tuesday,19,
2681,05/08/2025,19:19:10,2025-08-05T18:19:10.000Z,Caolán Walsh,Tuesday,19,
2682,05/08/2025,19:43:41,2025-08-05T18:43:41.000Z,‪+44 7530 856137‬,Tuesday,19,
2683,05/08/2025,20:05:07,2025-08-05T19:05:07.000Z,Caolán Walsh,Tuesday,20,
2684,05/08/2025,20:51:57,2025-08-05T19:51:57.000Z,Caitlin Driscoll,Tuesday,20,
2685,05/08/2025,21:01:25,2025-08-05T20:01:25.000Z,Shay,Tuesday,21,
2686,05/08/2025,21:10:44,2025-08-05T20:10:44.000Z,~ Joe Daniels,Tuesday,21,
2687,05/08/2025,21:19:53,2025-08-05T20:19:53.000Z,Caolán Walsh,Tuesday,21,
2688,05/08/2025,21:23:45,2025-08-05T20:23:45.000Z,Hannah Page,Tuesday,21,
2689,05/08/2025,21:47:08,2025-08-05T20:47:08.000Z,Hannah Page,Tuesday,21,
2690,05/08/2025,22:33:01,2025-08-05T21:33:01.000Z,Flo Lewis,Tuesday,22,
2691,06/08/2025,00:28:12,2025-08-05T23:28:12.000Z,Flo Lewis,Wednesday,0,
2692,06/08/2025,15:29:45,2025-08-06T14:29:45.000Z,‪+44 7950 665167‬,Wednesday,15,
2693,06/08/2025,17:49:06,2025-08-06T16:49:06.000Z,Annabel Anderson,Wednesday,17,
2694,06/08/2025,17:55:00,2025-08-06T16:55:00.000Z,‪+44 7841 958283‬,Wednesday,17,
2695,06/08/2025,18:16:35,2025-08-06T17:16:35.000Z,Annabel Anderson,Wednesday,18,
2696,06/08/2025,18:28:11,2025-08-06T17:28:11.000Z,Hannah Page,Wednesday,18,
2697,06/08/2025,18:34:48,2025-08-06T17:34:48.000Z,Bella Cain,Wednesday,18,
2698,06/08/2025,18:47:56,2025-08-06T17:47:56.000Z,~ Harry,Wednesday,18,
2699,06/08/2025,18:56:01,2025-08-06T17:56:01.000Z,‪+44 7511 056564‬,Wednesday,18,
2700,06/08/2025,19:13:35,2025-08-06T18:13:35.000Z,Hannah Page,Wednesday,19,
2701,06/08/2025,19:23:08,2025-08-06T18:23:08.000Z,‪+44 7305 124955‬,Wednesday,19,
2702,06/08/2025,19:50:25,2025-08-06T18:50:25.000Z,~ Harry,Wednesday,19,
2703,06/08/2025,20:05:57,2025-08-06T19:05:57.000Z,~ ellie,Wednesday,20,
2704,06/08/2025,20:06:29,2025-08-06T19:06:29.000Z,~ Maddie,Wednesday,20,
2705,06/08/2025,20:11:33,2025-08-06T19:11:33.000Z,‪+44 7866 450159‬,Wednesday,20,
2706,06/08/2025,20:21:50,2025-08-06T19:21:50.000Z,Annabel Anderson,Wednesday,20,
2707,06/08/2025,20:25:45,2025-08-06T19:25:45.000Z,~ Justin lewis,Wednesday,20,
2708,06/08/2025,20:37:04,2025-08-06T19:37:04.000Z,‪+44 7305 124955‬,Wednesday,20,
2709,06/08/2025,21:08:57,2025-08-06T20:08:57.000Z,Hannah Page,Wednesday,21,
2710,06/08/2025,21:11:45,2025-08-06T20:11:45.000Z,‪+44 7305 124955‬,Wednesday,21,
2711,06/08/2025,21:27:43,2025-08-06T20:27:43.000Z,~ Will Anderson,Wednesday,21,
2712,06/08/2025,21:39:17,2025-08-06T20:39:17.000Z,~ Sean,Wednesday,21,
2713,06/08/2025,21:40:14,2025-08-06T20:40:14.000Z,‪+44 7305 124955‬,Wednesday,21,
2714,06/08/2025,22:01:46,2025-08-06T21:01:46.000Z,Hannah Page,Wednesday,22,
2715,07/08/2025,11:03:10,2025-08-07T10:03:10.000Z,Hannah Page,Thursday,11,
2716,07/08/2025,11:48:58,2025-08-07T10:48:58.000Z,‪+44 7506 586087‬,Thursday,11,
2717,07/08/2025,12:03:51,2025-08-07T11:03:51.000Z,Hannah Page,Thursday,12,
2718,07/08/2025,12:34:27,2025-08-07T11:34:27.000Z,Hannah Page,Thursday,12,
2719,07/08/2025,12:54:25,2025-08-07T11:54:25.000Z,Indie Driscoll,Thursday,12,
2720,07/08/2025,13:04:44,2025-08-07T12:04:44.000Z,Georgia Jones,Thursday,13,
2721,07/08/2025,13:23:03,2025-08-07T12:23:03.000Z,Georgia Jones,Thursday,13,
2722,07/08/2025,15:53:42,2025-08-07T14:53:42.000Z,Lottie Passmore,Thursday,15,
2723,07/08/2025,16:14:09,2025-08-07T15:14:09.000Z,Abby Khalifeh,Thursday,16,
2724,07/08/2025,17:36:47,2025-08-07T16:36:47.000Z,~ Jordan Newman,Thursday,17,
2725,07/08/2025,18:16:10,2025-08-07T17:16:10.000Z,‪+44 7841 958283‬,Thursday,18,
2726,07/08/2025,18:19:21,2025-08-07T17:19:21.000Z,~ Jordan Newman,Thursday,18,
2727,07/08/2025,18:53:33,2025-08-07T17:53:33.000Z,‪+44 7841 958283‬,Thursday,18,
2728,07/08/2025,18:56:58,2025-08-07T17:56:58.000Z,~ William Burton,Thursday,18,
2729,07/08/2025,18:58:31,2025-08-07T17:58:31.000Z,~ Jordan Newman,Thursday,18,
2730,07/08/2025,19:39:22,2025-08-07T18:39:22.000Z,~ Jordan Newman,Thursday,19,
2731,07/08/2025,19:59:31,2025-08-07T18:59:31.000Z,~ Joe Daniels,Thursday,19,
2732,07/08/2025,20:17:17,2025-08-07T19:17:17.000Z,Abby Khalifeh,Thursday,20,
2733,07/08/2025,20:26:15,2025-08-07T19:26:15.000Z,~ Kalum Doohan,Thursday,20,
2734,07/08/2025,23:54:44,2025-08-07T22:54:44.000Z,Abby Khalifeh,Thursday,23,
2735,08/08/2025,12:34:24,2025-08-08T11:34:24.000Z,Joe Farmer,Friday,12,
2736,08/08/2025,13:19:06,2025-08-08T12:19:06.000Z,‪+44 7554 884263‬,Friday,13,
2737,08/08/2025,14:05:11,2025-08-08T13:05:11.000Z,~ Bobby Burnand,Friday,14,
2738,08/08/2025,14:31:18,2025-08-08T13:31:18.000Z,~ Brett,Friday,14,
2739,08/08/2025,15:06:44,2025-08-08T14:06:44.000Z,Joe Farmer,Friday,15,
2740,08/08/2025,15:35:11,2025-08-08T14:35:11.000Z,~ Seann,Friday,15,
2741,08/08/2025,16:21:20,2025-08-08T15:21:20.000Z,‪+44 7305 124955‬,Friday,16,
2742,08/08/2025,16:24:52,2025-08-08T15:24:52.000Z,‪+44 7773 407979‬,Friday,16,
2743,08/08/2025,16:47:12,2025-08-08T15:47:12.000Z,~ Brett,Friday,16,
2744,08/08/2025,16:54:53,2025-08-08T15:54:53.000Z,‪+44 7557 048707‬,Friday,16,
2745,08/08/2025,17:07:32,2025-08-08T16:07:32.000Z,‪+44 7305 124955‬,Friday,17,
2746,08/08/2025,17:28:58,2025-08-08T16:28:58.000Z,~ Brett,Friday,17,
2747,08/08/2025,17:31:07,2025-08-08T16:31:07.000Z,~ Seann,Friday,17,
2748,08/08/2025,17:40:58,2025-08-08T16:40:58.000Z,Caolán Walsh,Friday,17,
2749,08/08/2025,17:58:59,2025-08-08T16:58:59.000Z,‪+44 7305 124955‬,Friday,17,
2750,08/08/2025,18:18:15,2025-08-08T17:18:15.000Z,Caolán Walsh,Friday,18,
2751,08/08/2025,18:51:44,2025-08-08T17:51:44.000Z,~ Brett,Friday,18,
2752,08/08/2025,19:16:31,2025-08-08T18:16:31.000Z,‪+44 7305 124955‬,Friday,19,
2753,08/08/2025,19:32:14,2025-08-08T18:32:14.000Z,~ Brett,Friday,19,
2754,08/08/2025,19:33:55,2025-08-08T18:33:55.000Z,Caolán Walsh,Friday,19,
2755,08/08/2025,19:34:42,2025-08-08T18:34:42.000Z,Conall Caverly,Friday,19,
2756,08/08/2025,19:50:27,2025-08-08T18:50:27.000Z,~ Sam Ross,Friday,19,
2757,08/08/2025,19:59:40,2025-08-08T18:59:40.000Z,~ Conor,Friday,19,
2758,08/08/2025,20:09:05,2025-08-08T19:09:05.000Z,Caolán Walsh,Friday,20,
2759,08/08/2025,20:21:32,2025-08-08T19:21:32.000Z,‪+44 7305 124955‬,Friday,20,
2760,08/08/2025,20:41:01,2025-08-08T19:41:01.000Z,~ Max Evans,Friday,20,
2761,08/08/2025,20:41:15,2025-08-08T19:41:15.000Z,~ Rory Oakes,Friday,20,
2762,08/08/2025,20:49:46,2025-08-08T19:49:46.000Z,‪+44 7773 407979‬,Friday,20,
2763,08/08/2025,20:50:18,2025-08-08T19:50:18.000Z,~ Conor,Friday,20,
2764,08/08/2025,21:10:10,2025-08-08T20:10:10.000Z,Shay,Friday,21,
2765,08/08/2025,21:12:23,2025-08-08T20:12:23.000Z,Anya Trevor-Palleres,Friday,21,
2766,08/08/2025,21:15:43,2025-08-08T20:15:43.000Z,Eleanor Cowell,Friday,21,
2767,08/08/2025,21:16:28,2025-08-08T20:16:28.000Z,~ Conor,Friday,21,
2768,08/08/2025,21:19:42,2025-08-08T20:19:42.000Z,~ Ellis P,Friday,21,
2769,08/08/2025,21:25:27,2025-08-08T20:25:27.000Z,‪+44 7827 777638‬,Friday,21,
2770,08/08/2025,21:51:48,2025-08-08T20:51:48.000Z,~ Ellis P,Friday,21,
2771,08/08/2025,21:54:58,2025-08-08T20:54:58.000Z,~ Seann,Friday,21,
2772,08/08/2025,21:58:28,2025-08-08T20:58:28.000Z,Shay,Friday,21,
2773,08/08/2025,21:59:34,2025-08-08T20:59:34.000Z,~ Conor,Friday,21,
2774,08/08/2025,22:00:19,2025-08-08T21:00:19.000Z,‪+44 7827 777638‬,Friday,22,
2775,08/08/2025,22:04:45,2025-08-08T21:04:45.000Z,Millie Brooke,Friday,22,
2776,08/08/2025,22:08:21,2025-08-08T21:08:21.000Z,Jakey Breen,Friday,22,
2777,08/08/2025,22:18:14,2025-08-08T21:18:14.000Z,‪+44 7875 966948‬,Friday,22,
2778,08/08/2025,22:26:07,2025-08-08T21:26:07.000Z,‪+44 7773 407979‬,Friday,22,
2779,08/08/2025,22:30:59,2025-08-08T21:30:59.000Z,Shay,Friday,22,
2780,08/08/2025,22:35:46,2025-08-08T21:35:46.000Z,‪+44 7875 966948‬,Friday,22,
2781,08/08/2025,22:40:37,2025-08-08T21:40:37.000Z,~ Ellis P,Friday,22,
2782,08/08/2025,22:45:28,2025-08-08T21:45:28.000Z,Eleanor Cowell,Friday,22,
2783,08/08/2025,22:54:37,2025-08-08T21:54:37.000Z,Jakey Breen,Friday,22,
2784,08/08/2025,23:12:14,2025-08-08T22:12:14.000Z,Shay,Friday,23,
2785,08/08/2025,23:21:44,2025-08-08T22:21:44.000Z,‪+44 7875 966948‬,Friday,23,
2786,08/08/2025,23:46:04,2025-08-08T22:46:04.000Z,Conall Caverly,Friday,23,
2787,09/08/2025,00:49:25,2025-08-08T23:49:25.000Z,Millie Brooke,Saturday,0,
2788,09/08/2025,00:51:24,2025-08-08T23:51:24.000Z,‪+44 7401 059535‬,Saturday,0,
2789,09/08/2025,01:39:03,2025-08-09T00:39:03.000Z,Flo Lewis,Saturday,1,
2790,09/08/2025,01:43:18,2025-08-09T00:43:18.000Z,Millie Brooke,Saturday,1,
2791,09/08/2025,02:49:59,2025-08-09T01:49:59.000Z,Conall Caverly,Saturday,2,
2792,09/08/2025,10:36:36,2025-08-09T09:36:36.000Z,Georgia Jones,Saturday,10,
2793,09/08/2025,11:57:45,2025-08-09T10:57:45.000Z,~ Brett,Saturday,11,
2794,09/08/2025,12:35:28,2025-08-09T11:35:28.000Z,~ Seann,Saturday,12,
2795,09/08/2025,12:51:09,2025-08-09T11:51:09.000Z,Shay,Saturday,12,
2796,09/08/2025,13:13:59,2025-08-09T12:13:59.000Z,‪+44 7557 048707‬,Saturday,13,
2797,09/08/2025,14:11:56,2025-08-09T13:11:56.000Z,~ Seann,Saturday,14,
2798,09/08/2025,14:37:28,2025-08-09T13:37:28.000Z,~ Harry,Saturday,14,
2799,09/08/2025,14:53:50,2025-08-09T13:53:50.000Z,~ Ellis P,Saturday,14,
2800,09/08/2025,15:25:22,2025-08-09T14:25:22.000Z,~ Sam Ross,Saturday,15,
2801,09/08/2025,15:25:53,2025-08-09T14:25:53.000Z,~ Dan Dolderson,Saturday,15,
2802,09/08/2025,15:29:11,2025-08-09T14:29:11.000Z,~ Seann,Saturday,15,
2803,09/08/2025,15:39:40,2025-08-09T14:39:40.000Z,‪+44 7841 958283‬,Saturday,15,
2804,09/08/2025,15:53:27,2025-08-09T14:53:27.000Z,~ Harry,Saturday,15,
2805,09/08/2025,16:04:38,2025-08-09T15:04:38.000Z,~ Brett,Saturday,16,
2806,09/08/2025,16:15:48,2025-08-09T15:15:48.000Z,~ Sam Ross,Saturday,16,
2807,09/08/2025,16:16:54,2025-08-09T15:16:54.000Z,Abby Khalifeh,Saturday,16,
2808,09/08/2025,16:17:28,2025-08-09T15:17:28.000Z,‪+44 7773 407979‬,Saturday,16,
2809,09/08/2025,16:29:16,2025-08-09T15:29:16.000Z,~ Seann,Saturday,16,
2810,09/08/2025,16:35:47,2025-08-09T15:35:47.000Z,‪+44 7401 059535‬,Saturday,16,
2811,09/08/2025,16:38:35,2025-08-09T15:38:35.000Z,Shay,Saturday,16,
2812,09/08/2025,16:40:39,2025-08-09T15:40:39.000Z,Anya Trevor-Palleres,Saturday,16,
2813,09/08/2025,16:45:55,2025-08-09T15:45:55.000Z,Abby Khalifeh,Saturday,16,
2814,09/08/2025,16:46:24,2025-08-09T15:46:24.000Z,~ Brett,Saturday,16,
2815,09/08/2025,16:46:36,2025-08-09T15:46:36.000Z,~ Harry,Saturday,16,
2816,09/08/2025,16:46:56,2025-08-09T15:46:56.000Z,‪+44 7773 407979‬,Saturday,16,
2817,09/08/2025,16:53:12,2025-08-09T15:53:12.000Z,~ Ellis P,Saturday,16,
2818,09/08/2025,17:04:32,2025-08-09T16:04:32.000Z,~ Sam Ross,Saturday,17,
2819,09/08/2025,17:08:10,2025-08-09T16:08:10.000Z,‪+44 7557 048707‬,Saturday,17,
2820,09/08/2025,17:17:51,2025-08-09T16:17:51.000Z,~ Seann,Saturday,17,
2821,09/08/2025,17:17:58,2025-08-09T16:17:58.000Z,Shay,Saturday,17,
2822,09/08/2025,17:18:16,2025-08-09T16:18:16.000Z,~ Dan Dolderson,Saturday,17,
2823,09/08/2025,17:32:45,2025-08-09T16:32:45.000Z,Jakey Breen,Saturday,17,
2824,09/08/2025,17:35:28,2025-08-09T16:35:28.000Z,~ Ellis P,Saturday,17,
2825,09/08/2025,17:37:09,2025-08-09T16:37:09.000Z,~ Brett,Saturday,17,
2826,09/08/2025,17:45:50,2025-08-09T16:45:50.000Z,Millie Brooke,Saturday,17,
2827,09/08/2025,17:46:27,2025-08-09T16:46:27.000Z,Shay,Saturday,17,
2828,09/08/2025,17:54:50,2025-08-09T16:54:50.000Z,~ Maddie,Saturday,17,
2829,09/08/2025,17:57:17,2025-08-09T16:57:17.000Z,~ Sam Ross,Saturday,17,
2830,09/08/2025,18:00:48,2025-08-09T17:00:48.000Z,~ Conor,Saturday,18,
2831,09/08/2025,18:01:40,2025-08-09T17:01:40.000Z,‪+44 7535 948117‬,Saturday,18,
2832,09/08/2025,18:28:13,2025-08-09T17:28:13.000Z,~ Brett,Saturday,18,
2833,09/08/2025,18:42:41,2025-08-09T17:42:41.000Z,Millie Brooke,Saturday,18,
2834,09/08/2025,19:06:15,2025-08-09T18:06:15.000Z,~ Brett,Saturday,19,
2835,09/08/2025,19:21:21,2025-08-09T18:21:21.000Z,‪+44 7305 124955‬,Saturday,19,
2836,09/08/2025,19:32:37,2025-08-09T18:32:37.000Z,‪+44 7401 059535‬,Saturday,19,
2837,09/08/2025,19:36:01,2025-08-09T18:36:01.000Z,‪+44 7557 048707‬,Saturday,19,
2838,09/08/2025,19:39:48,2025-08-09T18:39:48.000Z,‪+44 7773 407979‬,Saturday,19,
2839,09/08/2025,19:41:54,2025-08-09T18:41:54.000Z,‪+44 7769 276798‬,Saturday,19,
2840,09/08/2025,19:42:32,2025-08-09T18:42:32.000Z,‪+44 7773 407979‬,Saturday,19,
2841,09/08/2025,19:51:42,2025-08-09T18:51:42.000Z,~ Seann,Saturday,19,
2842,09/08/2025,19:56:34,2025-08-09T18:56:34.000Z,~ Brett,Saturday,19,
2843,09/08/2025,20:01:29,2025-08-09T19:01:29.000Z,~ Harry,Saturday,20,
2844,09/08/2025,20:05:27,2025-08-09T19:05:27.000Z,~ Oliver,Saturday,20,
2845,09/08/2025,20:24:24,2025-08-09T19:24:24.000Z,~ Max Evans,Saturday,20,
2846,09/08/2025,20:55:13,2025-08-09T19:55:13.000Z,~ Harry,Saturday,20,
2847,09/08/2025,21:00:52,2025-08-09T20:00:52.000Z,~ Brett,Saturday,21,
2848,09/08/2025,21:14:17,2025-08-09T20:14:17.000Z,~ Justin lewis,Saturday,21,
2849,09/08/2025,21:24:50,2025-08-09T20:24:50.000Z,~ Jess Westwood,Saturday,21,
2850,09/08/2025,21:41:20,2025-08-09T20:41:20.000Z,~ Harry,Saturday,21,
2851,09/08/2025,21:53:25,2025-08-09T20:53:25.000Z,~ Harry,Saturday,21,
2852,09/08/2025,21:59:26,2025-08-09T20:59:26.000Z,‪+44 7773 407979‬,Saturday,21,
2853,09/08/2025,22:00:48,2025-08-09T21:00:48.000Z,‪+44 7921 584225‬,Saturday,22,
2854,09/08/2025,22:08:01,2025-08-09T21:08:01.000Z,~ Maddie,Saturday,22,
2855,09/08/2025,22:10:07,2025-08-09T21:10:07.000Z,Conall Caverly,Saturday,22,
2856,09/08/2025,22:28:31,2025-08-09T21:28:31.000Z,Jakey Breen,Saturday,22,
2857,09/08/2025,23:04:05,2025-08-09T22:04:05.000Z,Millie Brooke,Saturday,23,
2858,09/08/2025,23:09:24,2025-08-09T22:09:24.000Z,Millie Brooke,Saturday,23,
2859,09/08/2025,23:25:36,2025-08-09T22:25:36.000Z,~ Harry,Saturday,23,
2860,09/08/2025,23:32:15,2025-08-09T22:32:15.000Z,~ Maddie,Saturday,23,
2861,09/08/2025,23:33:54,2025-08-09T22:33:54.000Z,‪+44 7713 267849‬,Saturday,23,
2862,10/08/2025,00:17:02,2025-08-09T23:17:02.000Z,Katy Laville,Sunday,0,
2863,10/08/2025,12:20:02,2025-08-10T11:20:02.000Z,~ Seann,Sunday,12,
2864,10/08/2025,14:16:05,2025-08-10T13:16:05.000Z,Shay,Sunday,14,
2865,10/08/2025,15:55:54,2025-08-10T14:55:54.000Z,Annabel Anderson,Sunday,15,
2866,10/08/2025,16:53:37,2025-08-10T15:53:37.000Z,Annabel Anderson,Sunday,16,
2867,10/08/2025,17:35:53,2025-08-10T16:35:53.000Z,Annabel Anderson,Sunday,17,
2868,10/08/2025,17:38:08,2025-08-10T16:38:08.000Z,‪+44 7305 124955‬,Sunday,17,
2869,10/08/2025,17:46:00,2025-08-10T16:46:00.000Z,Cahill,Sunday,17,
2870,10/08/2025,18:36:03,2025-08-10T17:36:03.000Z,‪+44 7305 124955‬,Sunday,18,
2871,10/08/2025,18:40:01,2025-08-10T17:40:01.000Z,Cahill,Sunday,18,
2872,10/08/2025,19:17:45,2025-08-10T18:17:45.000Z,Flo Lewis,Sunday,19,
2873,10/08/2025,19:29:30,2025-08-10T18:29:30.000Z,~ ellie,Sunday,19,
2874,10/08/2025,19:29:52,2025-08-10T18:29:52.000Z,Conall Caverly,Sunday,19,
2875,10/08/2025,19:35:52,2025-08-10T18:35:52.000Z,~ George,Sunday,19,
2876,10/08/2025,19:42:50,2025-08-10T18:42:50.000Z,~ Oliver,Sunday,19,
2877,10/08/2025,20:07:06,2025-08-10T19:07:06.000Z,‪+44 7305 124955‬,Sunday,20,
2878,10/08/2025,20:25:37,2025-08-10T19:25:37.000Z,Annabel Anderson,Sunday,20,
2879,11/08/2025,16:39:38,2025-08-11T15:39:38.000Z,~ Will Anderson,Monday,16,
2880,11/08/2025,16:55:47,2025-08-11T15:55:47.000Z,‪+44 7921 584225‬,Monday,16,
2881,11/08/2025,17:45:02,2025-08-11T16:45:02.000Z,Shay,Monday,17,
2882,11/08/2025,18:12:06,2025-08-11T17:12:06.000Z,‪+44 7305 124955‬,Monday,18,
2883,11/08/2025,18:33:42,2025-08-11T17:33:42.000Z,Caolán Walsh,Monday,18,
2884,11/08/2025,18:36:45,2025-08-11T17:36:45.000Z,‪+44 7305 124955‬,Monday,18,
2885,11/08/2025,19:09:57,2025-08-11T18:09:57.000Z,Caolán Walsh,Monday,19,
2886,11/08/2025,19:33:03,2025-08-11T18:33:03.000Z,‪+44 7305 124955‬,Monday,19,
2887,11/08/2025,20:00:31,2025-08-11T19:00:31.000Z,Caolán Walsh,Monday,20,
2888,11/08/2025,20:22:07,2025-08-11T19:22:07.000Z,~ Joe Daniels,Monday,20,
2889,11/08/2025,20:37:02,2025-08-11T19:37:02.000Z,Caolán Walsh,Monday,20,
2890,11/08/2025,21:18:34,2025-08-11T20:18:34.000Z,Caolán Walsh,Monday,21,
2891,11/08/2025,21:57:31,2025-08-11T20:57:31.000Z,Caolán Walsh,Monday,21,
2892,11/08/2025,22:36:15,2025-08-11T21:36:15.000Z,Caolán Walsh,Monday,22,
2893,11/08/2025,23:18:40,2025-08-11T22:18:40.000Z,Caolán Walsh,Monday,23,
2894,12/08/2025,13:51:38,2025-08-12T12:51:38.000Z,~ Seann,Tuesday,13,
2895,12/08/2025,16:42:40,2025-08-12T15:42:40.000Z,~ Will Anderson,Tuesday,16,
2896,12/08/2025,17:10:03,2025-08-12T16:10:03.000Z,Annabel Anderson,Tuesday,17,
2897,12/08/2025,17:42:21,2025-08-12T16:42:21.000Z,~ Oliver,Tuesday,17,
2898,12/08/2025,18:32:27,2025-08-12T17:32:27.000Z,~ Oliver,Tuesday,18,
2899,12/08/2025,18:34:38,2025-08-12T17:34:38.000Z,‪+44 7305 124955‬,Tuesday,18,
2900,12/08/2025,19:00:52,2025-08-12T18:00:52.000Z,Annabel Anderson,Tuesday,19,
2901,12/08/2025,19:23:51,2025-08-12T18:23:51.000Z,Anya Trevor-Palleres,Tuesday,19,
2902,12/08/2025,19:29:19,2025-08-12T18:29:19.000Z,Hannah Page,Tuesday,19,
2903,12/08/2025,20:06:56,2025-08-12T19:06:56.000Z,~ Bobby Burnand,Tuesday,20,
2904,12/08/2025,20:07:41,2025-08-12T19:07:41.000Z,Annabel Anderson,Tuesday,20,
2905,12/08/2025,20:09:44,2025-08-12T19:09:44.000Z,~ Jordan Newman,Tuesday,20,
2906,12/08/2025,20:25:52,2025-08-12T19:25:52.000Z,Hannah Page,Tuesday,20,
2907,12/08/2025,20:46:06,2025-08-12T19:46:06.000Z,~ Justin lewis,Tuesday,20,
2908,12/08/2025,20:46:50,2025-08-12T19:46:50.000Z,~ Brett,Tuesday,20,
2909,13/08/2025,11:42:01,2025-08-13T10:42:01.000Z,Georgia Jones,Wednesday,11,
2910,13/08/2025,12:02:11,2025-08-13T11:02:11.000Z,Georgia Jones,Wednesday,12,
2911,13/08/2025,13:02:11,2025-08-13T12:02:11.000Z,Georgia Jones,Wednesday,13,
2912,13/08/2025,14:29:21,2025-08-13T13:29:21.000Z,Georgia Jones,Wednesday,14,
2913,13/08/2025,15:11:42,2025-08-13T14:11:42.000Z,Georgia Jones,Wednesday,15,
2914,13/08/2025,15:20:15,2025-08-13T14:20:15.000Z,Georgia Jones,Wednesday,15,
2915,13/08/2025,15:53:51,2025-08-13T14:53:51.000Z,Bella Cain,Wednesday,15,
2916,13/08/2025,15:56:38,2025-08-13T14:56:38.000Z,Georgia Jones,Wednesday,15,
2917,13/08/2025,16:09:52,2025-08-13T15:09:52.000Z,Georgia Jones,Wednesday,16,
2918,13/08/2025,17:00:07,2025-08-13T16:00:07.000Z,Millie Brooke,Wednesday,17,
2919,13/08/2025,17:21:05,2025-08-13T16:21:05.000Z,Millie Brooke,Wednesday,17,
2920,13/08/2025,17:31:02,2025-08-13T16:31:02.000Z,‪+44 7305 124955‬,Wednesday,17,
2921,13/08/2025,17:58:06,2025-08-13T16:58:06.000Z,Cahill,Wednesday,17,
2922,13/08/2025,18:07:19,2025-08-13T17:07:19.000Z,Annabel Anderson,Wednesday,18,
2923,13/08/2025,18:07:53,2025-08-13T17:07:53.000Z,‪+44 7757 700696‬,Wednesday,18,
2924,13/08/2025,18:28:00,2025-08-13T17:28:00.000Z,Bella Cain,Wednesday,18,
2925,13/08/2025,18:41:36,2025-08-13T17:41:36.000Z,Shay,Wednesday,18,
2926,13/08/2025,18:44:48,2025-08-13T17:44:48.000Z,Abby Khalifeh,Wednesday,18,
2927,13/08/2025,18:46:22,2025-08-13T17:46:22.000Z,Cahill,Wednesday,18,
2928,13/08/2025,19:20:23,2025-08-13T18:20:23.000Z,Izzy Hyland-Parys,Wednesday,19,
2929,13/08/2025,19:42:25,2025-08-13T18:42:25.000Z,Millie Brooke,Wednesday,19,
2930,13/08/2025,20:45:37,2025-08-13T19:45:37.000Z,Izzy Hyland-Parys,Wednesday,20,
2931,13/08/2025,20:48:19,2025-08-13T19:48:19.000Z,~ Oli Pollock,Wednesday,20,
2932,13/08/2025,20:48:50,2025-08-13T19:48:50.000Z,~ Justin lewis,Wednesday,20,
2933,13/08/2025,20:49:43,2025-08-13T19:49:43.000Z,Anya Trevor-Palleres,Wednesday,20,
2934,13/08/2025,20:52:14,2025-08-13T19:52:14.000Z,Abby Khalifeh,Wednesday,20,
2935,14/08/2025,11:58:44,2025-08-14T10:58:44.000Z,Georgia Jones,Thursday,11,
2936,14/08/2025,16:07:55,2025-08-14T15:07:55.000Z,~ Will Anderson,Thursday,16,
2937,14/08/2025,16:34:54,2025-08-14T15:34:54.000Z,~ Jake Rooney,Thursday,16,
2938,14/08/2025,17:01:53,2025-08-14T16:01:53.000Z,~ Brett,Thursday,17,
2939,14/08/2025,17:13:32,2025-08-14T16:13:32.000Z,Annabel Anderson,Thursday,17,
2940,14/08/2025,17:28:15,2025-08-14T16:28:15.000Z,Hannah Page,Thursday,17,
2941,14/08/2025,17:31:37,2025-08-14T16:31:37.000Z,~ Brett,Thursday,17,
2942,14/08/2025,17:48:34,2025-08-14T16:48:34.000Z,~ Conor,Thursday,17,
2943,14/08/2025,17:51:43,2025-08-14T16:51:43.000Z,~ Rory Gee,Thursday,17,
2944,14/08/2025,18:13:21,2025-08-14T17:13:21.000Z,Millie Brooke,Thursday,18,
2945,14/08/2025,18:16:24,2025-08-14T17:16:24.000Z,Caolán Walsh,Thursday,18,
2946,14/08/2025,18:21:09,2025-08-14T17:21:09.000Z,Jakey Breen,Thursday,18,
2947,14/08/2025,18:25:04,2025-08-14T17:25:04.000Z,Conall Caverly,Thursday,18,
2948,14/08/2025,18:37:26,2025-08-14T17:37:26.000Z,Cahill,Thursday,18,
2949,14/08/2025,18:41:14,2025-08-14T17:41:14.000Z,‪+44 7305 124955‬,Thursday,18,
2950,14/08/2025,18:46:55,2025-08-14T17:46:55.000Z,Hannah Page,Thursday,18,
2951,14/08/2025,18:50:45,2025-08-14T17:50:45.000Z,Abby Khalifeh,Thursday,18,
2952,14/08/2025,18:53:31,2025-08-14T17:53:31.000Z,Jakey Breen,Thursday,18,
2953,14/08/2025,18:56:14,2025-08-14T17:56:14.000Z,‪+44 7501 062670‬,Thursday,18,
2954,14/08/2025,18:57:49,2025-08-14T17:57:49.000Z,Millie Brooke,Thursday,18,
2955,14/08/2025,18:58:41,2025-08-14T17:58:41.000Z,Harriet,Thursday,18,
2956,14/08/2025,19:12:58,2025-08-14T18:12:58.000Z,~ Conor,Thursday,19,
2957,14/08/2025,19:21:35,2025-08-14T18:21:35.000Z,‪+44 7305 124955‬,Thursday,19,
2958,14/08/2025,19:36:42,2025-08-14T18:36:42.000Z,~ Brett,Thursday,19,
2959,14/08/2025,19:38:17,2025-08-14T18:38:17.000Z,~ Harry,Thursday,19,
2960,14/08/2025,19:57:02,2025-08-14T18:57:02.000Z,Caitlin Driscoll,Thursday,19,
2961,14/08/2025,20:04:27,2025-08-14T19:04:27.000Z,‪+44 7305 124955‬,Thursday,20,
2962,14/08/2025,20:06:22,2025-08-14T19:06:22.000Z,~ Conor,Thursday,20,
2963,14/08/2025,20:09:07,2025-08-14T19:09:07.000Z,~ Brett,Thursday,20,
2964,14/08/2025,20:28:27,2025-08-14T19:28:27.000Z,~ Conor,Thursday,20,
2965,14/08/2025,20:37:32,2025-08-14T19:37:32.000Z,‪+44 7305 124955‬,Thursday,20,
2966,14/08/2025,20:42:01,2025-08-14T19:42:01.000Z,Caitlin Driscoll,Thursday,20,
2967,14/08/2025,21:00:47,2025-08-14T20:00:47.000Z,‪+44 7305 124955‬,Thursday,21,
2968,14/08/2025,21:02:39,2025-08-14T20:02:39.000Z,‪+44 7530 856137‬,Thursday,21,
2969,14/08/2025,21:06:50,2025-08-14T20:06:50.000Z,‪+44 7305 124955‬,Thursday,21,
2970,14/08/2025,22:01:00,2025-08-14T21:01:00.000Z,Eleanor Cowell,Thursday,22,
2971,14/08/2025,22:04:41,2025-08-14T21:04:41.000Z,Jakey Breen,Thursday,22,
2972,14/08/2025,22:07:58,2025-08-14T21:07:58.000Z,~ Rory Gee,Thursday,22,
2973,14/08/2025,22:15:30,2025-08-14T21:15:30.000Z,~ Sam Ross,Thursday,22,
2974,14/08/2025,22:22:00,2025-08-14T21:22:00.000Z,~ Dan Dolderson,Thursday,22,
2975,14/08/2025,22:25:39,2025-08-14T21:25:39.000Z,‪+44 7305 124955‬,Thursday,22,
2976,14/08/2025,22:37:20,2025-08-14T21:37:20.000Z,~ Conor,Thursday,22,
2977,15/08/2025,00:32:24,2025-08-14T23:32:24.000Z,~ Dan Dolderson,Friday,0,
2978,15/08/2025,10:46:05,2025-08-15T09:46:05.000Z,Cahill,Friday,10,
2979,15/08/2025,11:49:36,2025-08-15T10:49:36.000Z,Cahill,Friday,11,
2980,15/08/2025,12:55:37,2025-08-15T11:55:37.000Z,Cahill,Friday,12,
2981,15/08/2025,13:11:01,2025-08-15T12:11:01.000Z,~ Kalum Doohan,Friday,13,
2982,15/08/2025,13:55:47,2025-08-15T12:55:47.000Z,Cahill,Friday,13,
2983,15/08/2025,14:31:06,2025-08-15T13:31:06.000Z,Jakey Breen,Friday,14,
2984,15/08/2025,14:48:38,2025-08-15T13:48:38.000Z,~ Kalum Doohan,Friday,14,
2985,15/08/2025,15:07:29,2025-08-15T14:07:29.000Z,~ Harry,Friday,15,
2986,15/08/2025,15:08:34,2025-08-15T14:08:34.000Z,~ Sam Ross,Friday,15,
2987,15/08/2025,15:18:23,2025-08-15T14:18:23.000Z,‪+44 7773 407979‬,Friday,15,
2988,15/08/2025,16:13:10,2025-08-15T15:13:10.000Z,~ Sam Ross,Friday,16,
2989,15/08/2025,17:06:25,2025-08-15T16:06:25.000Z,~ Seann,Friday,17,
2990,15/08/2025,17:12:49,2025-08-15T16:12:49.000Z,‪+44 7305 124955‬,Friday,17,
2991,15/08/2025,17:19:48,2025-08-15T16:19:48.000Z,Annabel Anderson,Friday,17,
2992,15/08/2025,17:21:54,2025-08-15T16:21:54.000Z,Abby Khalifeh,Friday,17,
2993,15/08/2025,17:40:07,2025-08-15T16:40:07.000Z,Cahill,Friday,17,
2994,15/08/2025,17:41:11,2025-08-15T16:41:11.000Z,~ Brett,Friday,17,
2995,15/08/2025,18:02:20,2025-08-15T17:02:20.000Z,~ Brett,Friday,18,
2996,15/08/2025,18:07:50,2025-08-15T17:07:50.000Z,~ Seann,Friday,18,
2997,15/08/2025,18:19:05,2025-08-15T17:19:05.000Z,~ Sam Ross,Friday,18,
2998,15/08/2025,18:24:59,2025-08-15T17:24:59.000Z,~ Will Anderson,Friday,18,
2999,15/08/2025,18:58:45,2025-08-15T17:58:45.000Z,Shay,Friday,18,
3000,15/08/2025,19:02:10,2025-08-15T18:02:10.000Z,Abby Khalifeh,Friday,19,
3001,15/08/2025,19:08:06,2025-08-15T18:08:06.000Z,~ Ellis P,Friday,19,
3002,15/08/2025,19:15:33,2025-08-15T18:15:33.000Z,‪+44 7305 124955‬,Friday,19,
3003,15/08/2025,19:22:45,2025-08-15T18:22:45.000Z,~ Seann,Friday,19,
3004,15/08/2025,19:29:45,2025-08-15T18:29:45.000Z,Abby Khalifeh,Friday,19,
3005,15/08/2025,19:33:03,2025-08-15T18:33:03.000Z,Hannah Page,Friday,19,
3006,15/08/2025,19:33:18,2025-08-15T18:33:18.000Z,‪+44 7949 724818‬,Friday,19,
3007,15/08/2025,19:33:24,2025-08-15T18:33:24.000Z,~ Brett,Friday,19,
3008,15/08/2025,19:40:21,2025-08-15T18:40:21.000Z,Bella Cain,Friday,19,
3009,15/08/2025,19:43:53,2025-08-15T18:43:53.000Z,~ Ellis P,Friday,19,
3010,15/08/2025,19:58:55,2025-08-15T18:58:55.000Z,Millie Brooke,Friday,19,
3011,15/08/2025,19:59:33,2025-08-15T18:59:33.000Z,Abby Khalifeh,Friday,19,
3012,15/08/2025,20:06:37,2025-08-15T19:06:37.000Z,~ Sam Ross,Friday,20,
3013,15/08/2025,20:06:54,2025-08-15T19:06:54.000Z,Hannah Page,Friday,20,
3014,15/08/2025,20:28:03,2025-08-15T19:28:03.000Z,‪+44 7305 124955‬,Friday,20,
3015,15/08/2025,20:41:38,2025-08-15T19:41:38.000Z,Abby Khalifeh,Friday,20,
3016,15/08/2025,20:42:06,2025-08-15T19:42:06.000Z,Millie Brooke,Friday,20,
3017,15/08/2025,20:44:27,2025-08-15T19:44:27.000Z,Bella Cain,Friday,20,
3018,15/08/2025,20:45:48,2025-08-15T19:45:48.000Z,~ Conor,Friday,20,
3019,15/08/2025,20:48:02,2025-08-15T19:48:02.000Z,Hannah Page,Friday,20,
3020,15/08/2025,20:51:01,2025-08-15T19:51:01.000Z,~ Will Anderson,Friday,20,
3021,15/08/2025,21:18:39,2025-08-15T20:18:39.000Z,Bella Cain,Friday,21,
3022,15/08/2025,21:24:01,2025-08-15T20:24:01.000Z,Jakey Breen,Friday,21,
3023,15/08/2025,21:30:34,2025-08-15T20:30:34.000Z,Millie Brooke,Friday,21,
3024,15/08/2025,21:33:43,2025-08-15T20:33:43.000Z,‪+44 7305 124955‬,Friday,21,
3025,15/08/2025,21:48:07,2025-08-15T20:48:07.000Z,Hannah Page,Friday,21,
3026,15/08/2025,21:48:28,2025-08-15T20:48:28.000Z,‪+44 7401 059535‬,Friday,21,
3027,15/08/2025,21:48:35,2025-08-15T20:48:35.000Z,~ Conor,Friday,21,
3028,15/08/2025,22:07:17,2025-08-15T21:07:17.000Z,~ Max Evans,Friday,22,
3029,16/08/2025,10:38:25,2025-08-16T09:38:25.000Z,~ Mark Wiszk,Saturday,10,
3030,16/08/2025,11:29:13,2025-08-16T10:29:13.000Z,Caolán Walsh,Saturday,11,
3031,16/08/2025,12:46:22,2025-08-16T11:46:22.000Z,~ Sam Ross,Saturday,12,
3032,16/08/2025,13:29:25,2025-08-16T12:29:25.000Z,~ Seann,Saturday,13,
3033,16/08/2025,14:27:49,2025-08-16T13:27:49.000Z,Abby Khalifeh,Saturday,14,
3034,16/08/2025,14:29:21,2025-08-16T13:29:21.000Z,~ Will Anderson,Saturday,14,
3035,16/08/2025,14:40:42,2025-08-16T13:40:42.000Z,~ Max Evans,Saturday,14,
3036,16/08/2025,14:53:17,2025-08-16T13:53:17.000Z,~ Seann,Saturday,14,
3037,16/08/2025,14:57:38,2025-08-16T13:57:38.000Z,Caolán Walsh,Saturday,14,
3038,16/08/2025,15:21:02,2025-08-16T14:21:02.000Z,Georgia Jones,Saturday,15,
3039,16/08/2025,15:26:23,2025-08-16T14:26:23.000Z,Cahill,Saturday,15,
3040,16/08/2025,15:29:30,2025-08-16T14:29:30.000Z,‪+44 7762 967976‬,Saturday,15,
3041,16/08/2025,15:54:03,2025-08-16T14:54:03.000Z,Hannah Page,Saturday,15,
3042,16/08/2025,15:59:52,2025-08-16T14:59:52.000Z,~ Max Evans,Saturday,15,
3043,16/08/2025,16:21:19,2025-08-16T15:21:19.000Z,Cahill,Saturday,16,
3044,16/08/2025,16:26:36,2025-08-16T15:26:36.000Z,~ Conor,Saturday,16,
3045,16/08/2025,16:32:20,2025-08-16T15:32:20.000Z,‪+44 7359 783807‬,Saturday,16,
3046,16/08/2025,16:38:54,2025-08-16T15:38:54.000Z,Caolán Walsh,Saturday,16,
3047,16/08/2025,16:45:42,2025-08-16T15:45:42.000Z,‪+44 7469 191224‬,Saturday,16,
3048,16/08/2025,16:49:54,2025-08-16T15:49:54.000Z,~ Seann,Saturday,16,
3049,16/08/2025,16:55:38,2025-08-16T15:55:38.000Z,~ Conor,Saturday,16,
3050,16/08/2025,16:56:52,2025-08-16T15:56:52.000Z,Caitlin Driscoll,Saturday,16,
3051,16/08/2025,17:15:46,2025-08-16T16:15:46.000Z,Caolán Walsh,Saturday,17,
3052,16/08/2025,17:16:43,2025-08-16T16:16:43.000Z,Abby Khalifeh,Saturday,17,
3053,16/08/2025,17:22:01,2025-08-16T16:22:01.000Z,~ Seann,Saturday,17,
3054,16/08/2025,17:35:20,2025-08-16T16:35:20.000Z,Hannah Page,Saturday,17,
3055,16/08/2025,17:35:27,2025-08-16T16:35:27.000Z,‪+44 7402 796848‬,Saturday,17,
3056,16/08/2025,17:36:24,2025-08-16T16:36:24.000Z,~ Ellis P,Saturday,17,
3057,16/08/2025,17:40:38,2025-08-16T16:40:38.000Z,~ Max Evans,Saturday,17,
3058,16/08/2025,17:41:48,2025-08-16T16:41:48.000Z,~ Brett,Saturday,17,
3059,16/08/2025,17:52:56,2025-08-16T16:52:56.000Z,~ Conor,Saturday,17,
3060,16/08/2025,18:01:11,2025-08-16T17:01:11.000Z,~ Seann,Saturday,18,
3061,16/08/2025,18:09:11,2025-08-16T17:09:11.000Z,Hannah Page,Saturday,18,
3062,16/08/2025,18:10:59,2025-08-16T17:10:59.000Z,~ Ellis P,Saturday,18,
3063,16/08/2025,18:12:52,2025-08-16T17:12:52.000Z,‪+44 7867 474577‬,Saturday,18,
3064,16/08/2025,18:17:09,2025-08-16T17:17:09.000Z,Caolán Walsh,Saturday,18,
3065,16/08/2025,18:20:12,2025-08-16T17:20:12.000Z,~ Harry,Saturday,18,
3066,16/08/2025,18:27:55,2025-08-16T17:27:55.000Z,Indie Driscoll,Saturday,18,
3067,16/08/2025,18:32:00,2025-08-16T17:32:00.000Z,~ Seann,Saturday,18,
3068,16/08/2025,18:33:32,2025-08-16T17:33:32.000Z,~ Andrew Matthews,Saturday,18,
3069,16/08/2025,18:36:03,2025-08-16T17:36:03.000Z,‪+44 7446 532268‬,Saturday,18,
3070,16/08/2025,18:48:06,2025-08-16T17:48:06.000Z,‪+44 7305 124955‬,Saturday,18,
3071,16/08/2025,18:59:31,2025-08-16T17:59:31.000Z,Conall Caverly,Saturday,18,
3072,16/08/2025,19:05:27,2025-08-16T18:05:27.000Z,~ Brett,Saturday,19,
3073,16/08/2025,19:06:22,2025-08-16T18:06:22.000Z,Izzy Hyland-Parys,Saturday,19,
3074,16/08/2025,19:36:56,2025-08-16T18:36:56.000Z,~ Conor,Saturday,19,
3075,16/08/2025,19:47:35,2025-08-16T18:47:35.000Z,‪+44 7305 124955‬,Saturday,19,
3076,16/08/2025,20:07:27,2025-08-16T19:07:27.000Z,Hannah Page,Saturday,20,
3077,16/08/2025,20:10:28,2025-08-16T19:10:28.000Z,~ Max Evans,Saturday,20,
3078,16/08/2025,20:12:24,2025-08-16T19:12:24.000Z,~ Will Anderson,Saturday,20,
3079,16/08/2025,20:15:29,2025-08-16T19:15:29.000Z,~ Jordan,Saturday,20,
3080,16/08/2025,20:35:37,2025-08-16T19:35:37.000Z,Izzy Hyland-Parys,Saturday,20,
3081,16/08/2025,20:36:19,2025-08-16T19:36:19.000Z,~ Ellis P,Saturday,20,
3082,16/08/2025,20:54:07,2025-08-16T19:54:07.000Z,‪+44 7921 584225‬,Saturday,20,
3083,16/08/2025,20:58:07,2025-08-16T19:58:07.000Z,~ Kalum Doohan,Saturday,20,
3084,16/08/2025,21:16:58,2025-08-16T20:16:58.000Z,~ Ellis P,Saturday,21,
3085,16/08/2025,21:18:33,2025-08-16T20:18:33.000Z,Izzy Hyland-Parys,Saturday,21,
3086,16/08/2025,21:23:56,2025-08-16T20:23:56.000Z,~ Jordan,Saturday,21,
3087,16/08/2025,22:33:30,2025-08-16T21:33:30.000Z,~ Kalum Doohan,Saturday,22,
3088,16/08/2025,22:38:27,2025-08-16T21:38:27.000Z,~ Ellis P,Saturday,22,
3089,16/08/2025,23:03:09,2025-08-16T22:03:09.000Z,‪+44 7305 124955‬,Saturday,23,
3090,17/08/2025,02:11:18,2025-08-17T01:11:18.000Z,‪+44 7305 124955‬,Sunday,2,
3091,17/08/2025,13:17:09,2025-08-17T12:17:09.000Z,Annabel Anderson,Sunday,13,
3092,17/08/2025,13:26:32,2025-08-17T12:26:32.000Z,‪+44 7401 059535‬,Sunday,13,
3093,17/08/2025,13:28:17,2025-08-17T12:28:17.000Z,‪+44 7841 958283‬,Sunday,13,
3094,17/08/2025,13:36:13,2025-08-17T12:36:13.000Z,‪+44 7841 958283‬,Sunday,13,
3095,17/08/2025,13:55:54,2025-08-17T12:55:54.000Z,‪+44 7305 124955‬,Sunday,13,
3096,17/08/2025,14:17:49,2025-08-17T13:17:49.000Z,~ Will Anderson,Sunday,14,
3097,17/08/2025,15:28:30,2025-08-17T14:28:30.000Z,‪+44 7841 958283‬,Sunday,15,
3098,17/08/2025,15:39:53,2025-08-17T14:39:53.000Z,~ Seann,Sunday,15,
3099,17/08/2025,15:41:42,2025-08-17T14:41:42.000Z,~ Jack,Sunday,15,
3100,17/08/2025,16:15:37,2025-08-17T15:15:37.000Z,~ Ellis P,Sunday,16,
3101,17/08/2025,16:30:12,2025-08-17T15:30:12.000Z,‪+44 7305 124955‬,Sunday,16,
3102,17/08/2025,17:01:08,2025-08-17T16:01:08.000Z,~ Dan Dolderson,Sunday,17,
3103,17/08/2025,17:39:38,2025-08-17T16:39:38.000Z,‪+44 7305 124955‬,Sunday,17,
3104,17/08/2025,17:44:25,2025-08-17T16:44:25.000Z,~ Ellis P,Sunday,17,
3105,17/08/2025,17:47:42,2025-08-17T16:47:42.000Z,~ Harry,Sunday,17,
3106,17/08/2025,18:11:33,2025-08-17T17:11:33.000Z,~ Ellis P,Sunday,18,
3107,17/08/2025,18:12:05,2025-08-17T17:12:05.000Z,Caolán Walsh,Sunday,18,
3108,17/08/2025,18:26:14,2025-08-17T17:26:14.000Z,~ Dan Dolderson,Sunday,18,
3109,17/08/2025,18:33:51,2025-08-17T17:33:51.000Z,~ Brett,Sunday,18,
3110,17/08/2025,18:35:21,2025-08-17T17:35:21.000Z,Indie Driscoll,Sunday,18,
3111,17/08/2025,18:45:26,2025-08-17T17:45:26.000Z,~ Jack,Sunday,18,
3112,17/08/2025,19:00:04,2025-08-17T18:00:04.000Z,‪+44 7709 244161‬,Sunday,19,
3113,17/08/2025,19:32:43,2025-08-17T18:32:43.000Z,‪+44 7557 048707‬,Sunday,19,
3114,17/08/2025,20:22:25,2025-08-17T19:22:25.000Z,‪+44 7709 244161‬,Sunday,20,
3115,17/08/2025,20:43:22,2025-08-17T19:43:22.000Z,~ Ellis P,Sunday,20,
3116,17/08/2025,21:02:45,2025-08-17T20:02:45.000Z,~ Ellis P,Sunday,21,
3117,17/08/2025,21:08:46,2025-08-17T20:08:46.000Z,~ Ellis P,Sunday,21,
3118,17/08/2025,21:45:03,2025-08-17T20:45:03.000Z,~ Ellis P,Sunday,21,
3119,17/08/2025,22:59:08,2025-08-17T21:59:08.000Z,Jakey Breen,Sunday,22,
3120,18/08/2025,13:42:59,2025-08-18T12:42:59.000Z,~ Justin lewis,Monday,13,
3121,18/08/2025,14:51:09,2025-08-18T13:51:09.000Z,‪+44 7841 958283‬,Monday,14,
3122,18/08/2025,14:51:28,2025-08-18T13:51:28.000Z,~ Oscar,Monday,14,
3123,18/08/2025,16:49:30,2025-08-18T15:49:30.000Z,~ ellie,Monday,16,
3124,18/08/2025,18:19:25,2025-08-18T17:19:25.000Z,~ Justin lewis,Monday,18,
3125,18/08/2025,18:26:50,2025-08-18T17:26:50.000Z,~ ellie,Monday,18,
3126,18/08/2025,20:12:36,2025-08-18T19:12:36.000Z,‪+44 7305 124955‬,Monday,20,
3127,18/08/2025,21:47:24,2025-08-18T20:47:24.000Z,‪+44 7305 124955‬,Monday,21,
3128,18/08/2025,21:53:25,2025-08-18T20:53:25.000Z,~ Oliver,Monday,21,
3129,18/08/2025,22:53:54,2025-08-18T21:53:54.000Z,Indie Driscoll,Monday,22,
3130,18/08/2025,22:56:11,2025-08-18T21:56:11.000Z,‪+44 7305 124955‬,Monday,22,
3131,19/08/2025,11:32:47,2025-08-19T10:32:47.000Z,Georgia Jones,Tuesday,11,
3132,19/08/2025,11:51:38,2025-08-19T10:51:38.000Z,Georgia Jones,Tuesday,11,
3133,19/08/2025,12:49:29,2025-08-19T11:49:29.000Z,~ Justin lewis,Tuesday,12,
3134,19/08/2025,13:09:18,2025-08-19T12:09:18.000Z,Georgia Jones,Tuesday,13,
3135,19/08/2025,13:18:39,2025-08-19T12:18:39.000Z,‪+64 210 820 1677‬,Tuesday,13,
3136,19/08/2025,17:08:06,2025-08-19T16:08:06.000Z,Bella Cain,Tuesday,17,
3137,19/08/2025,18:04:20,2025-08-19T17:04:20.000Z,Hannah Page,Tuesday,18,
3138,19/08/2025,18:08:44,2025-08-19T17:08:44.000Z,Shay,Tuesday,18,
3139,19/08/2025,18:17:46,2025-08-19T17:17:46.000Z,Millie Brooke,Tuesday,18,
3140,19/08/2025,18:27:22,2025-08-19T17:27:22.000Z,~ Bobby Burnand,Tuesday,18,
3141,19/08/2025,18:33:59,2025-08-19T17:33:59.000Z,‪+44 7762 967976‬,Tuesday,18,
3142,19/08/2025,18:43:00,2025-08-19T17:43:00.000Z,~ Ellis P,Tuesday,18,
3143,19/08/2025,18:50:24,2025-08-19T17:50:24.000Z,Bella Cain,Tuesday,18,
3144,19/08/2025,19:34:04,2025-08-19T18:34:04.000Z,Annabel Anderson,Tuesday,19,
3145,19/08/2025,19:49:42,2025-08-19T18:49:42.000Z,Millie Brooke,Tuesday,19,
3146,19/08/2025,20:34:48,2025-08-19T19:34:48.000Z,Hannah Page,Tuesday,20,
3147,19/08/2025,20:53:15,2025-08-19T19:53:15.000Z,~ Seann,Tuesday,20,
3148,19/08/2025,22:03:06,2025-08-19T21:03:06.000Z,Caitlin Driscoll,Tuesday,22,
3149,19/08/2025,22:14:33,2025-08-19T21:14:33.000Z,~ Hannah,Tuesday,22,
3150,20/08/2025,11:28:59,2025-08-20T10:28:59.000Z,‪+44 7841 958283‬,Wednesday,11,
3151,20/08/2025,11:50:46,2025-08-20T10:50:46.000Z,Georgia Jones,Wednesday,11,
3152,20/08/2025,15:05:38,2025-08-20T14:05:38.000Z,~ Justin lewis,Wednesday,15,
3153,20/08/2025,16:27:38,2025-08-20T15:27:38.000Z,‪+44 7305 124955‬,Wednesday,16,
3154,20/08/2025,16:54:58,2025-08-20T15:54:58.000Z,‪+44 7305 124955‬,Wednesday,16,
3155,20/08/2025,17:09:47,2025-08-20T16:09:47.000Z,Millie Brooke,Wednesday,17,
3156,20/08/2025,17:42:44,2025-08-20T16:42:44.000Z,~ Sam Ross,Wednesday,17,
3157,20/08/2025,17:49:19,2025-08-20T16:49:19.000Z,‪+44 7305 124955‬,Wednesday,17,
3158,20/08/2025,17:52:41,2025-08-20T16:52:41.000Z,Indie Driscoll,Wednesday,17,
3159,20/08/2025,18:07:46,2025-08-20T17:07:46.000Z,Annabel Anderson,Wednesday,18,
3160,20/08/2025,18:13:39,2025-08-20T17:13:39.000Z,‪+44 7305 124955‬,Wednesday,18,
3161,20/08/2025,18:28:15,2025-08-20T17:28:15.000Z,‪+44 7305 124955‬,Wednesday,18,
3162,20/08/2025,18:31:10,2025-08-20T17:31:10.000Z,Hannah Page,Wednesday,18,
3163,20/08/2025,19:21:34,2025-08-20T18:21:34.000Z,‪+44 7958 496126‬,Wednesday,19,
3164,20/08/2025,19:28:33,2025-08-20T18:28:33.000Z,Hannah Page,Wednesday,19,
3165,20/08/2025,19:28:49,2025-08-20T18:28:49.000Z,Annabel Anderson,Wednesday,19,
3166,20/08/2025,19:30:56,2025-08-20T18:30:56.000Z,~ Max Evans,Wednesday,19,
3167,20/08/2025,20:09:59,2025-08-20T19:09:59.000Z,Annabel Anderson,Wednesday,20,
3168,20/08/2025,20:18:30,2025-08-20T19:18:30.000Z,~ Max Evans,Wednesday,20,
3169,20/08/2025,21:26:48,2025-08-20T20:26:48.000Z,Millie Brooke,Wednesday,21,
3170,20/08/2025,21:28:44,2025-08-20T20:28:44.000Z,~ Max Evans,Wednesday,21,
3171,20/08/2025,21:38:47,2025-08-20T20:38:47.000Z,~ Maeve,Wednesday,21,
3172,21/08/2025,09:50:23,2025-08-21T08:50:23.000Z,‪+44 7957 323896‬,Thursday,9,
3173,21/08/2025,10:19:51,2025-08-21T09:19:51.000Z,‪+44 7957 323896‬,Thursday,10,
3174,21/08/2025,10:39:20,2025-08-21T09:39:20.000Z,‪+41 79 865 11 76‬,Thursday,10,
3175,21/08/2025,10:39:29,2025-08-21T09:39:29.000Z,‪+44 7946 684492‬,Thursday,10,
3176,21/08/2025,11:25:10,2025-08-21T10:25:10.000Z,~ Ellis P,Thursday,11,
3177,21/08/2025,11:46:10,2025-08-21T10:46:10.000Z,~ Ellis P,Thursday,11,
3178,21/08/2025,14:48:27,2025-08-21T13:48:27.000Z,~ Maeve,Thursday,14,
3179,21/08/2025,16:29:21,2025-08-21T15:29:21.000Z,Annabel Anderson,Thursday,16,
3180,21/08/2025,16:38:35,2025-08-21T15:38:35.000Z,Abby Khalifeh,Thursday,16,
3181,21/08/2025,17:01:05,2025-08-21T16:01:05.000Z,Abby Khalifeh,Thursday,17,
3182,21/08/2025,17:09:17,2025-08-21T16:09:17.000Z,~ Seann,Thursday,17,
3183,21/08/2025,17:22:46,2025-08-21T16:22:46.000Z,Abby Khalifeh,Thursday,17,
3184,21/08/2025,17:34:57,2025-08-21T16:34:57.000Z,~ Conor,Thursday,17,
3185,21/08/2025,17:49:18,2025-08-21T16:49:18.000Z,~ Maddie,Thursday,17,
3186,21/08/2025,18:03:05,2025-08-21T17:03:05.000Z,~ Conor,Thursday,18,
3187,21/08/2025,18:06:53,2025-08-21T17:06:53.000Z,Annabel Anderson,Thursday,18,
3188,21/08/2025,18:20:19,2025-08-21T17:20:19.000Z,Abby Khalifeh,Thursday,18,
3189,21/08/2025,18:45:22,2025-08-21T17:45:22.000Z,~ Conor,Thursday,18,
3190,21/08/2025,18:49:19,2025-08-21T17:49:19.000Z,Indie Driscoll,Thursday,18,
3191,21/08/2025,18:55:20,2025-08-21T17:55:20.000Z,‪+44 7305 124955‬,Thursday,18,
3192,21/08/2025,19:14:15,2025-08-21T18:14:15.000Z,‪+44 7949 724818‬,Thursday,19,
3193,21/08/2025,19:21:29,2025-08-21T18:21:29.000Z,~ Ellis P,Thursday,19,
3194,21/08/2025,19:22:23,2025-08-21T18:22:23.000Z,~ Harry,Thursday,19,
3195,21/08/2025,19:23:51,2025-08-21T18:23:51.000Z,Annabel Anderson,Thursday,19,
3196,21/08/2025,19:30:07,2025-08-21T18:30:07.000Z,‪+64 210 820 1677‬,Thursday,19,
3197,21/08/2025,19:33:44,2025-08-21T18:33:44.000Z,Indie Driscoll,Thursday,19,
3198,21/08/2025,19:35:11,2025-08-21T18:35:11.000Z,~ Maddie,Thursday,19,
3199,21/08/2025,19:55:18,2025-08-21T18:55:18.000Z,‪+44 7402 796848‬,Thursday,19,
3200,21/08/2025,20:04:25,2025-08-21T19:04:25.000Z,~ Brett,Thursday,20,
3201,21/08/2025,20:09:43,2025-08-21T19:09:43.000Z,‪+44 7305 124955‬,Thursday,20,
3202,21/08/2025,20:10:00,2025-08-21T19:10:00.000Z,‪+44 7581 012652‬,Thursday,20,
3203,21/08/2025,20:15:51,2025-08-21T19:15:51.000Z,~ Harry,Thursday,20,
3204,21/08/2025,20:47:03,2025-08-21T19:47:03.000Z,~ Mark Wiszk,Thursday,20,
3205,21/08/2025,20:59:32,2025-08-21T19:59:32.000Z,~ Harry,Thursday,20,
3206,21/08/2025,21:23:31,2025-08-21T20:23:31.000Z,~ Maddie,Thursday,21,
3207,21/08/2025,21:53:58,2025-08-21T20:53:58.000Z,~ Ellis P,Thursday,21,
3208,21/08/2025,21:55:35,2025-08-21T20:55:35.000Z,~ Seb,Thursday,21,
3209,21/08/2025,23:29:47,2025-08-21T22:29:47.000Z,~ Will Anderson,Thursday,23,
3210,21/08/2025,23:32:54,2025-08-21T22:32:54.000Z,~ Maeve,Thursday,23,
3211,22/08/2025,10:43:19,2025-08-22T09:43:19.000Z,‪+44 7946 684492‬,Friday,10,
3212,22/08/2025,10:43:54,2025-08-22T09:43:54.000Z,‪+44 7946 684492‬,Friday,10,
3213,22/08/2025,10:44:21,2025-08-22T09:44:21.000Z,‪+44 7496 077199‬,Friday,10,
3214,22/08/2025,11:30:04,2025-08-22T10:30:04.000Z,Livvy,Friday,11,
3215,22/08/2025,12:07:18,2025-08-22T11:07:18.000Z,‪+44 7557 048707‬,Friday,12,
3216,22/08/2025,13:12:28,2025-08-22T12:12:28.000Z,Livvy,Friday,13,
3217,22/08/2025,14:09:43,2025-08-22T13:09:43.000Z,~ Ellis P,Friday,14,
3218,22/08/2025,14:28:54,2025-08-22T13:28:54.000Z,‪+44 7557 048707‬,Friday,14,
3219,22/08/2025,14:42:56,2025-08-22T13:42:56.000Z,~ Harry,Friday,14,
3220,22/08/2025,14:54:03,2025-08-22T13:54:03.000Z,Georgia Jones,Friday,14,
3221,22/08/2025,15:08:39,2025-08-22T14:08:39.000Z,Georgia Jones,Friday,15,
3222,22/08/2025,15:11:54,2025-08-22T14:11:54.000Z,~ Harry,Friday,15,
3223,22/08/2025,15:12:47,2025-08-22T14:12:47.000Z,~ Seann,Friday,15,
3224,22/08/2025,15:13:29,2025-08-22T14:13:29.000Z,‪+44 7703 397938‬,Friday,15,
3225,22/08/2025,15:55:42,2025-08-22T14:55:42.000Z,‪+44 7921 584225‬,Friday,15,
3226,22/08/2025,15:58:18,2025-08-22T14:58:18.000Z,~ Seann,Friday,15,
3227,22/08/2025,16:28:44,2025-08-22T15:28:44.000Z,Millie Brooke,Friday,16,
3228,22/08/2025,17:28:35,2025-08-22T16:28:35.000Z,Annabel Anderson,Friday,17,
3229,22/08/2025,17:28:49,2025-08-22T16:28:49.000Z,~ Conor,Friday,17,
3230,22/08/2025,17:45:47,2025-08-22T16:45:47.000Z,~ Harry,Friday,17,
3231,22/08/2025,17:46:54,2025-08-22T16:46:54.000Z,‪+44 7402 796848‬,Friday,17,
3232,22/08/2025,18:13:01,2025-08-22T17:13:01.000Z,Hannah Page,Friday,18,
3233,22/08/2025,18:22:59,2025-08-22T17:22:59.000Z,~ Oliver,Friday,18,
3234,22/08/2025,18:26:27,2025-08-22T17:26:27.000Z,~ Conor,Friday,18,
3235,22/08/2025,18:39:43,2025-08-22T17:39:43.000Z,Hannah Page,Friday,18,
3236,22/08/2025,18:40:15,2025-08-22T17:40:15.000Z,~ Harry,Friday,18,
3237,22/08/2025,18:41:25,2025-08-22T17:41:25.000Z,~ Conor,Friday,18,
3238,22/08/2025,18:47:40,2025-08-22T17:47:40.000Z,~ Andrew Matthews,Friday,18,
3239,22/08/2025,18:54:12,2025-08-22T17:54:12.000Z,Bella Cain,Friday,18,
3240,22/08/2025,19:08:00,2025-08-22T18:08:00.000Z,‪+44 7709 244161‬,Friday,19,
3241,22/08/2025,19:14:15,2025-08-22T18:14:15.000Z,Hannah Page,Friday,19,
3242,22/08/2025,19:20:43,2025-08-22T18:20:43.000Z,Annabel Anderson,Friday,19,
3243,22/08/2025,19:28:22,2025-08-22T18:28:22.000Z,~ Seann,Friday,19,
3244,22/08/2025,19:44:49,2025-08-22T18:44:49.000Z,Charlotte Wells Wells,Friday,19,
3245,22/08/2025,19:47:25,2025-08-22T18:47:25.000Z,‪+44 7949 724818‬,Friday,19,
3246,22/08/2025,20:00:05,2025-08-22T19:00:05.000Z,~ Conor,Friday,20,
3247,22/08/2025,20:01:55,2025-08-22T19:01:55.000Z,~ Poppy Jones,Friday,20,
3248,22/08/2025,20:03:19,2025-08-22T19:03:19.000Z,~ Hannah,Friday,20,
3249,22/08/2025,20:06:19,2025-08-22T19:06:19.000Z,Jakey Breen,Friday,20,
3250,22/08/2025,20:09:52,2025-08-22T19:09:52.000Z,~ Ellis P,Friday,20,
3251,22/08/2025,20:12:08,2025-08-22T19:12:08.000Z,~ Harry,Friday,20,
3252,22/08/2025,20:40:17,2025-08-22T19:40:17.000Z,~ Ellis P,Friday,20,
3253,22/08/2025,21:14:58,2025-08-22T20:14:58.000Z,~ Rory Oakes,Friday,21,
3254,22/08/2025,21:15:22,2025-08-22T20:15:22.000Z,~ Ellis P,Friday,21,
3255,22/08/2025,21:53:02,2025-08-22T20:53:02.000Z,~ Oli Pollock,Friday,21,
3256,22/08/2025,21:58:10,2025-08-22T20:58:10.000Z,Indie Driscoll,Friday,21,
3257,22/08/2025,22:10:34,2025-08-22T21:10:34.000Z,‪+44 7305 124955‬,Friday,22,
3258,22/08/2025,22:16:51,2025-08-22T21:16:51.000Z,~ Ellis P,Friday,22,
3259,22/08/2025,22:44:55,2025-08-22T21:44:55.000Z,~ Oli Pollock,Friday,22,
3260,22/08/2025,22:54:29,2025-08-22T21:54:29.000Z,‪+44 7921 584225‬,Friday,22,
3261,22/08/2025,23:04:55,2025-08-22T22:04:55.000Z,~ Justin lewis,Friday,23,
3262,22/08/2025,23:29:20,2025-08-22T22:29:20.000Z,‪+44 7305 124955‬,Friday,23,
3263,22/08/2025,23:30:48,2025-08-22T22:30:48.000Z,‪+44 7841 958283‬,Friday,23,
3264,22/08/2025,23:44:03,2025-08-22T22:44:03.000Z,‪+44 7921 584225‬,Friday,23,
3265,23/08/2025,00:04:31,2025-08-22T23:04:31.000Z,‪+44 7581 012652‬,Saturday,0,
3266,23/08/2025,00:39:31,2025-08-22T23:39:31.000Z,~ Oli Pollock,Saturday,0,
3267,23/08/2025,03:53:08,2025-08-23T02:53:08.000Z,Georgia Jones,Saturday,3,
3268,23/08/2025,04:42:54,2025-08-23T03:42:54.000Z,Georgia Jones,Saturday,4,
3269,23/08/2025,05:07:44,2025-08-23T04:07:44.000Z,Georgia Jones,Saturday,5,
3270,23/08/2025,05:37:37,2025-08-23T04:37:37.000Z,Georgia Jones,Saturday,5,
3271,23/08/2025,05:59:17,2025-08-23T04:59:17.000Z,Georgia Jones,Saturday,5,
3272,23/08/2025,07:02:12,2025-08-23T06:02:12.000Z,Georgia Jones,Saturday,7,
3273,23/08/2025,09:30:16,2025-08-23T08:30:16.000Z,Georgia Jones,Saturday,9,
3274,23/08/2025,09:37:37,2025-08-23T08:37:37.000Z,Lottie Passmore,Saturday,9,
3275,23/08/2025,12:17:46,2025-08-23T11:17:46.000Z,~ Harry,Saturday,12,
3276,23/08/2025,12:19:09,2025-08-23T11:19:09.000Z,Georgia Jones,Saturday,12,
3277,23/08/2025,12:21:08,2025-08-23T11:21:08.000Z,~ Brett,Saturday,12,
3278,23/08/2025,12:22:59,2025-08-23T11:22:59.000Z,Georgia Jones,Saturday,12,
3279,23/08/2025,12:43:34,2025-08-23T11:43:34.000Z,Annabel Anderson,Saturday,12,
3280,23/08/2025,12:48:48,2025-08-23T11:48:48.000Z,~ Brett,Saturday,12,
3281,23/08/2025,12:56:42,2025-08-23T11:56:42.000Z,Cahill,Saturday,12,
3282,23/08/2025,12:58:52,2025-08-23T11:58:52.000Z,~ Seann,Saturday,12,
3283,23/08/2025,13:02:18,2025-08-23T12:02:18.000Z,Georgia Jones,Saturday,13,
3284,23/08/2025,13:04:55,2025-08-23T12:04:55.000Z,Livvy,Saturday,13,
3285,23/08/2025,13:05:22,2025-08-23T12:05:22.000Z,Lottie Passmore,Saturday,13,
3286,23/08/2025,13:16:21,2025-08-23T12:16:21.000Z,Hannah Page,Saturday,13,
3287,23/08/2025,13:19:16,2025-08-23T12:19:16.000Z,Bella Cain,Saturday,13,
3288,23/08/2025,13:29:50,2025-08-23T12:29:50.000Z,Cahill,Saturday,13,
3289,23/08/2025,13:31:29,2025-08-23T12:31:29.000Z,~ Harry,Saturday,13,
3290,23/08/2025,13:42:38,2025-08-23T12:42:38.000Z,~ Oliver,Saturday,13,
3291,23/08/2025,13:43:34,2025-08-23T12:43:34.000Z,Eleanor Cowell,Saturday,13,
3292,23/08/2025,14:12:56,2025-08-23T13:12:56.000Z,~ Jake Rooney,Saturday,14,
3293,23/08/2025,14:15:24,2025-08-23T13:15:24.000Z,Annabel Anderson,Saturday,14,
3294,23/08/2025,14:15:29,2025-08-23T13:15:29.000Z,~ Mark Wiszk,Saturday,14,
3295,23/08/2025,14:37:53,2025-08-23T13:37:53.000Z,Caitlin Driscoll,Saturday,14,
3296,23/08/2025,14:44:43,2025-08-23T13:44:43.000Z,~ Harry,Saturday,14,
3297,23/08/2025,14:46:58,2025-08-23T13:46:58.000Z,Eleanor Cowell,Saturday,14,
3298,23/08/2025,15:23:04,2025-08-23T14:23:04.000Z,Shay,Saturday,15,
3299,23/08/2025,15:29:39,2025-08-23T14:29:39.000Z,‪+44 7557 048707‬,Saturday,15,
3300,23/08/2025,15:53:15,2025-08-23T14:53:15.000Z,Jakey Breen,Saturday,15,
3301,23/08/2025,15:58:05,2025-08-23T14:58:05.000Z,Conall Caverly,Saturday,15,
3302,23/08/2025,16:17:05,2025-08-23T15:17:05.000Z,~ Ellis P,Saturday,16,
3303,23/08/2025,16:29:16,2025-08-23T15:29:16.000Z,‪+44 7305 124955‬,Saturday,16,
3304,23/08/2025,16:32:26,2025-08-23T15:32:26.000Z,Livvy,Saturday,16,
3305,23/08/2025,16:35:56,2025-08-23T15:35:56.000Z,Shay,Saturday,16,
3306,23/08/2025,16:35:59,2025-08-23T15:35:59.000Z,Jakey Breen,Saturday,16,
3307,23/08/2025,16:37:11,2025-08-23T15:37:11.000Z,Livvy,Saturday,16,
3308,23/08/2025,16:44:44,2025-08-23T15:44:44.000Z,Annabel Anderson,Saturday,16,
3309,23/08/2025,16:54:07,2025-08-23T15:54:07.000Z,~ Maddie,Saturday,16,
3310,23/08/2025,17:00:19,2025-08-23T16:00:19.000Z,~ Ellis P,Saturday,17,
3311,23/08/2025,17:10:04,2025-08-23T16:10:04.000Z,~ James Castle,Saturday,17,
3312,23/08/2025,17:12:03,2025-08-23T16:12:03.000Z,Shay,Saturday,17,
3313,23/08/2025,17:28:51,2025-08-23T16:28:51.000Z,~ Ellis P,Saturday,17,
3314,23/08/2025,17:29:27,2025-08-23T16:29:27.000Z,Hannah Page,Saturday,17,
3315,23/08/2025,17:44:50,2025-08-23T16:44:50.000Z,~ Brett,Saturday,17,
3316,23/08/2025,17:55:34,2025-08-23T16:55:34.000Z,~ Maddie,Saturday,17,
3317,23/08/2025,17:55:53,2025-08-23T16:55:53.000Z,Livvy,Saturday,17,
3318,23/08/2025,18:01:52,2025-08-23T17:01:52.000Z,Izzy Hyland-Parys,Saturday,18,
3319,23/08/2025,18:02:24,2025-08-23T17:02:24.000Z,Anya Trevor-Palleres,Saturday,18,
3320,23/08/2025,18:07:02,2025-08-23T17:07:02.000Z,Lottie Passmore,Saturday,18,
3321,23/08/2025,18:10:00,2025-08-23T17:10:00.000Z,Annabel Anderson,Saturday,18,
3322,23/08/2025,18:11:13,2025-08-23T17:11:13.000Z,~ Seann,Saturday,18,
3323,23/08/2025,18:24:52,2025-08-23T17:24:52.000Z,~ Harry,Saturday,18,
3324,23/08/2025,18:29:46,2025-08-23T17:29:46.000Z,~ Ellis P,Saturday,18,
3325,23/08/2025,18:31:03,2025-08-23T17:31:03.000Z,‪+44 7581 012652‬,Saturday,18,
3326,23/08/2025,18:31:14,2025-08-23T17:31:14.000Z,~ Ellis P,Saturday,18,
3327,23/08/2025,18:42:20,2025-08-23T17:42:20.000Z,Lottie Passmore,Saturday,18,
3328,23/08/2025,18:49:14,2025-08-23T17:49:14.000Z,Hannah Page,Saturday,18,
3329,23/08/2025,18:51:19,2025-08-23T17:51:19.000Z,~ Ellis P,Saturday,18,
3330,23/08/2025,18:52:18,2025-08-23T17:52:18.000Z,~ Jon Rickard,Saturday,18,
3331,23/08/2025,18:56:25,2025-08-23T17:56:25.000Z,~ Ellis P,Saturday,18,
3332,23/08/2025,18:57:01,2025-08-23T17:57:01.000Z,~ Owen,Saturday,18,
3333,23/08/2025,18:58:41,2025-08-23T17:58:41.000Z,~ Hannah,Saturday,18,
3334,23/08/2025,18:59:29,2025-08-23T17:59:29.000Z,‪+44 7480 285349‬,Saturday,18,
3335,23/08/2025,19:06:27,2025-08-23T18:06:27.000Z,~ Brett,Saturday,19,
3336,23/08/2025,19:28:36,2025-08-23T18:28:36.000Z,Ethan,Saturday,19,
3337,23/08/2025,19:54:15,2025-08-23T18:54:15.000Z,~ Harry,Saturday,19,
3338,23/08/2025,19:59:54,2025-08-23T18:59:54.000Z,~ Hannah,Saturday,19,
3339,23/08/2025,20:03:04,2025-08-23T19:03:04.000Z,~ Owen,Saturday,20,
3340,23/08/2025,20:46:06,2025-08-23T19:46:06.000Z,~ Hannah,Saturday,20,
3341,23/08/2025,20:50:01,2025-08-23T19:50:01.000Z,Shay,Saturday,20,
3342,23/08/2025,20:51:57,2025-08-23T19:51:57.000Z,Flo Lewis,Saturday,20,
3343,23/08/2025,20:58:41,2025-08-23T19:58:41.000Z,~ Seann,Saturday,20,
3344,23/08/2025,21:00:00,2025-08-23T20:00:00.000Z,~ Harry,Saturday,21,
3345,23/08/2025,21:26:49,2025-08-23T20:26:49.000Z,~ Maddie,Saturday,21,
3346,23/08/2025,22:12:25,2025-08-23T21:12:25.000Z,~ Ellis P,Saturday,22,
3347,23/08/2025,22:33:37,2025-08-23T21:33:37.000Z,~ Ellis P,Saturday,22,
3348,23/08/2025,23:04:06,2025-08-23T22:04:06.000Z,~ Ellis P,Saturday,23,
3349,23/08/2025,23:04:23,2025-08-23T22:04:23.000Z,Conall Caverly,Saturday,23,
3350,23/08/2025,23:12:01,2025-08-23T22:12:01.000Z,Caitlin Driscoll,Saturday,23,
3351,23/08/2025,23:26:29,2025-08-23T22:26:29.000Z,Livvy,Saturday,23,
3352,23/08/2025,23:26:33,2025-08-23T22:26:33.000Z,~ Ellis P,Saturday,23,
3353,23/08/2025,23:28:54,2025-08-23T22:28:54.000Z,~ Maeve,Saturday,23,
3354,24/08/2025,00:03:19,2025-08-23T23:03:19.000Z,Georgia Jones,Sunday,0,
3355,24/08/2025,00:21:44,2025-08-23T23:21:44.000Z,~ Conor,Sunday,0,
3356,24/08/2025,00:50:06,2025-08-23T23:50:06.000Z,~ Ellis P,Sunday,0,
3357,24/08/2025,01:39:03,2025-08-24T00:39:03.000Z,~ Conor,Sunday,1,
3358,24/08/2025,02:19:09,2025-08-24T01:19:09.000Z,~ Conor,Sunday,2,
3359,24/08/2025,10:55:55,2025-08-24T09:55:55.000Z,Annabel Anderson,Sunday,10,
3360,24/08/2025,11:12:25,2025-08-24T10:12:25.000Z,Livvy,Sunday,11,
3361,24/08/2025,11:13:20,2025-08-24T10:13:20.000Z,Lottie Passmore,Sunday,11,
3362,24/08/2025,11:31:04,2025-08-24T10:31:04.000Z,~ Jon Rickard,Sunday,11,
3363,24/08/2025,11:56:11,2025-08-24T10:56:11.000Z,Hannah Page,Sunday,11,
3364,24/08/2025,12:26:33,2025-08-24T11:26:33.000Z,Annabel Anderson,Sunday,12,
3365,24/08/2025,12:36:52,2025-08-24T11:36:52.000Z,Annabel Anderson,Sunday,12,
3366,24/08/2025,12:46:38,2025-08-24T11:46:38.000Z,~ Hannah,Sunday,12,
3367,24/08/2025,12:47:00,2025-08-24T11:47:00.000Z,Hannah Page,Sunday,12,
3368,24/08/2025,13:14:48,2025-08-24T12:14:48.000Z,Jakey Breen,Sunday,13,
3369,24/08/2025,13:21:30,2025-08-24T12:21:30.000Z,~ Hannah,Sunday,13,
3370,24/08/2025,13:23:58,2025-08-24T12:23:58.000Z,Hannah Page,Sunday,13,
3371,24/08/2025,13:26:08,2025-08-24T12:26:08.000Z,Annabel Anderson,Sunday,13,
3372,24/08/2025,13:26:40,2025-08-24T12:26:40.000Z,Georgia Jones,Sunday,13,
3373,24/08/2025,13:41:23,2025-08-24T12:41:23.000Z,~ Ellis P,Sunday,13,
3374,24/08/2025,13:46:47,2025-08-24T12:46:47.000Z,Abby Khalifeh,Sunday,13,
3375,24/08/2025,13:59:07,2025-08-24T12:59:07.000Z,Georgia Jones,Sunday,13,
3376,24/08/2025,14:03:24,2025-08-24T13:03:24.000Z,~ Hannah,Sunday,14,
3377,24/08/2025,14:20:59,2025-08-24T13:20:59.000Z,Annabel Anderson,Sunday,14,
3378,24/08/2025,14:21:52,2025-08-24T13:21:52.000Z,~ Max Evans,Sunday,14,
3379,24/08/2025,14:25:50,2025-08-24T13:25:50.000Z,Abby Khalifeh,Sunday,14,
3380,24/08/2025,14:32:52,2025-08-24T13:32:52.000Z,Jakey Breen,Sunday,14,
3381,24/08/2025,14:33:40,2025-08-24T13:33:40.000Z,Georgia Jones,Sunday,14,
3382,24/08/2025,15:02:52,2025-08-24T14:02:52.000Z,Georgia Jones,Sunday,15,
3383,24/08/2025,15:03:02,2025-08-24T14:03:02.000Z,~ Ellis P,Sunday,15,
3384,24/08/2025,15:12:07,2025-08-24T14:12:07.000Z,‪+44 7557 048707‬,Sunday,15,
3385,24/08/2025,15:12:11,2025-08-24T14:12:11.000Z,~ Sam Ross,Sunday,15,
3386,24/08/2025,15:33:35,2025-08-24T14:33:35.000Z,Lottie Passmore,Sunday,15,
3387,24/08/2025,15:34:16,2025-08-24T14:34:16.000Z,Bella Cain,Sunday,15,
3388,24/08/2025,15:35:13,2025-08-24T14:35:13.000Z,Hannah Page,Sunday,15,
3389,24/08/2025,15:58:37,2025-08-24T14:58:37.000Z,Abby Khalifeh,Sunday,15,
3390,24/08/2025,16:10:21,2025-08-24T15:10:21.000Z,Cahill,Sunday,16,
3391,24/08/2025,16:10:46,2025-08-24T15:10:46.000Z,~ Ellis P,Sunday,16,
3392,24/08/2025,16:27:16,2025-08-24T15:27:16.000Z,Livvy,Sunday,16,
3393,24/08/2025,16:34:02,2025-08-24T15:34:02.000Z,~ Justin lewis,Sunday,16,
3394,24/08/2025,16:50:17,2025-08-24T15:50:17.000Z,‪+44 7305 124955‬,Sunday,16,
3395,24/08/2025,16:51:25,2025-08-24T15:51:25.000Z,Shay,Sunday,16,
3396,24/08/2025,16:52:10,2025-08-24T15:52:10.000Z,Hannah Page,Sunday,16,
3397,24/08/2025,17:10:59,2025-08-24T16:10:59.000Z,Livvy,Sunday,17,
3398,24/08/2025,17:20:37,2025-08-24T16:20:37.000Z,~ James Castle,Sunday,17,
3399,24/08/2025,17:28:54,2025-08-24T16:28:54.000Z,‪+44 7954 114133‬,Sunday,17,
3400,24/08/2025,17:46:29,2025-08-24T16:46:29.000Z,‪+44 7305 124955‬,Sunday,17,
3401,24/08/2025,17:48:54,2025-08-24T16:48:54.000Z,Jakey Breen,Sunday,17,
3402,24/08/2025,17:55:44,2025-08-24T16:55:44.000Z,~ Seann,Sunday,17,
3403,24/08/2025,17:57:30,2025-08-24T16:57:30.000Z,‪+44 7557 048707‬,Sunday,17,
3404,24/08/2025,17:58:00,2025-08-24T16:58:00.000Z,Caitlin Driscoll,Sunday,17,
3405,24/08/2025,18:00:44,2025-08-24T17:00:44.000Z,‪+44 7581 012652‬,Sunday,18,
3406,24/08/2025,18:00:56,2025-08-24T17:00:56.000Z,~ Ellis P,Sunday,18,
3407,24/08/2025,18:07:16,2025-08-24T17:07:16.000Z,Abby Khalifeh,Sunday,18,
3408,24/08/2025,18:11:49,2025-08-24T17:11:49.000Z,~ Seann,Sunday,18,
3409,24/08/2025,18:34:41,2025-08-24T17:34:41.000Z,~ Brett,Sunday,18,
3410,24/08/2025,18:49:52,2025-08-24T17:49:52.000Z,~ Hannah,Sunday,18,
3411,24/08/2025,19:22:02,2025-08-24T18:22:02.000Z,~ Brett,Sunday,19,
3412,24/08/2025,19:54:36,2025-08-24T18:54:36.000Z,Abby Khalifeh,Sunday,19,
3413,24/08/2025,19:55:58,2025-08-24T18:55:58.000Z,~ Ellis P,Sunday,19,
3414,24/08/2025,19:57:00,2025-08-24T18:57:00.000Z,~ Seann,Sunday,19,
3415,24/08/2025,20:24:52,2025-08-24T19:24:52.000Z,~ Seann,Sunday,20,
3416,24/08/2025,20:31:02,2025-08-24T19:31:02.000Z,~ Jake Rooney,Sunday,20,
3417,24/08/2025,21:01:50,2025-08-24T20:01:50.000Z,Caolán Walsh,Sunday,21,
3418,24/08/2025,21:17:46,2025-08-24T20:17:46.000Z,~ Hannah,Sunday,21,
3419,24/08/2025,21:58:17,2025-08-24T20:58:17.000Z,~ Ellis P,Sunday,21,
3420,24/08/2025,22:51:16,2025-08-24T21:51:16.000Z,~ Ellis P,Sunday,22,
3421,25/08/2025,01:18:53,2025-08-25T00:18:53.000Z,Shay,Monday,1,
3422,25/08/2025,01:43:04,2025-08-25T00:43:04.000Z,Abby Khalifeh,Monday,1,
3423,25/08/2025,02:06:13,2025-08-25T01:06:13.000Z,Shay,Monday,2,
3424,25/08/2025,02:06:41,2025-08-25T01:06:41.000Z,Shay,Monday,2,
3425,25/08/2025,10:44:23,2025-08-25T09:44:23.000Z,Georgia Jones,Monday,10,
3426,25/08/2025,11:17:07,2025-08-25T10:17:07.000Z,Annabel Anderson,Monday,11,
3427,25/08/2025,11:26:37,2025-08-25T10:26:37.000Z,Livvy,Monday,11,
3428,25/08/2025,11:41:13,2025-08-25T10:41:13.000Z,Georgia Jones,Monday,11,
3429,25/08/2025,12:16:49,2025-08-25T11:16:49.000Z,~ Justin lewis,Monday,12,
3430,25/08/2025,12:25:15,2025-08-25T11:25:15.000Z,Livvy,Monday,12,
3431,25/08/2025,13:04:37,2025-08-25T12:04:37.000Z,Georgia Jones,Monday,13,
3432,25/08/2025,13:08:03,2025-08-25T12:08:03.000Z,~ Jon Rickard,Monday,13,
3433,25/08/2025,13:12:31,2025-08-25T12:12:31.000Z,Georgia Jones,Monday,13,
3434,25/08/2025,13:15:05,2025-08-25T12:15:05.000Z,~ Hannah,Monday,13,
3435,25/08/2025,13:25:04,2025-08-25T12:25:04.000Z,Livvy,Monday,13,
3436,25/08/2025,13:26:11,2025-08-25T12:26:11.000Z,Katy Laville,Monday,13,
3437,25/08/2025,14:01:31,2025-08-25T13:01:31.000Z,~ Hannah,Monday,14,
3438,25/08/2025,14:05:06,2025-08-25T13:05:06.000Z,~ Anna,Monday,14,
3439,25/08/2025,14:05:35,2025-08-25T13:05:35.000Z,Livvy,Monday,14,
3440,25/08/2025,14:06:49,2025-08-25T13:06:49.000Z,‪+44 7534 260554‬,Monday,14,
3441,25/08/2025,14:37:37,2025-08-25T13:37:37.000Z,~ Oliver,Monday,14,
3442,25/08/2025,14:39:38,2025-08-25T13:39:38.000Z,~ Ellis P,Monday,14,
3443,25/08/2025,14:40:56,2025-08-25T13:40:56.000Z,~ Hannah,Monday,14,
3444,25/08/2025,14:43:03,2025-08-25T13:43:03.000Z,Georgia Jones,Monday,14,
3445,25/08/2025,14:43:30,2025-08-25T13:43:30.000Z,‪+44 7534 260554‬,Monday,14,
3446,25/08/2025,14:45:43,2025-08-25T13:45:43.000Z,~ Brett,Monday,14,
3447,25/08/2025,15:07:46,2025-08-25T14:07:46.000Z,~ Andrew Matthews,Monday,15,
3448,25/08/2025,15:09:12,2025-08-25T14:09:12.000Z,~ James Castle,Monday,15,
3449,25/08/2025,15:26:09,2025-08-25T14:26:09.000Z,~ Hannah,Monday,15,
3450,25/08/2025,15:26:58,2025-08-25T14:26:58.000Z,~ Brett,Monday,15,
3451,25/08/2025,15:28:03,2025-08-25T14:28:03.000Z,~ Harry,Monday,15,
3452,25/08/2025,16:05:26,2025-08-25T15:05:26.000Z,~ Brett,Monday,16,
3453,25/08/2025,16:28:43,2025-08-25T15:28:43.000Z,‪+44 7557 048707‬,Monday,16,
3454,25/08/2025,16:54:35,2025-08-25T15:54:35.000Z,Georgia Jones,Monday,16,
3455,25/08/2025,17:21:33,2025-08-25T16:21:33.000Z,‪+44 7402 796848‬,Monday,17,
3456,25/08/2025,17:23:18,2025-08-25T16:23:18.000Z,Caolán Walsh,Monday,17,
3457,25/08/2025,17:29:49,2025-08-25T16:29:49.000Z,‪+44 7534 260554‬,Monday,17,
3458,25/08/2025,17:48:11,2025-08-25T16:48:11.000Z,‪+44 7305 124955‬,Monday,17,
3459,25/08/2025,18:02:01,2025-08-25T17:02:01.000Z,Caolán Walsh,Monday,18,
3460,25/08/2025,18:02:11,2025-08-25T17:02:11.000Z,‪+353 83 876 4861‬,Monday,18,
3461,25/08/2025,18:03:39,2025-08-25T17:03:39.000Z,~ Harry,Monday,18,
3462,25/08/2025,18:05:58,2025-08-25T17:05:58.000Z,Georgia Jones,Monday,18,
3463,25/08/2025,18:15:23,2025-08-25T17:15:23.000Z,‪+44 7305 124955‬,Monday,18,
3464,25/08/2025,18:28:18,2025-08-25T17:28:18.000Z,~ Maddie,Monday,18,
3465,25/08/2025,18:28:51,2025-08-25T17:28:51.000Z,~ Hannah,Monday,18,
3466,25/08/2025,18:29:32,2025-08-25T17:29:32.000Z,‪+44 7534 260554‬,Monday,18,
3467,25/08/2025,18:30:57,2025-08-25T17:30:57.000Z,Caolán Walsh,Monday,18,
3468,25/08/2025,18:39:09,2025-08-25T17:39:09.000Z,Indie Driscoll,Monday,18,
3469,25/08/2025,18:40:53,2025-08-25T17:40:53.000Z,~ Jordan Newman,Monday,18,
3470,25/08/2025,18:47:42,2025-08-25T17:47:42.000Z,~ Harry,Monday,18,
3471,25/08/2025,18:48:38,2025-08-25T17:48:38.000Z,‪+44 7402 796848‬,Monday,18,
3472,25/08/2025,18:52:49,2025-08-25T17:52:49.000Z,Caitlin Driscoll,Monday,18,
3473,25/08/2025,19:03:15,2025-08-25T18:03:15.000Z,~ Maddie,Monday,19,
3474,25/08/2025,19:05:31,2025-08-25T18:05:31.000Z,‪+44 7402 796848‬,Monday,19,
3475,25/08/2025,19:08:38,2025-08-25T18:08:38.000Z,‪+44 7305 124955‬,Monday,19,
3476,25/08/2025,19:11:22,2025-08-25T18:11:22.000Z,Caolán Walsh,Monday,19,
3477,25/08/2025,19:15:32,2025-08-25T18:15:32.000Z,~ Ellis P,Monday,19,
3478,25/08/2025,19:19:16,2025-08-25T18:19:16.000Z,‪+44 7534 260554‬,Monday,19,
3479,25/08/2025,19:21:33,2025-08-25T18:21:33.000Z,~ Jon Rickard,Monday,19,
3480,25/08/2025,19:23:32,2025-08-25T18:23:32.000Z,~ Hannah,Monday,19,
3481,25/08/2025,19:26:18,2025-08-25T18:26:18.000Z,~ James Castle,Monday,19,
3482,25/08/2025,19:28:54,2025-08-25T18:28:54.000Z,Caitlin Driscoll,Monday,19,
3483,25/08/2025,19:30:48,2025-08-25T18:30:48.000Z,~ Brett,Monday,19,
3484,25/08/2025,19:37:52,2025-08-25T18:37:52.000Z,Caolán Walsh,Monday,19,
3485,25/08/2025,19:53:51,2025-08-25T18:53:51.000Z,~ Ellis P,Monday,19,
3486,25/08/2025,19:54:50,2025-08-25T18:54:50.000Z,‪+44 7305 124955‬,Monday,19,
3487,25/08/2025,19:56:13,2025-08-25T18:56:13.000Z,Anya Trevor-Palleres,Monday,19,
3488,25/08/2025,20:09:03,2025-08-25T19:09:03.000Z,‪+44 7402 796848‬,Monday,20,
3489,25/08/2025,20:09:26,2025-08-25T19:09:26.000Z,~ Maddie,Monday,20,
3490,25/08/2025,20:28:03,2025-08-25T19:28:03.000Z,‪+44 7534 260554‬,Monday,20,
3491,25/08/2025,20:30:04,2025-08-25T19:30:04.000Z,~ Hannah,Monday,20,
3492,25/08/2025,20:34:04,2025-08-25T19:34:04.000Z,~ Ellis P,Monday,20,
3493,25/08/2025,20:48:34,2025-08-25T19:48:34.000Z,‪+44 7305 124955‬,Monday,20,
3494,25/08/2025,20:54:26,2025-08-25T19:54:26.000Z,~ Maddie,Monday,20,
3495,25/08/2025,21:18:18,2025-08-25T20:18:18.000Z,Indie Driscoll,Monday,21,
3496,25/08/2025,21:19:51,2025-08-25T20:19:51.000Z,~ Ellis P,Monday,21,
3497,25/08/2025,21:32:54,2025-08-25T20:32:54.000Z,‪+353 83 876 4861‬,Monday,21,
3498,25/08/2025,21:35:05,2025-08-25T20:35:05.000Z,‪+44 7837 987321‬,Monday,21,
3499,25/08/2025,21:55:41,2025-08-25T20:55:41.000Z,~ Ellis P,Monday,21,
3500,25/08/2025,22:23:03,2025-08-25T21:23:03.000Z,‪+353 83 876 4861‬,Monday,22,
3501,25/08/2025,22:30:00,2025-08-25T21:30:00.000Z,Indie Driscoll,Monday,22,
3502,26/08/2025,13:13:37,2025-08-26T12:13:37.000Z,~ Dan Dolderson,Tuesday,13,
3503,26/08/2025,14:01:04,2025-08-26T13:01:04.000Z,~ James Castle,Tuesday,14,
3504,26/08/2025,14:01:42,2025-08-26T13:01:42.000Z,‪+353 83 876 4861‬,Tuesday,14,
3505,26/08/2025,14:12:17,2025-08-26T13:12:17.000Z,~ Andrew Matthews,Tuesday,14,
3506,26/08/2025,14:29:00,2025-08-26T13:29:00.000Z,~ Dan Dolderson,Tuesday,14,
3507,26/08/2025,15:12:54,2025-08-26T14:12:54.000Z,~ Harry,Tuesday,15,
3508,26/08/2025,15:14:09,2025-08-26T14:14:09.000Z,Livvy,Tuesday,15,
3509,26/08/2025,15:49:04,2025-08-26T14:49:04.000Z,~ Harry,Tuesday,15,
3510,26/08/2025,16:07:15,2025-08-26T15:07:15.000Z,Livvy,Tuesday,16,
3511,26/08/2025,16:28:06,2025-08-26T15:28:06.000Z,Livvy,Tuesday,16,
3512,26/08/2025,16:33:42,2025-08-26T15:33:42.000Z,~ Jon Rickard,Tuesday,16,
3513,26/08/2025,16:55:10,2025-08-26T15:55:10.000Z,Livvy,Tuesday,16,
3514,26/08/2025,17:12:16,2025-08-26T16:12:16.000Z,~ Harry,Tuesday,17,
3515,26/08/2025,17:28:07,2025-08-26T16:28:07.000Z,Livvy,Tuesday,17,
3516,26/08/2025,17:31:04,2025-08-26T16:31:04.000Z,~ Lydia Rickard,Tuesday,17,
3517,26/08/2025,17:54:03,2025-08-26T16:54:03.000Z,~ Dan Dolderson,Tuesday,17,
3518,26/08/2025,17:55:05,2025-08-26T16:55:05.000Z,~ James Castle,Tuesday,17,
3519,26/08/2025,17:58:52,2025-08-26T16:58:52.000Z,‪+44 7305 124955‬,Tuesday,17,
3520,26/08/2025,18:17:33,2025-08-26T17:17:33.000Z,~ Jon Rickard,Tuesday,18,
3521,26/08/2025,18:28:35,2025-08-26T17:28:35.000Z,~ Max Evans,Tuesday,18,
3522,26/08/2025,18:33:30,2025-08-26T17:33:30.000Z,~ Justin lewis,Tuesday,18,
3523,26/08/2025,18:34:52,2025-08-26T17:34:52.000Z,‪+44 7305 124955‬,Tuesday,18,
3524,26/08/2025,18:50:43,2025-08-26T17:50:43.000Z,~ Harry,Tuesday,18,
3525,26/08/2025,18:55:37,2025-08-26T17:55:37.000Z,~ Ellis P,Tuesday,18,
3526,26/08/2025,19:08:40,2025-08-26T18:08:40.000Z,~ Dan Dolderson,Tuesday,19,
3527,26/08/2025,19:10:59,2025-08-26T18:10:59.000Z,~ Justin lewis,Tuesday,19,
3528,26/08/2025,19:13:25,2025-08-26T18:13:25.000Z,‪+44 7305 124955‬,Tuesday,19,
3529,26/08/2025,19:48:13,2025-08-26T18:48:13.000Z,~ Dan Dolderson,Tuesday,19,
3530,26/08/2025,19:59:22,2025-08-26T18:59:22.000Z,~ Seann,Tuesday,19,
3531,26/08/2025,20:19:20,2025-08-26T19:19:20.000Z,~ Andrew Matthews,Tuesday,20,
3532,26/08/2025,20:22:29,2025-08-26T19:22:29.000Z,~ Jon Rickard,Tuesday,20,
3533,26/08/2025,20:22:54,2025-08-26T19:22:54.000Z,~ Lydia Rickard,Tuesday,20,
3534,27/08/2025,12:16:40,2025-08-27T11:16:40.000Z,~ Hugh,Wednesday,12,
3535,27/08/2025,12:17:37,2025-08-27T11:17:37.000Z,~ Luke Hardcastle,Wednesday,12,
3536,27/08/2025,12:38:31,2025-08-27T11:38:31.000Z,Livvy,Wednesday,12,
3537,27/08/2025,12:50:12,2025-08-27T11:50:12.000Z,~ Jon Rickard,Wednesday,12,
3538,27/08/2025,14:13:53,2025-08-27T13:13:53.000Z,~ Dan Dolderson,Wednesday,14,
3539,27/08/2025,14:32:27,2025-08-27T13:32:27.000Z,~ Dan Dolderson,Wednesday,14,
3540,27/08/2025,14:37:02,2025-08-27T13:37:02.000Z,‪+852 8415 7382‬,Wednesday,14,
3541,27/08/2025,14:52:41,2025-08-27T13:52:41.000Z,~ Seb,Wednesday,14,
3542,27/08/2025,14:53:03,2025-08-27T13:53:03.000Z,~ Maeve,Wednesday,14,
3543,27/08/2025,15:12:06,2025-08-27T14:12:06.000Z,~ Dan Dolderson,Wednesday,15,
3544,27/08/2025,16:00:39,2025-08-27T15:00:39.000Z,~ Maeve,Wednesday,16,
3545,27/08/2025,17:02:55,2025-08-27T16:02:55.000Z,~ Maeve,Wednesday,17,
3546,27/08/2025,17:10:16,2025-08-27T16:10:16.000Z,Abby Khalifeh,Wednesday,17,
3547,27/08/2025,17:23:12,2025-08-27T16:23:12.000Z,~ Hugh,Wednesday,17,
3548,27/08/2025,17:53:23,2025-08-27T16:53:23.000Z,‪+44 7534 260554‬,Wednesday,17,
3549,27/08/2025,17:55:08,2025-08-27T16:55:08.000Z,~ Dan Dolderson,Wednesday,17,
3550,27/08/2025,18:01:06,2025-08-27T17:01:06.000Z,‪+44 7305 124955‬,Wednesday,18,
3551,27/08/2025,18:08:25,2025-08-27T17:08:25.000Z,~ Lydia Rickard,Wednesday,18,
3552,27/08/2025,18:18:30,2025-08-27T17:18:30.000Z,Abby Khalifeh,Wednesday,18,
3553,27/08/2025,18:36:34,2025-08-27T17:36:34.000Z,~ Andrew Matthews,Wednesday,18,
3554,27/08/2025,18:46:42,2025-08-27T17:46:42.000Z,~ Dan Dolderson,Wednesday,18,
3555,27/08/2025,18:55:47,2025-08-27T17:55:47.000Z,‪+44 7444 488176‬,Wednesday,18,
3556,27/08/2025,18:55:58,2025-08-27T17:55:58.000Z,‪+44 7534 260554‬,Wednesday,18,
3557,27/08/2025,19:19:06,2025-08-27T18:19:06.000Z,~ Maeve,Wednesday,19,
3558,27/08/2025,19:21:28,2025-08-27T18:21:28.000Z,~ Andrew Matthews,Wednesday,19,
3559,27/08/2025,19:47:21,2025-08-27T18:47:21.000Z,Flo Lewis,Wednesday,19,
3560,27/08/2025,19:53:56,2025-08-27T18:53:56.000Z,~ Ellis P,Wednesday,19,
3561,27/08/2025,19:54:43,2025-08-27T18:54:43.000Z,Jakey Breen,Wednesday,19,
3562,27/08/2025,20:00:07,2025-08-27T19:00:07.000Z,‪+44 7305 124955‬,Wednesday,20,
3563,27/08/2025,20:00:53,2025-08-27T19:00:53.000Z,Bella Cain,Wednesday,20,
3564,27/08/2025,20:19:55,2025-08-27T19:19:55.000Z,Flo Lewis,Wednesday,20,
3565,27/08/2025,20:53:18,2025-08-27T19:53:18.000Z,~ Ellis P,Wednesday,20,
3566,27/08/2025,20:57:35,2025-08-27T19:57:35.000Z,Jakey Breen,Wednesday,20,
3567,27/08/2025,22:22:58,2025-08-27T21:22:58.000Z,‪+44 7305 124955‬,Wednesday,22,
3568,28/08/2025,11:15:36,2025-08-28T10:15:36.000Z,Livvy,Thursday,11,
3569,28/08/2025,12:20:53,2025-08-28T11:20:53.000Z,~ Jordan Newman,Thursday,12,
3570,28/08/2025,12:22:11,2025-08-28T11:22:11.000Z,Livvy,Thursday,12,
3571,28/08/2025,12:28:11,2025-08-28T11:28:11.000Z,~ Jake Rooney,Thursday,12,
3572,28/08/2025,16:22:08,2025-08-28T15:22:08.000Z,Izzy Hyland-Parys,Thursday,16,
3573,28/08/2025,16:24:42,2025-08-28T15:24:42.000Z,Millie Brooke,Thursday,16,
3574,28/08/2025,16:50:11,2025-08-28T15:50:11.000Z,~ Jordan Newman,Thursday,16,
3575,28/08/2025,17:16:24,2025-08-28T16:16:24.000Z,~ Dan Dolderson,Thursday,17,
3576,28/08/2025,17:22:23,2025-08-28T16:22:23.000Z,Lottie Passmore,Thursday,17,
3577,28/08/2025,17:35:21,2025-08-28T16:35:21.000Z,Izzy Hyland-Parys,Thursday,17,
3578,28/08/2025,17:38:18,2025-08-28T16:38:18.000Z,Lottie Passmore,Thursday,17,
3579,28/08/2025,17:39:55,2025-08-28T16:39:55.000Z,~ Jordan Newman,Thursday,17,
3580,28/08/2025,17:40:37,2025-08-28T16:40:37.000Z,~ Owen,Thursday,17,
3581,28/08/2025,17:43:52,2025-08-28T16:43:52.000Z,Abby Khalifeh,Thursday,17,
3582,28/08/2025,17:50:32,2025-08-28T16:50:32.000Z,~ Jon Rickard,Thursday,17,
3583,28/08/2025,18:03:44,2025-08-28T17:03:44.000Z,~ Hannah,Thursday,18,
3584,28/08/2025,18:31:01,2025-08-28T17:31:01.000Z,‪+44 7841 958283‬,Thursday,18,
3585,28/08/2025,18:45:16,2025-08-28T17:45:16.000Z,~ Jon Rickard,Thursday,18,
3586,28/08/2025,19:33:50,2025-08-28T18:33:50.000Z,Abby Khalifeh,Thursday,19,
3587,28/08/2025,19:41:12,2025-08-28T18:41:12.000Z,Caolán Walsh,Thursday,19,
3588,28/08/2025,20:13:03,2025-08-28T19:13:03.000Z,Abby Khalifeh,Thursday,20,
3589,28/08/2025,20:13:32,2025-08-28T19:13:32.000Z,Annabel Anderson,Thursday,20,
3590,28/08/2025,20:18:57,2025-08-28T19:18:57.000Z,Hannah Page,Thursday,20,
3591,28/08/2025,20:25:35,2025-08-28T19:25:35.000Z,~ Justin lewis,Thursday,20,
3592,28/08/2025,20:38:47,2025-08-28T19:38:47.000Z,~ Hugh,Thursday,20,
3593,28/08/2025,20:57:34,2025-08-28T19:57:34.000Z,~ Marcus Brienza,Thursday,20,
3594,28/08/2025,20:58:50,2025-08-28T19:58:50.000Z,~ Bobby Burnand,Thursday,20,
3595,28/08/2025,21:05:37,2025-08-28T20:05:37.000Z,Caolán Walsh,Thursday,21,
3596,28/08/2025,21:16:32,2025-08-28T20:16:32.000Z,‪+44 7305 124955‬,Thursday,21,
3597,28/08/2025,21:52:28,2025-08-28T20:52:28.000Z,Caolán Walsh,Thursday,21,
3598,28/08/2025,21:53:09,2025-08-28T20:53:09.000Z,Anya Trevor-Palleres,Thursday,21,
3599,28/08/2025,22:20:38,2025-08-28T21:20:38.000Z,~ Bobby Burnand,Thursday,22,
3600,28/08/2025,22:32:02,2025-08-28T21:32:02.000Z,Caolán Walsh,Thursday,22,
3601,28/08/2025,22:41:52,2025-08-28T21:41:52.000Z,Abby Khalifeh,Thursday,22,
3602,28/08/2025,23:10:05,2025-08-28T22:10:05.000Z,~ Maeve,Thursday,23,
3603,28/08/2025,23:17:02,2025-08-28T22:17:02.000Z,Jakey Breen,Thursday,23,
3604,28/08/2025,23:59:44,2025-08-28T22:59:44.000Z,Caolán Walsh,Thursday,23,
3605,29/08/2025,00:45:27,2025-08-28T23:45:27.000Z,~ Bobby Burnand,Friday,0,
3606,29/08/2025,06:01:43,2025-08-29T05:01:43.000Z,Livvy,Friday,6,
3607,29/08/2025,12:33:06,2025-08-29T11:33:06.000Z,Georgia Jones,Friday,12,
3608,29/08/2025,12:41:02,2025-08-29T11:41:02.000Z,‪+852 8415 7382‬,Friday,12,
3609,29/08/2025,13:01:43,2025-08-29T12:01:43.000Z,Georgia Jones,Friday,13,
3610,29/08/2025,13:34:08,2025-08-29T12:34:08.000Z,~ Ellis P,Friday,13,
3611,29/08/2025,14:00:54,2025-08-29T13:00:54.000Z,~ Ellis P,Friday,14,
3612,29/08/2025,14:20:45,2025-08-29T13:20:45.000Z,Georgia Jones,Friday,14,
3613,29/08/2025,14:28:16,2025-08-29T13:28:16.000Z,~ Ellis P,Friday,14,
3614,29/08/2025,14:44:58,2025-08-29T13:44:58.000Z,Georgia Jones,Friday,14,
3615,29/08/2025,14:45:29,2025-08-29T13:45:29.000Z,Livvy,Friday,14,
3616,29/08/2025,15:19:48,2025-08-29T14:19:48.000Z,Georgia Jones,Friday,15,
3617,29/08/2025,15:27:45,2025-08-29T14:27:45.000Z,~ Dan Dolderson,Friday,15,
3618,29/08/2025,16:12:18,2025-08-29T15:12:18.000Z,~ Will Anderson,Friday,16,
3619,29/08/2025,16:44:31,2025-08-29T15:44:31.000Z,~ Jon Rickard,Friday,16,
3620,29/08/2025,17:04:24,2025-08-29T16:04:24.000Z,Caolán Walsh,Friday,17,
3621,29/08/2025,17:46:12,2025-08-29T16:46:12.000Z,~ ellie,Friday,17,
3622,29/08/2025,17:58:53,2025-08-29T16:58:53.000Z,~ Harry,Friday,17,
3623,29/08/2025,18:02:53,2025-08-29T17:02:53.000Z,~ Justin lewis,Friday,18,
3624,29/08/2025,18:13:32,2025-08-29T17:13:32.000Z,‪+44 7703 397938‬,Friday,18,
3625,29/08/2025,18:44:12,2025-08-29T17:44:12.000Z,Caolán Walsh,Friday,18,
3626,29/08/2025,18:51:31,2025-08-29T17:51:31.000Z,‪+44 7305 124955‬,Friday,18,
3627,29/08/2025,19:09:09,2025-08-29T18:09:09.000Z,~ Oliver,Friday,19,
3628,29/08/2025,19:17:34,2025-08-29T18:17:34.000Z,~ Ellis P,Friday,19,
3629,29/08/2025,19:26:51,2025-08-29T18:26:51.000Z,~ Oli Pollock,Friday,19,
3630,29/08/2025,19:41:08,2025-08-29T18:41:08.000Z,Hannah Page,Friday,19,
3631,29/08/2025,19:41:38,2025-08-29T18:41:38.000Z,‪+44 7530 856137‬,Friday,19,
3632,29/08/2025,19:42:13,2025-08-29T18:42:13.000Z,~ Harry,Friday,19,
3633,29/08/2025,19:42:20,2025-08-29T18:42:20.000Z,Shay,Friday,19,
3634,29/08/2025,19:50:19,2025-08-29T18:50:19.000Z,~ Jon Rickard,Friday,19,
3635,29/08/2025,19:51:29,2025-08-29T18:51:29.000Z,Shay,Friday,19,
3636,29/08/2025,20:00:35,2025-08-29T19:00:35.000Z,Shay,Friday,20,
3637,29/08/2025,20:03:38,2025-08-29T19:03:38.000Z,‪+44 7501 062670‬,Friday,20,
3638,29/08/2025,20:07:16,2025-08-29T19:07:16.000Z,~ Hugh,Friday,20,
3639,29/08/2025,20:11:10,2025-08-29T19:11:10.000Z,~ Will Anderson,Friday,20,
3640,29/08/2025,20:22:29,2025-08-29T19:22:29.000Z,Caolán Walsh,Friday,20,
3641,29/08/2025,20:36:30,2025-08-29T19:36:30.000Z,‪+44 7305 124955‬,Friday,20,
3642,29/08/2025,20:51:36,2025-08-29T19:51:36.000Z,‪+44 7703 397938‬,Friday,20,
3643,29/08/2025,21:00:19,2025-08-29T20:00:19.000Z,Caolán Walsh,Friday,21,
3644,29/08/2025,21:01:38,2025-08-29T20:01:38.000Z,~ Ellis P,Friday,21,
3645,29/08/2025,21:22:54,2025-08-29T20:22:54.000Z,~ Harry,Friday,21,
3646,29/08/2025,21:23:32,2025-08-29T20:23:32.000Z,~ Seann,Friday,21,
3647,29/08/2025,21:31:10,2025-08-29T20:31:10.000Z,~ Ellis P,Friday,21,
3648,29/08/2025,21:36:53,2025-08-29T20:36:53.000Z,‪+44 7305 124955‬,Friday,21,
3649,29/08/2025,21:38:42,2025-08-29T20:38:42.000Z,‪+44 7557 048707‬,Friday,21,
3650,29/08/2025,22:10:35,2025-08-29T21:10:35.000Z,~ Ellis P,Friday,22,
3651,29/08/2025,22:16:52,2025-08-29T21:16:52.000Z,‪+44 7446 532268‬,Friday,22,
3652,29/08/2025,22:44:14,2025-08-29T21:44:14.000Z,Caolán Walsh,Friday,22,
3653,29/08/2025,22:45:44,2025-08-29T21:45:44.000Z,~ Ellis P,Friday,22,
3654,29/08/2025,22:54:46,2025-08-29T21:54:46.000Z,‪+44 7841 958283‬,Friday,22,
3655,29/08/2025,23:19:41,2025-08-29T22:19:41.000Z,~ Bobby Burnand,Friday,23,
3656,29/08/2025,23:29:17,2025-08-29T22:29:17.000Z,~ Max Evans,Friday,23,
3657,29/08/2025,23:30:02,2025-08-29T22:30:02.000Z,‪+44 7954 114133‬,Friday,23,
3658,29/08/2025,23:32:13,2025-08-29T22:32:13.000Z,~ Ellis P,Friday,23,
3659,29/08/2025,23:34:55,2025-08-29T22:34:55.000Z,‪+44 7809 230722‬,Friday,23,
3660,29/08/2025,23:46:23,2025-08-29T22:46:23.000Z,Shay,Friday,23,
3661,30/08/2025,12:54:24,2025-08-30T11:54:24.000Z,Hannah Page,Saturday,12,
3662,30/08/2025,13:04:03,2025-08-30T12:04:03.000Z,‪+44 7305 124955‬,Saturday,13,
3663,30/08/2025,13:21:20,2025-08-30T12:21:20.000Z,Hannah Page,Saturday,13,
3664,30/08/2025,13:24:37,2025-08-30T12:24:37.000Z,Livvy,Saturday,13,
3665,30/08/2025,13:26:28,2025-08-30T12:26:28.000Z,‪+44 7402 796848‬,Saturday,13,
3666,30/08/2025,13:33:48,2025-08-30T12:33:48.000Z,~ Max Evans,Saturday,13,
3667,30/08/2025,13:40:21,2025-08-30T12:40:21.000Z,Livvy,Saturday,13,
3668,30/08/2025,13:54:52,2025-08-30T12:54:52.000Z,‪+44 7402 796848‬,Saturday,13,
3669,30/08/2025,14:05:31,2025-08-30T13:05:31.000Z,~ Andrew Matthews,Saturday,14,
3670,30/08/2025,14:07:28,2025-08-30T13:07:28.000Z,Hannah Page,Saturday,14,
3671,30/08/2025,14:16:51,2025-08-30T13:16:51.000Z,~ Max Evans,Saturday,14,
3672,30/08/2025,14:29:32,2025-08-30T13:29:32.000Z,‪+44 7402 796848‬,Saturday,14,
3673,30/08/2025,14:44:11,2025-08-30T13:44:11.000Z,Izzy Hyland-Parys,Saturday,14,
3674,30/08/2025,14:57:00,2025-08-30T13:57:00.000Z,‪+44 7402 796848‬,Saturday,14,
3675,30/08/2025,15:09:46,2025-08-30T14:09:46.000Z,‪+44 7305 124955‬,Saturday,15,
3676,30/08/2025,15:12:32,2025-08-30T14:12:32.000Z,~ Harry,Saturday,15,
3677,30/08/2025,15:13:41,2025-08-30T14:13:41.000Z,Livvy,Saturday,15,
3678,30/08/2025,15:16:46,2025-08-30T14:16:46.000Z,~ Brett,Saturday,15,
3679,30/08/2025,15:19:49,2025-08-30T14:19:49.000Z,‪+44 7402 796848‬,Saturday,15,
3680,30/08/2025,15:20:14,2025-08-30T14:20:14.000Z,Cahill,Saturday,15,
3681,30/08/2025,15:22:12,2025-08-30T14:22:12.000Z,~ Max Evans,Saturday,15,
3682,30/08/2025,15:39:38,2025-08-30T14:39:38.000Z,~ Andrew Matthews,Saturday,15,
3683,30/08/2025,15:43:05,2025-08-30T14:43:05.000Z,‪+44 7402 796848‬,Saturday,15,
3684,30/08/2025,15:44:17,2025-08-30T14:44:17.000Z,~ Brett,Saturday,15,
3685,30/08/2025,15:49:00,2025-08-30T14:49:00.000Z,Hannah Page,Saturday,15,
3686,30/08/2025,15:52:07,2025-08-30T14:52:07.000Z,Bella Cain,Saturday,15,
3687,30/08/2025,15:55:39,2025-08-30T14:55:39.000Z,Annabel Anderson,Saturday,15,
3688,30/08/2025,16:01:17,2025-08-30T15:01:17.000Z,~ Ellis P,Saturday,16,
3689,30/08/2025,16:01:31,2025-08-30T15:01:31.000Z,~ Justin lewis,Saturday,16,
3690,30/08/2025,16:17:44,2025-08-30T15:17:44.000Z,~ Brett,Saturday,16,
3691,30/08/2025,16:27:10,2025-08-30T15:27:10.000Z,‪+44 7402 796848‬,Saturday,16,
3692,30/08/2025,16:35:07,2025-08-30T15:35:07.000Z,~ Andrew Matthews,Saturday,16,
3693,30/08/2025,16:37:16,2025-08-30T15:37:16.000Z,Caitlin Driscoll,Saturday,16,
3694,30/08/2025,16:52:59,2025-08-30T15:52:59.000Z,‪+44 7402 796848‬,Saturday,16,
3695,30/08/2025,17:12:25,2025-08-30T16:12:25.000Z,‪+44 7402 796848‬,Saturday,17,
3696,30/08/2025,17:19:04,2025-08-30T16:19:04.000Z,Shay,Saturday,17,
3697,30/08/2025,17:23:00,2025-08-30T16:23:00.000Z,Hannah Page,Saturday,17,
3698,30/08/2025,17:39:42,2025-08-30T16:39:42.000Z,‪+44 7402 796848‬,Saturday,17,
3699,30/08/2025,17:46:24,2025-08-30T16:46:24.000Z,~ Andrew Matthews,Saturday,17,
3700,30/08/2025,17:51:38,2025-08-30T16:51:38.000Z,~ Conor,Saturday,17,
3701,30/08/2025,18:03:32,2025-08-30T17:03:32.000Z,~ Ellis P,Saturday,18,
3702,30/08/2025,18:18:47,2025-08-30T17:18:47.000Z,Shay,Saturday,18,
3703,30/08/2025,18:20:47,2025-08-30T17:20:47.000Z,Indie Driscoll,Saturday,18,
3704,30/08/2025,18:22:20,2025-08-30T17:22:20.000Z,‪+44 7402 796848‬,Saturday,18,
3705,30/08/2025,18:28:25,2025-08-30T17:28:25.000Z,~ Dan Dolderson,Saturday,18,
3706,30/08/2025,18:29:40,2025-08-30T17:29:40.000Z,Abby Khalifeh,Saturday,18,
3707,30/08/2025,18:34:19,2025-08-30T17:34:19.000Z,~ Max Evans,Saturday,18,
3708,30/08/2025,18:34:42,2025-08-30T17:34:42.000Z,~ Sean,Saturday,18,
3709,30/08/2025,18:43:10,2025-08-30T17:43:10.000Z,‪+44 7403 632610‬,Saturday,18,
3710,30/08/2025,18:56:04,2025-08-30T17:56:04.000Z,~ Lydia Rickard,Saturday,18,
3711,30/08/2025,19:05:34,2025-08-30T18:05:34.000Z,‪+44 7402 796848‬,Saturday,19,
3712,30/08/2025,19:05:43,2025-08-30T18:05:43.000Z,~ Ellis P,Saturday,19,
3713,30/08/2025,19:10:45,2025-08-30T18:10:45.000Z,~ Hannah,Saturday,19,
3714,30/08/2025,19:15:46,2025-08-30T18:15:46.000Z,‪+44 7403 632610‬,Saturday,19,
3715,30/08/2025,19:16:16,2025-08-30T18:16:16.000Z,Jakey Breen,Saturday,19,
3716,30/08/2025,19:21:00,2025-08-30T18:21:00.000Z,Abby Khalifeh,Saturday,19,
3717,30/08/2025,19:26:59,2025-08-30T18:26:59.000Z,‪+44 7305 124955‬,Saturday,19,
3718,30/08/2025,19:35:13,2025-08-30T18:35:13.000Z,Livvy,Saturday,19,
3719,30/08/2025,19:49:46,2025-08-30T18:49:46.000Z,~ Seann,Saturday,19,
3720,30/08/2025,19:54:51,2025-08-30T18:54:51.000Z,‪+44 7443 457273‬,Saturday,19,
3721,30/08/2025,19:56:30,2025-08-30T18:56:30.000Z,Hannah Page,Saturday,19,
3722,30/08/2025,19:56:37,2025-08-30T18:56:37.000Z,Indie Driscoll,Saturday,19,
3723,30/08/2025,20:02:09,2025-08-30T19:02:09.000Z,~ Lydia Rickard,Saturday,20,
3724,30/08/2025,20:04:53,2025-08-30T19:04:53.000Z,Jakey Breen,Saturday,20,
3725,30/08/2025,20:16:57,2025-08-30T19:16:57.000Z,~ Ellis P,Saturday,20,
3726,30/08/2025,20:28:00,2025-08-30T19:28:00.000Z,~ Harry,Saturday,20,
3727,30/08/2025,20:36:53,2025-08-30T19:36:53.000Z,‪+44 7402 796848‬,Saturday,20,
3728,30/08/2025,20:44:28,2025-08-30T19:44:28.000Z,‪+44 7305 124955‬,Saturday,20,
3729,30/08/2025,20:48:20,2025-08-30T19:48:20.000Z,Abby Khalifeh,Saturday,20,
3730,30/08/2025,21:14:17,2025-08-30T20:14:17.000Z,~ Harry,Saturday,21,
3731,30/08/2025,21:27:27,2025-08-30T20:27:27.000Z,‪+44 7446 532268‬,Saturday,21,
3732,30/08/2025,21:29:44,2025-08-30T20:29:44.000Z,Caolán Walsh,Saturday,21,
3733,30/08/2025,21:30:03,2025-08-30T20:30:03.000Z,‪+44 7305 124955‬,Saturday,21,
3734,30/08/2025,21:50:09,2025-08-30T20:50:09.000Z,Abby Khalifeh,Saturday,21,
3735,30/08/2025,21:55:05,2025-08-30T20:55:05.000Z,Indie Driscoll,Saturday,21,
3736,30/08/2025,22:01:40,2025-08-30T21:01:40.000Z,‪+44 7446 532268‬,Saturday,22,
3737,30/08/2025,22:11:34,2025-08-30T21:11:34.000Z,Caolán Walsh,Saturday,22,
3738,30/08/2025,22:12:52,2025-08-30T21:12:52.000Z,Izzy Hyland-Parys,Saturday,22,
3739,30/08/2025,22:29:53,2025-08-30T21:29:53.000Z,‪+44 7305 124955‬,Saturday,22,
3740,30/08/2025,22:47:18,2025-08-30T21:47:18.000Z,~ Lydia Rickard,Saturday,22,
3741,30/08/2025,23:03:32,2025-08-30T22:03:32.000Z,‪+44 7446 532268‬,Saturday,23,
3742,30/08/2025,23:20:54,2025-08-30T22:20:54.000Z,Cahill,Saturday,23,
3743,30/08/2025,23:51:34,2025-08-30T22:51:34.000Z,M,Saturday,23,
3744,31/08/2025,00:21:06,2025-08-30T23:21:06.000Z,Caolán Walsh,Sunday,0,
3745,31/08/2025,00:26:20,2025-08-30T23:26:20.000Z,‪+44 7443 457273‬,Sunday,0,
3746,31/08/2025,01:16:00,2025-08-31T00:16:00.000Z,Caolán Walsh,Sunday,1,
3747,31/08/2025,01:21:54,2025-08-31T00:21:54.000Z,Conall Caverly,Sunday,1,
3748,31/08/2025,05:54:22,2025-08-31T04:54:22.000Z,Livvy,Sunday,5,
3749,31/08/2025,06:31:38,2025-08-31T05:31:38.000Z,Livvy,Sunday,6,
3750,31/08/2025,07:52:09,2025-08-31T06:52:09.000Z,Livvy,Sunday,7,
3751,31/08/2025,08:12:51,2025-08-31T07:12:51.000Z,‪+61 468 911 451‬,Sunday,8,
3752,31/08/2025,12:56:01,2025-08-31T11:56:01.000Z,~ Anna,Sunday,12,
3753,31/08/2025,13:00:49,2025-08-31T12:00:49.000Z,Livvy,Sunday,13,
3754,31/08/2025,13:10:35,2025-08-31T12:10:35.000Z,‪+44 7305 124955‬,Sunday,13,
3755,31/08/2025,13:17:55,2025-08-31T12:17:55.000Z,‪+44 7736 800692‬,Sunday,13,
3756,31/08/2025,13:18:55,2025-08-31T12:18:55.000Z,‪+44 7305 124955‬,Sunday,13,
3757,31/08/2025,13:23:39,2025-08-31T12:23:39.000Z,~ Brett,Sunday,13,
3758,31/08/2025,13:36:35,2025-08-31T12:36:35.000Z,Georgia Jones,Sunday,13,
3759,31/08/2025,14:06:20,2025-08-31T13:06:20.000Z,‪+44 7305 124955‬,Sunday,14,
3760,31/08/2025,14:09:54,2025-08-31T13:09:54.000Z,Hannah Page,Sunday,14,
3761,31/08/2025,14:11:11,2025-08-31T13:11:11.000Z,Annabel Anderson,Sunday,14,
3762,31/08/2025,14:14:15,2025-08-31T13:14:15.000Z,Joe Farmer,Sunday,14,
3763,31/08/2025,14:15:03,2025-08-31T13:15:03.000Z,~ Brett,Sunday,14,
3764,31/08/2025,14:26:52,2025-08-31T13:26:52.000Z,‪+44 7581 012652‬,Sunday,14,
3765,31/08/2025,14:31:31,2025-08-31T13:31:31.000Z,~ Andrew Matthews,Sunday,14,
3766,31/08/2025,14:56:10,2025-08-31T13:56:10.000Z,Hannah Page,Sunday,14,
3767,31/08/2025,15:07:53,2025-08-31T14:07:53.000Z,~ Brett,Sunday,15,
3768,31/08/2025,15:08:27,2025-08-31T14:08:27.000Z,Livvy,Sunday,15,
3769,31/08/2025,15:28:51,2025-08-31T14:28:51.000Z,Annabel Anderson,Sunday,15,
3770,31/08/2025,15:33:19,2025-08-31T14:33:19.000Z,Hannah Page,Sunday,15,
3771,31/08/2025,15:55:02,2025-08-31T14:55:02.000Z,~ Harry,Sunday,15,
3772,31/08/2025,15:55:32,2025-08-31T14:55:32.000Z,~ Brett,Sunday,15,
3773,31/08/2025,16:24:37,2025-08-31T15:24:37.000Z,~ Mark Wiszk,Sunday,16,
3774,31/08/2025,16:27:39,2025-08-31T15:27:39.000Z,~ Seann,Sunday,16,
3775,31/08/2025,16:30:14,2025-08-31T15:30:14.000Z,~ Ellis P,Sunday,16,
3776,31/08/2025,16:41:28,2025-08-31T15:41:28.000Z,‪+44 7305 124955‬,Sunday,16,
3777,31/08/2025,16:41:43,2025-08-31T15:41:43.000Z,‪+44 7762 967976‬,Sunday,16,
3778,31/08/2025,16:48:46,2025-08-31T15:48:46.000Z,Annabel Anderson,Sunday,16,
3779,31/08/2025,16:55:34,2025-08-31T15:55:34.000Z,‪+44 7866 473345‬,Sunday,16,
3780,31/08/2025,16:57:02,2025-08-31T15:57:02.000Z,~ Mark Wiszk,Sunday,16,
3781,31/08/2025,17:01:39,2025-08-31T16:01:39.000Z,~ Harry,Sunday,17,
3782,31/08/2025,17:32:09,2025-08-31T16:32:09.000Z,~ Mark Wiszk,Sunday,17,
3783,31/08/2025,17:33:06,2025-08-31T16:33:06.000Z,~ Ellis P,Sunday,17,
3784,31/08/2025,17:41:51,2025-08-31T16:41:51.000Z,‪+44 7305 124955‬,Sunday,17,
3785,31/08/2025,17:42:48,2025-08-31T16:42:48.000Z,‪+44 7473 275286‬,Sunday,17,
3786,31/08/2025,17:55:25,2025-08-31T16:55:25.000Z,~ Brett,Sunday,17,
3787,31/08/2025,17:55:32,2025-08-31T16:55:32.000Z,‪+44 7866 473345‬,Sunday,17,
3788,31/08/2025,17:59:44,2025-08-31T16:59:44.000Z,~ Mark Wiszk,Sunday,17,
3789,31/08/2025,18:17:07,2025-08-31T17:17:07.000Z,~ Ellis P,Sunday,18,
3790,31/08/2025,18:27:25,2025-08-31T17:27:25.000Z,~ Mark Wiszk,Sunday,18,
3791,31/08/2025,18:29:53,2025-08-31T17:29:53.000Z,~ Jon Rickard,Sunday,18,
3792,31/08/2025,18:36:12,2025-08-31T17:36:12.000Z,‪+44 7305 124955‬,Sunday,18,
3793,31/08/2025,18:38:51,2025-08-31T17:38:51.000Z,~ Jon Rickard,Sunday,18,
3794,31/08/2025,18:40:34,2025-08-31T17:40:34.000Z,‪+44 7866 473345‬,Sunday,18,
3795,31/08/2025,18:51:21,2025-08-31T17:51:21.000Z,~ Seann,Sunday,18,
3796,31/08/2025,18:56:55,2025-08-31T17:56:55.000Z,~ Hugh,Sunday,18,
3797,31/08/2025,19:01:54,2025-08-31T18:01:54.000Z,Annabel Anderson,Sunday,19,
3798,31/08/2025,19:02:38,2025-08-31T18:02:38.000Z,Jakey Breen,Sunday,19,
3799,31/08/2025,19:06:38,2025-08-31T18:06:38.000Z,‪+44 7445 831435‬,Sunday,19,
3800,31/08/2025,19:28:34,2025-08-31T18:28:34.000Z,‪+44 7305 124955‬,Sunday,19,
3801,31/08/2025,20:01:16,2025-08-31T19:01:16.000Z,~ Harry,Sunday,20,
3802,31/08/2025,20:13:49,2025-08-31T19:13:49.000Z,‪+44 7305 124955‬,Sunday,20,
3803,31/08/2025,20:20:08,2025-08-31T19:20:08.000Z,Anya Trevor-Palleres,Sunday,20,
3804,31/08/2025,20:40:22,2025-08-31T19:40:22.000Z,~ Harry,Sunday,20,
3805,01/09/2025,08:47:08,2025-09-01T07:47:08.000Z,Lottie Passmore,Monday,8,
3806,01/09/2025,08:47:22,2025-09-01T07:47:22.000Z,Livvy,Monday,8,
3807,01/09/2025,11:08:22,2025-09-01T10:08:22.000Z,Georgia Jones,Monday,11,
3808,01/09/2025,11:09:59,2025-09-01T10:09:59.000Z,Lottie Passmore,Monday,11,
3809,01/09/2025,11:33:51,2025-09-01T10:33:51.000Z,Livvy,Monday,11,
3810,01/09/2025,14:02:29,2025-09-01T13:02:29.000Z,Livvy,Monday,14,
3811,01/09/2025,14:12:02,2025-09-01T13:12:02.000Z,Lottie Passmore,Monday,14,
3812,01/09/2025,19:16:32,2025-09-01T18:16:32.000Z,Anya Trevor-Palleres,Monday,19,
3813,01/09/2025,19:22:46,2025-09-01T18:22:46.000Z,~ Joe Daniels,Monday,19,
3814,02/09/2025,12:39:20,2025-09-02T11:39:20.000Z,Georgia Jones,Tuesday,12,
3815,02/09/2025,12:53:49,2025-09-02T11:53:49.000Z,Bella Cain,Tuesday,12,
3816,02/09/2025,14:13:20,2025-09-02T13:13:20.000Z,Georgia Jones,Tuesday,14,
3817,02/09/2025,14:52:43,2025-09-02T13:52:43.000Z,Georgia Jones,Tuesday,14,
3818,02/09/2025,20:30:17,2025-09-02T19:30:17.000Z,~ Dan Dolderson,Tuesday,20,
3819,02/09/2025,21:48:46,2025-09-02T20:48:46.000Z,Eleanor Cowell,Tuesday,21,
3820,02/09/2025,22:01:56,2025-09-02T21:01:56.000Z,~ Joe Daniels,Tuesday,22,
3821,03/09/2025,11:23:41,2025-09-03T10:23:41.000Z,Georgia Jones,Wednesday,11,
3822,03/09/2025,12:41:52,2025-09-03T11:41:52.000Z,Georgia Jones,Wednesday,12,
3823,03/09/2025,16:14:07,2025-09-03T15:14:07.000Z,~ Harry,Wednesday,16,
3824,03/09/2025,16:42:52,2025-09-03T15:42:52.000Z,Millie Brooke,Wednesday,16,
3825,03/09/2025,17:50:48,2025-09-03T16:50:48.000Z,~ Seann,Wednesday,17,
3826,03/09/2025,19:11:37,2025-09-03T18:11:37.000Z,~ Brett,Wednesday,19,
3827,03/09/2025,19:13:00,2025-09-03T18:13:00.000Z,Bella Cain,Wednesday,19,
3828,03/09/2025,19:33:45,2025-09-03T18:33:45.000Z,~ Maddie,Wednesday,19,
3829,03/09/2025,19:39:25,2025-09-03T18:39:25.000Z,~ Brett,Wednesday,19,
3830,03/09/2025,19:41:38,2025-09-03T18:41:38.000Z,Shay,Wednesday,19,
3831,04/09/2025,06:48:56,2025-09-04T05:48:56.000Z,~ Sam Ross,Thursday,6,
3832,04/09/2025,10:45:17,2025-09-04T09:45:17.000Z,Livvy,Thursday,10,
3833,04/09/2025,10:56:38,2025-09-04T09:56:38.000Z,‪+61 468 911 451‬,Thursday,10,
3834,04/09/2025,11:54:29,2025-09-04T10:54:29.000Z,‪+61 468 911 451‬,Thursday,11,
3835,04/09/2025,12:06:13,2025-09-04T11:06:13.000Z,~ Sam Ross,Thursday,12,
3836,04/09/2025,12:17:35,2025-09-04T11:17:35.000Z,‪+44 7581 012652‬,Thursday,12,
3837,04/09/2025,12:23:42,2025-09-04T11:23:42.000Z,‪+61 468 911 451‬,Thursday,12,
3838,04/09/2025,12:24:03,2025-09-04T11:24:03.000Z,Caitlin Driscoll,Thursday,12,
3839,04/09/2025,12:34:26,2025-09-04T11:34:26.000Z,Georgia Jones,Thursday,12,
3840,04/09/2025,12:42:50,2025-09-04T11:42:50.000Z,Livvy,Thursday,12,
3841,04/09/2025,12:47:48,2025-09-04T11:47:48.000Z,Livvy,Thursday,12,
3842,04/09/2025,13:35:58,2025-09-04T12:35:58.000Z,Lottie Passmore,Thursday,13,
3843,04/09/2025,15:22:00,2025-09-04T14:22:00.000Z,~ Ted Lyall,Thursday,15,
3844,04/09/2025,17:03:44,2025-09-04T16:03:44.000Z,~ Sam Ross,Thursday,17,
3845,04/09/2025,17:04:07,2025-09-04T16:04:07.000Z,Abby Khalifeh,Thursday,17,
3846,04/09/2025,17:13:43,2025-09-04T16:13:43.000Z,~ Jordan Newman,Thursday,17,
3847,04/09/2025,17:22:17,2025-09-04T16:22:17.000Z,~ Lydia Rickard,Thursday,17,
3848,04/09/2025,17:24:48,2025-09-04T16:24:48.000Z,‪+44 7841 958283‬,Thursday,17,
3849,04/09/2025,17:25:20,2025-09-04T16:25:20.000Z,Annabel Anderson,Thursday,17,
3850,04/09/2025,17:28:38,2025-09-04T16:28:38.000Z,~ Conor,Thursday,17,
3851,04/09/2025,17:36:40,2025-09-04T16:36:40.000Z,Abby Khalifeh,Thursday,17,
3852,04/09/2025,17:44:33,2025-09-04T16:44:33.000Z,~ Conor,Thursday,17,
3853,04/09/2025,17:48:56,2025-09-04T16:48:56.000Z,~ Bobby Burnand,Thursday,17,
3854,04/09/2025,17:51:22,2025-09-04T16:51:22.000Z,~ Jordan Newman,Thursday,17,
3855,04/09/2025,18:11:47,2025-09-04T17:11:47.000Z,Abby Khalifeh,Thursday,18,
3856,04/09/2025,18:26:51,2025-09-04T17:26:51.000Z,~ Conor,Thursday,18,
3857,04/09/2025,18:31:04,2025-09-04T17:31:04.000Z,~ Rory Gee,Thursday,18,
3858,04/09/2025,18:31:50,2025-09-04T17:31:50.000Z,~ Sam Ross,Thursday,18,
3859,04/09/2025,18:35:25,2025-09-04T17:35:25.000Z,~ Sam Ross,Thursday,18,
3860,04/09/2025,18:37:50,2025-09-04T17:37:50.000Z,~ Conor,Thursday,18,
3861,04/09/2025,18:43:42,2025-09-04T17:43:42.000Z,~ Jordan Newman,Thursday,18,
3862,04/09/2025,18:53:57,2025-09-04T17:53:57.000Z,~ Andrew Matthews,Thursday,18,
3863,04/09/2025,18:58:06,2025-09-04T17:58:06.000Z,~ Sam Ross,Thursday,18,
3864,04/09/2025,19:22:33,2025-09-04T18:22:33.000Z,~ Sam Ross,Thursday,19,
3865,04/09/2025,19:26:59,2025-09-04T18:26:59.000Z,‪+44 7501 062670‬,Thursday,19,
3866,04/09/2025,19:35:40,2025-09-04T18:35:40.000Z,~ Ted Lyall,Thursday,19,
3867,04/09/2025,19:46:49,2025-09-04T18:46:49.000Z,~ Bobby Burnand,Thursday,19,
3868,04/09/2025,19:51:54,2025-09-04T18:51:54.000Z,Hannah Page,Thursday,19,
3869,04/09/2025,19:56:38,2025-09-04T18:56:38.000Z,~ Sam Ross,Thursday,19,
3870,04/09/2025,20:37:07,2025-09-04T19:37:07.000Z,~ Jordan Newman,Thursday,20,
3871,04/09/2025,20:47:50,2025-09-04T19:47:50.000Z,~ Andrew Matthews,Thursday,20,
3872,04/09/2025,20:49:09,2025-09-04T19:49:09.000Z,~ Callum Dott,Thursday,20,
3873,04/09/2025,20:55:58,2025-09-04T19:55:58.000Z,‪+44 7581 012652‬,Thursday,20,
3874,04/09/2025,21:16:38,2025-09-04T20:16:38.000Z,~ Lydia Rickard,Thursday,21,
3875,04/09/2025,21:32:44,2025-09-04T20:32:44.000Z,~ Sam Ross,Thursday,21,
3876,05/09/2025,06:07:54,2025-09-05T05:07:54.000Z,Livvy,Friday,6,
3877,05/09/2025,06:48:19,2025-09-05T05:48:19.000Z,Livvy,Friday,6,
3878,05/09/2025,07:47:20,2025-09-05T06:47:20.000Z,Livvy,Friday,7,
3879,05/09/2025,08:51:44,2025-09-05T07:51:44.000Z,Livvy,Friday,8,
3880,05/09/2025,09:30:31,2025-09-05T08:30:31.000Z,‪+61 468 911 451‬,Friday,9,
3881,05/09/2025,11:24:28,2025-09-05T10:24:28.000Z,Caitlin Driscoll,Friday,11,
3882,05/09/2025,12:14:20,2025-09-05T11:14:20.000Z,‪+61 468 911 451‬,Friday,12,
3883,05/09/2025,12:38:39,2025-09-05T11:38:39.000Z,~ Conor,Friday,12,
3884,05/09/2025,13:09:40,2025-09-05T12:09:40.000Z,‪+44 7402 796848‬,Friday,13,
3885,05/09/2025,13:18:52,2025-09-05T12:18:52.000Z,Georgia Jones,Friday,13,
3886,05/09/2025,13:22:52,2025-09-05T12:22:52.000Z,~ Marcus Brienza,Friday,13,
3887,05/09/2025,13:56:52,2025-09-05T12:56:52.000Z,~ Conor,Friday,13,
3888,05/09/2025,14:26:49,2025-09-05T13:26:49.000Z,Caitlin Driscoll,Friday,14,
3889,05/09/2025,14:27:09,2025-09-05T13:27:09.000Z,Georgia Jones,Friday,14,
3890,05/09/2025,14:58:44,2025-09-05T13:58:44.000Z,Georgia Jones,Friday,14,
3891,05/09/2025,15:05:46,2025-09-05T14:05:46.000Z,‪+44 7402 796848‬,Friday,15,
3892,05/09/2025,15:06:12,2025-09-05T14:06:12.000Z,~ Conor,Friday,15,
3893,05/09/2025,15:06:40,2025-09-05T14:06:40.000Z,~ Sam Ross,Friday,15,
3894,05/09/2025,15:56:35,2025-09-05T14:56:35.000Z,~ Sam Ross,Friday,15,
3895,05/09/2025,16:00:43,2025-09-05T15:00:43.000Z,Eleanor Cowell,Friday,16,
3896,05/09/2025,16:01:07,2025-09-05T15:01:07.000Z,Caolán Walsh,Friday,16,
3897,05/09/2025,16:10:14,2025-09-05T15:10:14.000Z,‪+44 7841 958283‬,Friday,16,
3898,05/09/2025,16:35:44,2025-09-05T15:35:44.000Z,~ Max Evans,Friday,16,
3899,05/09/2025,16:38:13,2025-09-05T15:38:13.000Z,‪+44 7841 958283‬,Friday,16,
3900,05/09/2025,16:46:37,2025-09-05T15:46:37.000Z,~ Conor,Friday,16,
3901,05/09/2025,16:54:05,2025-09-05T15:54:05.000Z,~ Oliver,Friday,16,
3902,05/09/2025,17:25:12,2025-09-05T16:25:12.000Z,~ Sam Ross,Friday,17,
3903,05/09/2025,17:25:45,2025-09-05T16:25:45.000Z,~ Max Evans,Friday,17,
3904,05/09/2025,17:28:26,2025-09-05T16:28:26.000Z,~ Brett,Friday,17,
3905,05/09/2025,17:43:41,2025-09-05T16:43:41.000Z,Millie Brooke,Friday,17,
3906,05/09/2025,18:10:45,2025-09-05T17:10:45.000Z,~ Seann,Friday,18,
3907,05/09/2025,18:17:52,2025-09-05T17:17:52.000Z,~ Oliver,Friday,18,
3908,05/09/2025,18:17:53,2025-09-05T17:17:53.000Z,Abby Khalifeh,Friday,18,
3909,05/09/2025,18:19:32,2025-09-05T17:19:32.000Z,Annabel Anderson,Friday,18,
3910,05/09/2025,18:20:13,2025-09-05T17:20:13.000Z,~ Brett,Friday,18,
3911,05/09/2025,18:22:26,2025-09-05T17:22:26.000Z,Abby Khalifeh,Friday,18,
3912,05/09/2025,18:23:27,2025-09-05T17:23:27.000Z,~ Harry,Friday,18,
3913,05/09/2025,18:26:41,2025-09-05T17:26:41.000Z,‪+44 7446 532268‬,Friday,18,
3914,05/09/2025,18:29:41,2025-09-05T17:29:41.000Z,~ Conor,Friday,18,
3915,05/09/2025,18:53:17,2025-09-05T17:53:17.000Z,Annabel Anderson,Friday,18,
3916,05/09/2025,18:54:53,2025-09-05T17:54:53.000Z,~ Andrew Matthews,Friday,18,
3917,05/09/2025,18:56:03,2025-09-05T17:56:03.000Z,Abby Khalifeh,Friday,18,
3918,05/09/2025,18:59:47,2025-09-05T17:59:47.000Z,~ Harry,Friday,18,
3919,05/09/2025,19:14:40,2025-09-05T18:14:40.000Z,Caolán Walsh,Friday,19,
3920,05/09/2025,19:14:54,2025-09-05T18:14:54.000Z,~ Adam Warren,Friday,19,
3921,05/09/2025,19:15:30,2025-09-05T18:15:30.000Z,~ Callum Dott,Friday,19,
3922,05/09/2025,19:17:39,2025-09-05T18:17:39.000Z,‪+44 7402 796848‬,Friday,19,
3923,05/09/2025,19:21:49,2025-09-05T18:21:49.000Z,Jakey Breen,Friday,19,
3924,05/09/2025,19:23:13,2025-09-05T18:23:13.000Z,~ Adam Warren,Friday,19,
3925,05/09/2025,19:24:21,2025-09-05T18:24:21.000Z,Annabel Anderson,Friday,19,
3926,05/09/2025,19:27:03,2025-09-05T18:27:03.000Z,~ Maddie,Friday,19,
3927,05/09/2025,19:35:29,2025-09-05T18:35:29.000Z,Conall Caverly,Friday,19,
3928,05/09/2025,19:41:29,2025-09-05T18:41:29.000Z,~ Conor,Friday,19,
3929,05/09/2025,19:51:23,2025-09-05T18:51:23.000Z,~ Mark Wiszk,Friday,19,
3930,05/09/2025,20:03:06,2025-09-05T19:03:06.000Z,~ Maddie,Friday,20,
3931,05/09/2025,20:04:11,2025-09-05T19:04:11.000Z,Conall Caverly,Friday,20,
3932,05/09/2025,20:27:34,2025-09-05T19:27:34.000Z,Annabel Anderson,Friday,20,
3933,05/09/2025,20:30:17,2025-09-05T19:30:17.000Z,~ Sam Ross,Friday,20,
3934,05/09/2025,20:40:47,2025-09-05T19:40:47.000Z,~ Callum Dott,Friday,20,
3935,05/09/2025,20:48:44,2025-09-05T19:48:44.000Z,‪+44 7402 796848‬,Friday,20,
3936,05/09/2025,20:57:52,2025-09-05T19:57:52.000Z,‪+44 7768 392467‬,Friday,20,
3937,05/09/2025,21:10:52,2025-09-05T20:10:52.000Z,Hannah Page,Friday,21,
3938,05/09/2025,21:27:22,2025-09-05T20:27:22.000Z,Jakey Breen,Friday,21,
3939,05/09/2025,21:27:31,2025-09-05T20:27:31.000Z,Eleanor Cowell,Friday,21,
3940,05/09/2025,21:29:19,2025-09-05T20:29:19.000Z,Abby Khalifeh,Friday,21,
3941,05/09/2025,21:29:46,2025-09-05T20:29:46.000Z,~ Hugh,Friday,21,
3942,05/09/2025,21:36:53,2025-09-05T20:36:53.000Z,~ Lydia Rickard,Friday,21,
3943,05/09/2025,21:40:53,2025-09-05T20:40:53.000Z,~ Poppy Jones,Friday,21,
3944,05/09/2025,21:50:14,2025-09-05T20:50:14.000Z,~ Callum Dott,Friday,21,
3945,05/09/2025,22:15:52,2025-09-05T21:15:52.000Z,~ Maddie,Friday,22,
3946,05/09/2025,22:35:58,2025-09-05T21:35:58.000Z,~ Poppy Jones,Friday,22,
3947,05/09/2025,22:36:32,2025-09-05T21:36:32.000Z,Caitlin Driscoll,Friday,22,
3948,05/09/2025,22:43:35,2025-09-05T21:43:35.000Z,Abby Khalifeh,Friday,22,
3949,05/09/2025,22:59:59,2025-09-05T21:59:59.000Z,‪+44 7769 274672‬,Friday,22,
3950,06/09/2025,00:49:20,2025-09-05T23:49:20.000Z,Shay,Saturday,0,
3951,06/09/2025,01:21:07,2025-09-06T00:21:07.000Z,Abby Khalifeh,Saturday,1,
3952,06/09/2025,02:15:29,2025-09-06T01:15:29.000Z,~ Ellis P,Saturday,2,
3953,06/09/2025,02:30:06,2025-09-06T01:30:06.000Z,~ Ellis P,Saturday,2,
3954,06/09/2025,02:55:12,2025-09-06T01:55:12.000Z,~ Ellis P,Saturday,2,
3955,06/09/2025,08:37:28,2025-09-06T07:37:28.000Z,Livvy,Saturday,8,
3956,06/09/2025,08:39:13,2025-09-06T07:39:13.000Z,Lottie Passmore,Saturday,8,
3957,06/09/2025,08:42:49,2025-09-06T07:42:49.000Z,‪+44 7768 392467‬,Saturday,8,
3958,06/09/2025,08:56:47,2025-09-06T07:56:47.000Z,Livvy,Saturday,8,
3959,06/09/2025,09:03:46,2025-09-06T08:03:46.000Z,Lottie Passmore,Saturday,9,
3960,06/09/2025,09:34:58,2025-09-06T08:34:58.000Z,‪+61 468 911 451‬,Saturday,9,
3961,06/09/2025,10:43:20,2025-09-06T09:43:20.000Z,Georgia Jones,Saturday,10,
3962,06/09/2025,11:36:09,2025-09-06T10:36:09.000Z,Lottie Passmore,Saturday,11,
3963,06/09/2025,11:37:01,2025-09-06T10:37:01.000Z,Lottie Passmore,Saturday,11,
3964,06/09/2025,11:37:35,2025-09-06T10:37:35.000Z,‪+61 468 911 451‬,Saturday,11,
3965,06/09/2025,12:12:30,2025-09-06T11:12:30.000Z,‪+61 468 911 451‬,Saturday,12,
3966,06/09/2025,12:31:24,2025-09-06T11:31:24.000Z,Livvy,Saturday,12,
3967,06/09/2025,12:55:22,2025-09-06T11:55:22.000Z,~ Brett,Saturday,12,
3968,06/09/2025,12:59:16,2025-09-06T11:59:16.000Z,~ Brett,Saturday,12,
3969,06/09/2025,13:11:44,2025-09-06T12:11:44.000Z,‪+44 7936 059701‬,Saturday,13,
3970,06/09/2025,13:15:45,2025-09-06T12:15:45.000Z,Joe Farmer,Saturday,13,
3971,06/09/2025,13:31:29,2025-09-06T12:31:29.000Z,~ Brett,Saturday,13,
3972,06/09/2025,13:31:52,2025-09-06T12:31:52.000Z,Caitlin Driscoll,Saturday,13,
3973,06/09/2025,14:19:05,2025-09-06T13:19:05.000Z,~ Sam Ross,Saturday,14,
3974,06/09/2025,14:50:14,2025-09-06T13:50:14.000Z,‪+44 7866 473345‬,Saturday,14,
3975,06/09/2025,15:06:59,2025-09-06T14:06:59.000Z,Livvy,Saturday,15,
3976,06/09/2025,15:12:22,2025-09-06T14:12:22.000Z,Annabel Anderson,Saturday,15,
3977,06/09/2025,15:55:54,2025-09-06T14:55:54.000Z,~ Jordan Newman,Saturday,15,
3978,06/09/2025,15:56:08,2025-09-06T14:56:08.000Z,~ Sam Ross,Saturday,15,
3979,06/09/2025,15:57:21,2025-09-06T14:57:21.000Z,~ Callum Dott,Saturday,15,
3980,06/09/2025,16:03:36,2025-09-06T15:03:36.000Z,~ Adam Warren,Saturday,16,
3981,06/09/2025,16:06:12,2025-09-06T15:06:12.000Z,Annabel Anderson,Saturday,16,
3982,06/09/2025,16:07:36,2025-09-06T15:07:36.000Z,Cahill,Saturday,16,
3983,06/09/2025,16:09:25,2025-09-06T15:09:25.000Z,~ Harry,Saturday,16,
3984,06/09/2025,16:14:28,2025-09-06T15:14:28.000Z,~ Ellis P,Saturday,16,
3985,06/09/2025,16:21:09,2025-09-06T15:21:09.000Z,Shay,Saturday,16,
3986,06/09/2025,16:21:11,2025-09-06T15:21:11.000Z,Millie Brooke,Saturday,16,
3987,06/09/2025,16:29:04,2025-09-06T15:29:04.000Z,~ Brett,Saturday,16,
3988,06/09/2025,16:29:20,2025-09-06T15:29:20.000Z,‪+44 7954 114133‬,Saturday,16,
3989,06/09/2025,16:29:51,2025-09-06T15:29:51.000Z,Shay,Saturday,16,
3990,06/09/2025,16:50:51,2025-09-06T15:50:51.000Z,~ Ellis P,Saturday,16,
3991,06/09/2025,16:56:58,2025-09-06T15:56:58.000Z,Georgia Jones,Saturday,16,
3992,06/09/2025,17:01:24,2025-09-06T16:01:24.000Z,~ Jordan Newman,Saturday,17,
3993,06/09/2025,17:03:35,2025-09-06T16:03:35.000Z,Shay,Saturday,17,
3994,06/09/2025,17:04:38,2025-09-06T16:04:38.000Z,Livvy,Saturday,17,
3995,06/09/2025,17:14:03,2025-09-06T16:14:03.000Z,Jakey Breen,Saturday,17,
3996,06/09/2025,17:15:27,2025-09-06T16:15:27.000Z,~ Callum Dott,Saturday,17,
3997,06/09/2025,17:22:12,2025-09-06T16:22:12.000Z,~ Brett,Saturday,17,
3998,06/09/2025,17:28:36,2025-09-06T16:28:36.000Z,~ Ellis P,Saturday,17,
3999,06/09/2025,17:40:32,2025-09-06T16:40:32.000Z,~ Harry,Saturday,17,
4000,06/09/2025,18:02:59,2025-09-06T17:02:59.000Z,Cahill,Saturday,18,
4001,06/09/2025,18:03:31,2025-09-06T17:03:31.000Z,~ Ellis P,Saturday,18,
4002,06/09/2025,18:04:42,2025-09-06T17:04:42.000Z,‪+44 7714 658108‬,Saturday,18,
4003,06/09/2025,18:04:49,2025-09-06T17:04:49.000Z,‪+44 7960 099153‬,Saturday,18,
4004,06/09/2025,18:06:02,2025-09-06T17:06:02.000Z,~ Ben Burton,Saturday,18,
4005,06/09/2025,18:09:06,2025-09-06T17:09:06.000Z,~ Brett,Saturday,18,
4006,06/09/2025,18:10:08,2025-09-06T17:10:08.000Z,~ William Burton,Saturday,18,
4007,06/09/2025,18:14:06,2025-09-06T17:14:06.000Z,Shay,Saturday,18,
4008,06/09/2025,18:16:48,2025-09-06T17:16:48.000Z,Hannah Page,Saturday,18,
4009,06/09/2025,18:23:15,2025-09-06T17:23:15.000Z,‪+44 7866 473345‬,Saturday,18,
4010,06/09/2025,18:32:21,2025-09-06T17:32:21.000Z,~ Dan Dolderson,Saturday,18,
4011,06/09/2025,18:33:15,2025-09-06T17:33:15.000Z,~ Harry,Saturday,18,
4012,06/09/2025,18:39:18,2025-09-06T17:39:18.000Z,~ Ellis P,Saturday,18,
4013,06/09/2025,18:57:40,2025-09-06T17:57:40.000Z,~ Brett,Saturday,18,
4014,06/09/2025,19:05:45,2025-09-06T18:05:45.000Z,‪+44 7866 473345‬,Saturday,19,
4015,06/09/2025,19:10:12,2025-09-06T18:10:12.000Z,~ Harry,Saturday,19,
4016,06/09/2025,19:27:47,2025-09-06T18:27:47.000Z,~ Ellis P,Saturday,19,
4017,06/09/2025,19:28:26,2025-09-06T18:28:26.000Z,‪+44 7531 378696‬,Saturday,19,
4018,06/09/2025,19:29:07,2025-09-06T18:29:07.000Z,‪+44 7960 099153‬,Saturday,19,
4019,06/09/2025,19:29:56,2025-09-06T18:29:56.000Z,‪+44 7960 099153‬,Saturday,19,
4020,06/09/2025,19:39:37,2025-09-06T18:39:37.000Z,~ Harry,Saturday,19,
4021,06/09/2025,19:39:41,2025-09-06T18:39:41.000Z,Eleanor Cowell,Saturday,19,
4022,06/09/2025,19:40:07,2025-09-06T18:40:07.000Z,~ Seann,Saturday,19,
4023,06/09/2025,19:44:22,2025-09-06T18:44:22.000Z,~ Dan Dolderson,Saturday,19,
4024,06/09/2025,19:45:35,2025-09-06T18:45:35.000Z,Jakey Breen,Saturday,19,
4025,06/09/2025,19:49:20,2025-09-06T18:49:20.000Z,Flo Lewis,Saturday,19,
4026,06/09/2025,20:05:43,2025-09-06T19:05:43.000Z,~ Lydia Rickard,Saturday,20,
4027,06/09/2025,20:09:27,2025-09-06T19:09:27.000Z,‪+44 7477 119664‬,Saturday,20,
4028,06/09/2025,20:14:45,2025-09-06T19:14:45.000Z,‪+44 7866 473345‬,Saturday,20,
4029,06/09/2025,20:18:15,2025-09-06T19:18:15.000Z,‪+44 7958 220227‬,Saturday,20,
4030,06/09/2025,20:21:07,2025-09-06T19:21:07.000Z,~ Harry,Saturday,20,
4031,06/09/2025,20:26:37,2025-09-06T19:26:37.000Z,Conall Caverly,Saturday,20,
4032,06/09/2025,20:26:56,2025-09-06T19:26:56.000Z,Flo Lewis,Saturday,20,
4033,06/09/2025,20:32:44,2025-09-06T19:32:44.000Z,~ Sam Ross,Saturday,20,
4034,06/09/2025,20:52:19,2025-09-06T19:52:19.000Z,~ Harry,Saturday,20,
4035,06/09/2025,21:05:02,2025-09-06T20:05:02.000Z,‪+44 7866 473345‬,Saturday,21,
4036,06/09/2025,21:06:51,2025-09-06T20:06:51.000Z,‪+44 7443 457273‬,Saturday,21,
4037,06/09/2025,21:20:44,2025-09-06T20:20:44.000Z,~ Sam Ross,Saturday,21,
4038,06/09/2025,21:26:42,2025-09-06T20:26:42.000Z,~ Lydia Rickard,Saturday,21,
4039,06/09/2025,21:29:38,2025-09-06T20:29:38.000Z,‪+44 7443 457273‬,Saturday,21,
4040,06/09/2025,22:32:07,2025-09-06T21:32:07.000Z,‪+44 7477 119664‬,Saturday,22,
4041,06/09/2025,22:47:13,2025-09-06T21:47:13.000Z,Bella Cain,Saturday,22,
4042,06/09/2025,23:00:58,2025-09-06T22:00:58.000Z,Annabel Anderson,Saturday,23,
4043,06/09/2025,23:14:42,2025-09-06T22:14:42.000Z,‪+44 7866 473345‬,Saturday,23,
4044,06/09/2025,23:17:00,2025-09-06T22:17:00.000Z,Shay,Saturday,23,
4045,06/09/2025,23:22:07,2025-09-06T22:22:07.000Z,Hannah Page,Saturday,23,
4046,06/09/2025,23:39:09,2025-09-06T22:39:09.000Z,~ Lydia Rickard,Saturday,23,
4047,06/09/2025,23:56:49,2025-09-06T22:56:49.000Z,Shay,Saturday,23,
4048,07/09/2025,00:04:24,2025-09-06T23:04:24.000Z,‪+44 7477 119664‬,Sunday,0,
4049,07/09/2025,00:33:32,2025-09-06T23:33:32.000Z,‪+44 7958 220227‬,Sunday,0,
4050,07/09/2025,01:45:50,2025-09-07T00:45:50.000Z,~ Conor,Sunday,1,
4051,07/09/2025,07:15:04,2025-09-07T06:15:04.000Z,Georgia Jones,Sunday,7,
4052,07/09/2025,07:45:53,2025-09-07T06:45:53.000Z,Georgia Jones,Sunday,7,
4053,07/09/2025,08:19:07,2025-09-07T07:19:07.000Z,Georgia Jones,Sunday,8,
4054,07/09/2025,08:50:45,2025-09-07T07:50:45.000Z,Georgia Jones,Sunday,8,
4055,07/09/2025,08:56:17,2025-09-07T07:56:17.000Z,Georgia Jones,Sunday,8,
4056,07/09/2025,09:19:21,2025-09-07T08:19:21.000Z,Georgia Jones,Sunday,9,
4057,07/09/2025,09:33:52,2025-09-07T08:33:52.000Z,Livvy,Sunday,9,
4058,07/09/2025,10:51:14,2025-09-07T09:51:14.000Z,Georgia Jones,Sunday,10,
4059,07/09/2025,11:14:57,2025-09-07T10:14:57.000Z,Livvy,Sunday,11,
4060,07/09/2025,11:51:27,2025-09-07T10:51:27.000Z,Millie Brooke,Sunday,11,
4061,07/09/2025,11:58:47,2025-09-07T10:58:47.000Z,~ Brett,Sunday,11,
4062,07/09/2025,12:21:45,2025-09-07T11:21:45.000Z,Livvy,Sunday,12,
4063,07/09/2025,12:22:53,2025-09-07T11:22:53.000Z,Lottie Passmore,Sunday,12,
4064,07/09/2025,13:08:43,2025-09-07T12:08:43.000Z,‪+44 7954 114133‬,Sunday,13,
4065,07/09/2025,13:14:20,2025-09-07T12:14:20.000Z,Livvy,Sunday,13,
4066,07/09/2025,13:15:45,2025-09-07T12:15:45.000Z,Annabel Anderson,Sunday,13,
4067,07/09/2025,13:49:49,2025-09-07T12:49:49.000Z,Livvy,Sunday,13,
4068,07/09/2025,13:58:10,2025-09-07T12:58:10.000Z,~ Jake Rooney,Sunday,13,
4069,07/09/2025,14:12:37,2025-09-07T13:12:37.000Z,Georgia Jones,Sunday,14,
4070,07/09/2025,14:37:27,2025-09-07T13:37:27.000Z,~ Ellis P,Sunday,14,
4071,07/09/2025,14:42:51,2025-09-07T13:42:51.000Z,~ Sam Ross,Sunday,14,
4072,07/09/2025,14:51:33,2025-09-07T13:51:33.000Z,Millie Brooke,Sunday,14,
4073,07/09/2025,14:59:00,2025-09-07T13:59:00.000Z,Annabel Anderson,Sunday,14,
4074,07/09/2025,15:03:13,2025-09-07T14:03:13.000Z,Joe Farmer,Sunday,15,
4075,07/09/2025,15:41:34,2025-09-07T14:41:34.000Z,Livvy,Sunday,15,
4076,07/09/2025,16:08:14,2025-09-07T15:08:14.000Z,‪+44 7445 831435‬,Sunday,16,
4077,07/09/2025,16:26:58,2025-09-07T15:26:58.000Z,Annabel Anderson,Sunday,16,
4078,07/09/2025,16:35:51,2025-09-07T15:35:51.000Z,Lottie Passmore,Sunday,16,
4079,07/09/2025,16:36:39,2025-09-07T15:36:39.000Z,Annabel Anderson,Sunday,16,
4080,07/09/2025,17:02:07,2025-09-07T16:02:07.000Z,~ Callum Dott,Sunday,17,
4081,07/09/2025,17:18:31,2025-09-07T16:18:31.000Z,Livvy,Sunday,17,
4082,07/09/2025,17:39:42,2025-09-07T16:39:42.000Z,Lottie Passmore,Sunday,17,
4083,07/09/2025,17:52:36,2025-09-07T16:52:36.000Z,~ Oliver,Sunday,17,
4084,07/09/2025,18:05:32,2025-09-07T17:05:32.000Z,Livvy,Sunday,18,
4085,07/09/2025,18:21:16,2025-09-07T17:21:16.000Z,~ Jon Rickard,Sunday,18,
4086,07/09/2025,18:24:22,2025-09-07T17:24:22.000Z,~ Sam Ross,Sunday,18,
4087,07/09/2025,19:05:57,2025-09-07T18:05:57.000Z,~ Bobby Burnand,Sunday,19,
4088,07/09/2025,19:16:40,2025-09-07T18:16:40.000Z,~ Will Anderson,Sunday,19,
4089,07/09/2025,19:17:13,2025-09-07T18:17:13.000Z,Bella Cain,Sunday,19,
4090,07/09/2025,19:37:19,2025-09-07T18:37:19.000Z,Ethan,Sunday,19,
4091,07/09/2025,19:56:34,2025-09-07T18:56:34.000Z,~ Will Anderson,Sunday,19,
4092,07/09/2025,19:57:47,2025-09-07T18:57:47.000Z,~ Adam Warren,Sunday,19,
4093,07/09/2025,20:16:03,2025-09-07T19:16:03.000Z,Livvy,Sunday,20,
4094,07/09/2025,20:34:47,2025-09-07T19:34:47.000Z,~ Sam Ross,Sunday,20,
4095,07/09/2025,21:24:07,2025-09-07T20:24:07.000Z,~ Brett,Sunday,21,
4096,07/09/2025,21:56:26,2025-09-07T20:56:26.000Z,Shay,Sunday,21,
4097,07/09/2025,22:11:27,2025-09-07T21:11:27.000Z,~ Sam Ross,Sunday,22,
4098,07/09/2025,22:17:51,2025-09-07T21:17:51.000Z,~ Ellis P,Sunday,22,
4099,07/09/2025,22:51:48,2025-09-07T21:51:48.000Z,Shay,Sunday,22,
4100,07/09/2025,23:22:50,2025-09-07T22:22:50.000Z,Shay,Sunday,23,
4101,08/09/2025,03:44:39,2025-09-08T02:44:39.000Z,Livvy,Monday,3,
4102,08/09/2025,10:40:36,2025-09-08T09:40:36.000Z,~ Brett,Monday,10,
4103,08/09/2025,10:44:03,2025-09-08T09:44:03.000Z,Annabel Anderson,Monday,10,
4104,08/09/2025,11:34:24,2025-09-08T10:34:24.000Z,Georgia Jones,Monday,11,
4105,08/09/2025,12:09:43,2025-09-08T11:09:43.000Z,~ Brett,Monday,12,
4106,08/09/2025,12:17:09,2025-09-08T11:17:09.000Z,Georgia Jones,Monday,12,
4107,08/09/2025,12:55:56,2025-09-08T11:55:56.000Z,Georgia Jones,Monday,12,
4108,08/09/2025,13:18:33,2025-09-08T12:18:33.000Z,~ Jon Rickard,Monday,13,
4109,08/09/2025,13:32:43,2025-09-08T12:32:43.000Z,~ Brett,Monday,13,
4110,08/09/2025,15:01:51,2025-09-08T14:01:51.000Z,~ Brett,Monday,15,
4111,08/09/2025,15:53:01,2025-09-08T14:53:01.000Z,~ Adam Warren,Monday,15,
4112,08/09/2025,16:13:46,2025-09-08T15:13:46.000Z,~ Brett,Monday,16,
4113,08/09/2025,16:16:43,2025-09-08T15:16:43.000Z,~ Sam Ross,Monday,16,
4114,08/09/2025,16:48:39,2025-09-08T15:48:39.000Z,~ Brett,Monday,16,
4115,08/09/2025,17:44:20,2025-09-08T16:44:20.000Z,Caolán Walsh,Monday,17,
4116,08/09/2025,18:14:25,2025-09-08T17:14:25.000Z,‪+44 7954 114133‬,Monday,18,
4117,08/09/2025,18:15:44,2025-09-08T17:15:44.000Z,~ Brett,Monday,18,
4118,08/09/2025,18:17:59,2025-09-08T17:17:59.000Z,Shay,Monday,18,
4119,08/09/2025,18:21:20,2025-09-08T17:21:20.000Z,~ Sam Ross,Monday,18,
4120,08/09/2025,18:45:31,2025-09-08T17:45:31.000Z,Jakey Breen,Monday,18,
4121,08/09/2025,18:52:12,2025-09-08T17:52:12.000Z,~ Luke Hardcastle,Monday,18,
4122,08/09/2025,18:56:12,2025-09-08T17:56:12.000Z,~ Sam Ross,Monday,18,
4123,08/09/2025,19:02:57,2025-09-08T18:02:57.000Z,~ Brett,Monday,19,
4124,08/09/2025,19:12:46,2025-09-08T18:12:46.000Z,~ Dan Dolderson,Monday,19,
4125,08/09/2025,19:13:15,2025-09-08T18:13:15.000Z,Shay,Monday,19,
4126,08/09/2025,19:13:39,2025-09-08T18:13:39.000Z,Jakey Breen,Monday,19,
4127,08/09/2025,19:56:33,2025-09-08T18:56:33.000Z,~ Brett,Monday,19,
4128,08/09/2025,20:03:32,2025-09-08T19:03:32.000Z,Bella Cain,Monday,20,
4129,08/09/2025,20:07:42,2025-09-08T19:07:42.000Z,Shay,Monday,20,
4130,08/09/2025,20:32:03,2025-09-08T19:32:03.000Z,Jakey Breen,Monday,20,
4131,08/09/2025,20:59:43,2025-09-08T19:59:43.000Z,~ Brett,Monday,20,
4132,08/09/2025,22:24:30,2025-09-08T21:24:30.000Z,Jakey Breen,Monday,22,
4133,09/09/2025,12:37:01,2025-09-09T11:37:01.000Z,Millie Brooke,Tuesday,12,
4134,09/09/2025,12:51:08,2025-09-09T11:51:08.000Z,Annabel Anderson,Tuesday,12,
4135,09/09/2025,15:18:19,2025-09-09T14:18:19.000Z,~ Marcus Brienza,Tuesday,15,
4136,09/09/2025,16:50:25,2025-09-09T15:50:25.000Z,~ Brett,Tuesday,16,
4137,09/09/2025,17:13:37,2025-09-09T16:13:37.000Z,Indie Driscoll,Tuesday,17,
4138,09/09/2025,17:56:39,2025-09-09T16:56:39.000Z,Indie Driscoll,Tuesday,17,
4139,09/09/2025,19:10:39,2025-09-09T18:10:39.000Z,Annabel Anderson,Tuesday,19,
4140,09/09/2025,19:26:41,2025-09-09T18:26:41.000Z,Livvy,Tuesday,19,
4141,09/09/2025,19:27:55,2025-09-09T18:27:55.000Z,Hannah Page,Tuesday,19,
4142,09/09/2025,19:34:10,2025-09-09T18:34:10.000Z,Bella Cain,Tuesday,19,
4143,09/09/2025,19:38:28,2025-09-09T18:38:28.000Z,Annabel Anderson,Tuesday,19,
4144,09/09/2025,19:49:09,2025-09-09T18:49:09.000Z,Bella Cain,Tuesday,19,
4145,09/09/2025,20:11:50,2025-09-09T19:11:50.000Z,Annabel Anderson,Tuesday,20,
4146,09/09/2025,20:12:08,2025-09-09T19:12:08.000Z,‪+44 7305 124955‬,Tuesday,20,
4147,09/09/2025,20:28:14,2025-09-09T19:28:14.000Z,~ Callum Dott,Tuesday,20,
4148,09/09/2025,21:30:31,2025-09-09T20:30:31.000Z,Anya Trevor-Palleres,Tuesday,21,
4149,10/09/2025,11:48:22,2025-09-10T10:48:22.000Z,~ Brett,Wednesday,11,
4150,10/09/2025,12:30:16,2025-09-10T11:30:16.000Z,~ Marcus Brienza,Wednesday,12,
4151,10/09/2025,13:13:45,2025-09-10T12:13:45.000Z,~ Brett,Wednesday,13,
4152,10/09/2025,13:52:37,2025-09-10T12:52:37.000Z,Millie Brooke,Wednesday,13,
4153,10/09/2025,15:40:51,2025-09-10T14:40:51.000Z,~ Brett,Wednesday,15,
4154,10/09/2025,16:53:58,2025-09-10T15:53:58.000Z,Millie Brooke,Wednesday,16,
4155,10/09/2025,16:55:53,2025-09-10T15:55:53.000Z,Joe Farmer,Wednesday,16,
4156,10/09/2025,16:59:58,2025-09-10T15:59:58.000Z,~ Brett,Wednesday,16,
4157,10/09/2025,17:56:25,2025-09-10T16:56:25.000Z,~ Brett,Wednesday,17,
4158,10/09/2025,18:33:43,2025-09-10T17:33:43.000Z,‪+44 7866 473345‬,Wednesday,18,
4159,10/09/2025,19:59:01,2025-09-10T18:59:01.000Z,~ Brett,Wednesday,19,
4160,10/09/2025,21:16:41,2025-09-10T20:16:41.000Z,~ Brett,Wednesday,21,
4161,11/09/2025,10:39:13,2025-09-11T09:39:13.000Z,Cahill,Thursday,10,
4162,11/09/2025,11:21:43,2025-09-11T10:21:43.000Z,Cahill,Thursday,11,
4163,11/09/2025,11:38:10,2025-09-11T10:38:10.000Z,Cahill,Thursday,11,
4164,11/09/2025,11:38:55,2025-09-11T10:38:55.000Z,‪+61 468 911 451‬,Thursday,11,
4165,11/09/2025,11:47:36,2025-09-11T10:47:36.000Z,~ Brett,Thursday,11,
4166,11/09/2025,12:19:34,2025-09-11T11:19:34.000Z,‪+44 7841 958283‬,Thursday,12,
4167,11/09/2025,12:35:28,2025-09-11T11:35:28.000Z,~ Brett,Thursday,12,
4168,11/09/2025,12:54:04,2025-09-11T11:54:04.000Z,‪+44 7762 347062‬,Thursday,12,
4169,11/09/2025,13:15:35,2025-09-11T12:15:35.000Z,~ Rory Oakes,Thursday,13,
4170,11/09/2025,13:17:13,2025-09-11T12:17:13.000Z,~ Ellis P,Thursday,13,
4171,11/09/2025,14:10:09,2025-09-11T13:10:09.000Z,~ Rory Oakes,Thursday,14,
4172,11/09/2025,15:39:02,2025-09-11T14:39:02.000Z,Annabel Anderson,Thursday,15,
4173,11/09/2025,16:32:03,2025-09-11T15:32:03.000Z,~ Brett,Thursday,16,
4174,11/09/2025,16:36:46,2025-09-11T15:36:46.000Z,Bella Cain,Thursday,16,
4175,11/09/2025,16:42:21,2025-09-11T15:42:21.000Z,‪+44 7557 048707‬,Thursday,16,
4176,11/09/2025,16:49:35,2025-09-11T15:49:35.000Z,~ Ellis P,Thursday,16,
4177,11/09/2025,17:08:23,2025-09-11T16:08:23.000Z,~ Brett,Thursday,17,
4178,11/09/2025,17:32:50,2025-09-11T16:32:50.000Z,Annabel Anderson,Thursday,17,
4179,11/09/2025,17:36:36,2025-09-11T16:36:36.000Z,~ Jordan Newman,Thursday,17,
4180,11/09/2025,17:56:37,2025-09-11T16:56:37.000Z,‪+44 7866 473345‬,Thursday,17,
4181,11/09/2025,18:15:38,2025-09-11T17:15:38.000Z,~ Will Anderson,Thursday,18,
4182,11/09/2025,18:29:51,2025-09-11T17:29:51.000Z,‪+44 7866 473345‬,Thursday,18,
4183,11/09/2025,18:44:00,2025-09-11T17:44:00.000Z,~ Ellis P,Thursday,18,
4184,11/09/2025,18:44:58,2025-09-11T17:44:58.000Z,Annabel Anderson,Thursday,18,
4185,11/09/2025,19:10:56,2025-09-11T18:10:56.000Z,~ Ellis P,Thursday,19,
4186,11/09/2025,19:22:35,2025-09-11T18:22:35.000Z,Abby Khalifeh,Thursday,19,
4187,11/09/2025,19:32:54,2025-09-11T18:32:54.000Z,~ Ellis P,Thursday,19,
4188,11/09/2025,19:53:14,2025-09-11T18:53:14.000Z,~ Ellis P,Thursday,19,
4189,11/09/2025,20:24:47,2025-09-11T19:24:47.000Z,Hannah Page,Thursday,20,
4190,11/09/2025,20:36:04,2025-09-11T19:36:04.000Z,~ Ellis P,Thursday,20,
4191,11/09/2025,21:35:54,2025-09-11T20:35:54.000Z,Izzy Hyland-Parys,Thursday,21,
4192,12/09/2025,09:10:59,2025-09-12T08:10:59.000Z,‪+61 468 911 451‬,Friday,9,
4193,12/09/2025,11:18:55,2025-09-12T10:18:55.000Z,‪+61 468 911 451‬,Friday,11,
4194,12/09/2025,13:30:31,2025-09-12T12:30:31.000Z,‪+44 7841 958283‬,Friday,13,
4195,12/09/2025,15:10:28,2025-09-12T14:10:28.000Z,‪+44 7305 124955‬,Friday,15,
4196,12/09/2025,15:16:50,2025-09-12T14:16:50.000Z,Abby Khalifeh,Friday,15,
4197,12/09/2025,15:26:55,2025-09-12T14:26:55.000Z,~ Brett,Friday,15,
4198,12/09/2025,15:58:56,2025-09-12T14:58:56.000Z,Annabel Anderson,Friday,15,
4199,12/09/2025,15:59:13,2025-09-12T14:59:13.000Z,Millie Brooke,Friday,15,
4200,12/09/2025,16:19:19,2025-09-12T15:19:19.000Z,‪+44 7305 124955‬,Friday,16,
4201,12/09/2025,16:35:48,2025-09-12T15:35:48.000Z,~ Brett,Friday,16,
4202,12/09/2025,16:48:31,2025-09-12T15:48:31.000Z,Livvy,Friday,16,
4203,12/09/2025,17:02:17,2025-09-12T16:02:17.000Z,Lottie Passmore,Friday,17,
4204,12/09/2025,17:33:15,2025-09-12T16:33:15.000Z,Abby Khalifeh,Friday,17,
4205,12/09/2025,17:54:39,2025-09-12T16:54:39.000Z,Hannah Page,Friday,17,
4206,12/09/2025,18:01:38,2025-09-12T17:01:38.000Z,‪+44 7866 473345‬,Friday,18,
4207,12/09/2025,18:13:23,2025-09-12T17:13:23.000Z,Livvy,Friday,18,
4208,12/09/2025,18:24:26,2025-09-12T17:24:26.000Z,‪+44 7305 124955‬,Friday,18,
4209,12/09/2025,18:25:51,2025-09-12T17:25:51.000Z,Jakey Breen,Friday,18,
4210,12/09/2025,18:39:46,2025-09-12T17:39:46.000Z,‪+44 7841 958283‬,Friday,18,
4211,12/09/2025,18:47:11,2025-09-12T17:47:11.000Z,‪+44 7866 473345‬,Friday,18,
4212,12/09/2025,18:58:24,2025-09-12T17:58:24.000Z,~ Ellis P,Friday,18,
4213,12/09/2025,19:01:54,2025-09-12T18:01:54.000Z,~ Jon Rickard,Friday,19,
4214,12/09/2025,19:07:47,2025-09-12T18:07:47.000Z,~ Max Evans,Friday,19,
4215,12/09/2025,19:13:11,2025-09-12T18:13:11.000Z,Hannah Page,Friday,19,
4216,12/09/2025,19:21:00,2025-09-12T18:21:00.000Z,‪+44 7305 124955‬,Friday,19,
4217,12/09/2025,19:44:10,2025-09-12T18:44:10.000Z,~ Max Evans,Friday,19,
4218,12/09/2025,19:44:18,2025-09-12T18:44:18.000Z,Jakey Breen,Friday,19,
4219,12/09/2025,19:47:48,2025-09-12T18:47:48.000Z,‪+44 7714 658108‬,Friday,19,
4220,12/09/2025,19:47:58,2025-09-12T18:47:58.000Z,‪+44 7875 966948‬,Friday,19,
4221,12/09/2025,19:56:38,2025-09-12T18:56:38.000Z,Anya Trevor-Palleres,Friday,19,
4222,12/09/2025,19:57:23,2025-09-12T18:57:23.000Z,Anya Trevor-Palleres,Friday,19,
4223,12/09/2025,20:03:45,2025-09-12T19:03:45.000Z,‪+44 7866 473345‬,Friday,20,
4224,12/09/2025,20:08:17,2025-09-12T19:08:17.000Z,~ Ellis P,Friday,20,
4225,12/09/2025,20:26:00,2025-09-12T19:26:00.000Z,~ Max Evans,Friday,20,
4226,12/09/2025,20:31:01,2025-09-12T19:31:01.000Z,‪+44 7305 124955‬,Friday,20,
4227,12/09/2025,20:32:56,2025-09-12T19:32:56.000Z,‪+44 7866 473345‬,Friday,20,
4228,12/09/2025,20:56:55,2025-09-12T19:56:55.000Z,Jakey Breen,Friday,20,
4229,12/09/2025,20:58:51,2025-09-12T19:58:51.000Z,Livvy,Friday,20,
4230,12/09/2025,21:00:33,2025-09-12T20:00:33.000Z,Hannah Page,Friday,21,
4231,12/09/2025,21:04:51,2025-09-12T20:04:51.000Z,~ Ellis P,Friday,21,
4232,12/09/2025,21:15:34,2025-09-12T20:15:34.000Z,‪+44 7305 124955‬,Friday,21,
4233,12/09/2025,21:24:06,2025-09-12T20:24:06.000Z,‪+44 7866 473345‬,Friday,21,
4234,12/09/2025,21:24:54,2025-09-12T20:24:54.000Z,‪+44 7794 088735‬,Friday,21,
4235,12/09/2025,21:24:54,2025-09-12T20:24:54.000Z,‪+44 7794 088735‬,Friday,21,
4236,12/09/2025,21:27:25,2025-09-12T20:27:25.000Z,‪+44 7875 966948‬,Friday,21,
4237,12/09/2025,21:28:34,2025-09-12T20:28:34.000Z,~ Hugh,Friday,21,
4238,12/09/2025,21:45:26,2025-09-12T20:45:26.000Z,~ Ellis P,Friday,21,
4239,12/09/2025,22:06:42,2025-09-12T21:06:42.000Z,~ Max Evans,Friday,22,
4240,12/09/2025,22:07:42,2025-09-12T21:07:42.000Z,~ Bobby Burnand,Friday,22,
4241,12/09/2025,22:24:11,2025-09-12T21:24:11.000Z,~ Ellis P,Friday,22,
4242,12/09/2025,22:40:58,2025-09-12T21:40:58.000Z,‪+44 7305 124955‬,Friday,22,
4243,12/09/2025,23:16:21,2025-09-12T22:16:21.000Z,‪+44 7305 124955‬,Friday,23,
4244,12/09/2025,23:30:45,2025-09-12T22:30:45.000Z,~ Ellis P,Friday,23,
4245,13/09/2025,00:13:38,2025-09-12T23:13:38.000Z,~ Ellis P,Saturday,0,
4246,13/09/2025,04:13:45,2025-09-13T03:13:45.000Z,Livvy,Saturday,4,
4247,13/09/2025,04:23:51,2025-09-13T03:23:51.000Z,Charlotte Wells Wells,Saturday,4,
4248,13/09/2025,10:23:55,2025-09-13T09:23:55.000Z,‪+61 468 911 451‬,Saturday,10,
4249,13/09/2025,10:47:40,2025-09-13T09:47:40.000Z,‪+61 468 911 451‬,Saturday,10,
4250,13/09/2025,11:25:29,2025-09-13T10:25:29.000Z,~ Brett,Saturday,11,
4251,13/09/2025,11:57:04,2025-09-13T10:57:04.000Z,‪+61 468 911 451‬,Saturday,11,
4252,13/09/2025,12:26:35,2025-09-13T11:26:35.000Z,Livvy,Saturday,12,
4253,13/09/2025,12:56:17,2025-09-13T11:56:17.000Z,Livvy,Saturday,12,
4254,13/09/2025,13:05:20,2025-09-13T12:05:20.000Z,‪+44 7305 124955‬,Saturday,13,
4255,13/09/2025,13:23:50,2025-09-13T12:23:50.000Z,Livvy,Saturday,13,
4256,13/09/2025,13:24:45,2025-09-13T12:24:45.000Z,Caitlin Driscoll,Saturday,13,
4257,13/09/2025,13:25:43,2025-09-13T12:25:43.000Z,‪+44 7762 347062‬,Saturday,13,
4258,13/09/2025,13:30:47,2025-09-13T12:30:47.000Z,~ Max Evans,Saturday,13,
4259,13/09/2025,13:38:40,2025-09-13T12:38:40.000Z,~ Brett,Saturday,13,
4260,13/09/2025,14:04:54,2025-09-13T13:04:54.000Z,~ Callum Dott,Saturday,14,
4261,13/09/2025,14:05:54,2025-09-13T13:05:54.000Z,‪+44 7305 124955‬,Saturday,14,
4262,13/09/2025,14:10:09,2025-09-13T13:10:09.000Z,~ Andrew Matthews,Saturday,14,
4263,13/09/2025,14:25:16,2025-09-13T13:25:16.000Z,‪+44 7305 124955‬,Saturday,14,
4264,13/09/2025,14:35:06,2025-09-13T13:35:06.000Z,~ William Burton,Saturday,14,
4265,13/09/2025,14:38:09,2025-09-13T13:38:09.000Z,~ Sam Ross,Saturday,14,
4266,13/09/2025,14:41:16,2025-09-13T13:41:16.000Z,~ Andrew Matthews,Saturday,14,
4267,13/09/2025,14:43:13,2025-09-13T13:43:13.000Z,Annabel Anderson,Saturday,14,
4268,13/09/2025,15:09:12,2025-09-13T14:09:12.000Z,‪+44 7866 473345‬,Saturday,15,
4269,13/09/2025,15:44:16,2025-09-13T14:44:16.000Z,~ Max Evans,Saturday,15,
4270,13/09/2025,15:44:44,2025-09-13T14:44:44.000Z,~ Andrew Matthews,Saturday,15,
4271,13/09/2025,15:51:35,2025-09-13T14:51:35.000Z,‪+44 7866 473345‬,Saturday,15,
4272,13/09/2025,16:12:23,2025-09-13T15:12:23.000Z,~ Jon Rickard,Saturday,16,
4273,13/09/2025,16:22:41,2025-09-13T15:22:41.000Z,‪+44 7305 124955‬,Saturday,16,
4274,13/09/2025,16:27:51,2025-09-13T15:27:51.000Z,~ Brett,Saturday,16,
4275,13/09/2025,16:32:55,2025-09-13T15:32:55.000Z,~ Andrew Matthews,Saturday,16,
4276,13/09/2025,16:46:55,2025-09-13T15:46:55.000Z,~ Hugh,Saturday,16,
4277,13/09/2025,16:53:23,2025-09-13T15:53:23.000Z,‪+44 7305 124955‬,Saturday,16,
4278,13/09/2025,17:03:02,2025-09-13T16:03:02.000Z,~ Adam Warren,Saturday,17,
4279,13/09/2025,17:10:35,2025-09-13T16:10:35.000Z,Millie Brooke,Saturday,17,
4280,13/09/2025,17:11:33,2025-09-13T16:11:33.000Z,~ Adam Warren,Saturday,17,
4281,13/09/2025,17:13:03,2025-09-13T16:13:03.000Z,~ Andrew Matthews,Saturday,17,
4282,13/09/2025,17:15:39,2025-09-13T16:15:39.000Z,‪+44 7305 124955‬,Saturday,17,
4283,13/09/2025,17:30:33,2025-09-13T16:30:33.000Z,~ Ellis P,Saturday,17,
4284,13/09/2025,17:52:19,2025-09-13T16:52:19.000Z,~ Andrew Matthews,Saturday,17,
4285,13/09/2025,17:55:43,2025-09-13T16:55:43.000Z,‪+44 7866 473345‬,Saturday,17,
4286,13/09/2025,18:16:16,2025-09-13T17:16:16.000Z,Flo Lewis,Saturday,18,
4287,13/09/2025,18:24:21,2025-09-13T17:24:21.000Z,Jakey Breen,Saturday,18,
4288,13/09/2025,18:41:30,2025-09-13T17:41:30.000Z,Annabel Anderson,Saturday,18,
4289,13/09/2025,18:54:47,2025-09-13T17:54:47.000Z,~ Ellis P,Saturday,18,
4290,13/09/2025,18:58:39,2025-09-13T17:58:39.000Z,‪+44 7866 473345‬,Saturday,18,
4291,13/09/2025,19:32:47,2025-09-13T18:32:47.000Z,‪+44 7470 600918‬,Saturday,19,
4292,13/09/2025,19:48:57,2025-09-13T18:48:57.000Z,Jakey Breen,Saturday,19,
4293,13/09/2025,19:49:46,2025-09-13T18:49:46.000Z,‪+44 7305 124955‬,Saturday,19,
4294,13/09/2025,19:59:24,2025-09-13T18:59:24.000Z,Izzy Hyland-Parys,Saturday,19,
4295,13/09/2025,20:05:15,2025-09-13T19:05:15.000Z,~ Adam Warren,Saturday,20,
4296,13/09/2025,20:11:18,2025-09-13T19:11:18.000Z,~ Ellis P,Saturday,20,
4297,13/09/2025,20:17:39,2025-09-13T19:17:39.000Z,~ Owen,Saturday,20,
4298,13/09/2025,20:18:41,2025-09-13T19:18:41.000Z,‪+44 7599 544965‬,Saturday,20,
4299,13/09/2025,20:27:45,2025-09-13T19:27:45.000Z,‪+44 7954 114133‬,Saturday,20,
4300,13/09/2025,20:37:53,2025-09-13T19:37:53.000Z,‪+44 7866 473345‬,Saturday,20,
4301,13/09/2025,20:39:16,2025-09-13T19:39:16.000Z,Jakey Breen,Saturday,20,
4302,13/09/2025,20:43:09,2025-09-13T19:43:09.000Z,~ Sam Ross,Saturday,20,
4303,13/09/2025,20:54:27,2025-09-13T19:54:27.000Z,‪+44 7305 124955‬,Saturday,20,
4304,13/09/2025,21:08:06,2025-09-13T20:08:06.000Z,‪+44 7505 930963‬,Saturday,21,
4305,13/09/2025,21:40:06,2025-09-13T20:40:06.000Z,Izzy Hyland-Parys,Saturday,21,
4306,13/09/2025,21:44:32,2025-09-13T20:44:32.000Z,~ Seann,Saturday,21,
4307,13/09/2025,22:15:34,2025-09-13T21:15:34.000Z,~ Seann,Saturday,22,
4308,13/09/2025,23:00:14,2025-09-13T22:00:14.000Z,‪+44 7736 800692‬,Saturday,23,
4309,13/09/2025,23:00:18,2025-09-13T22:00:18.000Z,Jakey Breen,Saturday,23,
4310,13/09/2025,23:26:24,2025-09-13T22:26:24.000Z,Livvy,Saturday,23,
4311,13/09/2025,23:32:30,2025-09-13T22:32:30.000Z,Hannah Page,Saturday,23,
4312,14/09/2025,10:38:18,2025-09-14T09:38:18.000Z,Georgia Jones,Sunday,10,
4313,14/09/2025,11:26:17,2025-09-14T10:26:17.000Z,Georgia Jones,Sunday,11,
4314,14/09/2025,11:33:48,2025-09-14T10:33:48.000Z,Annabel Anderson,Sunday,11,
4315,14/09/2025,13:29:44,2025-09-14T12:29:44.000Z,~ Oliver,Sunday,13,
4316,14/09/2025,14:24:06,2025-09-14T13:24:06.000Z,Livvy,Sunday,14,
4317,14/09/2025,14:44:50,2025-09-14T13:44:50.000Z,~ Hugh,Sunday,14,
4318,14/09/2025,15:03:11,2025-09-14T14:03:11.000Z,‪+44 7866 473345‬,Sunday,15,
4319,14/09/2025,15:36:02,2025-09-14T14:36:02.000Z,Livvy,Sunday,15,
4320,14/09/2025,15:46:59,2025-09-14T14:46:59.000Z,Hannah Page,Sunday,15,
4321,14/09/2025,15:53:49,2025-09-14T14:53:49.000Z,~ Oliver Fitzgerald,Sunday,15,
4322,14/09/2025,15:55:37,2025-09-14T14:55:37.000Z,Indie Driscoll,Sunday,15,
4323,14/09/2025,16:10:16,2025-09-14T15:10:16.000Z,‪+44 7866 473345‬,Sunday,16,
4324,14/09/2025,16:21:51,2025-09-14T15:21:51.000Z,~ Monty,Sunday,16,
4325,14/09/2025,16:29:08,2025-09-14T15:29:08.000Z,~ Mark Wiszk,Sunday,16,
4326,14/09/2025,16:31:46,2025-09-14T15:31:46.000Z,~ Harry,Sunday,16,
4327,14/09/2025,16:37:21,2025-09-14T15:37:21.000Z,‪+44 7866 473345‬,Sunday,16,
4328,14/09/2025,16:37:48,2025-09-14T15:37:48.000Z,~ Callum Dott,Sunday,16,
4329,14/09/2025,16:46:57,2025-09-14T15:46:57.000Z,Hannah Page,Sunday,16,
4330,14/09/2025,17:12:17,2025-09-14T16:12:17.000Z,Livvy,Sunday,17,
4331,14/09/2025,17:25:12,2025-09-14T16:25:12.000Z,‪+44 7866 473345‬,Sunday,17,
4332,14/09/2025,17:34:52,2025-09-14T16:34:52.000Z,‪+44 7736 800692‬,Sunday,17,
4333,14/09/2025,17:55:39,2025-09-14T16:55:39.000Z,Rebecca White,Sunday,17,
4334,14/09/2025,18:00:21,2025-09-14T17:00:21.000Z,‪+44 7866 473345‬,Sunday,18,
4335,14/09/2025,18:06:39,2025-09-14T17:06:39.000Z,~ George,Sunday,18,
4336,14/09/2025,18:07:33,2025-09-14T17:07:33.000Z,~ Harry,Sunday,18,
4337,14/09/2025,18:44:53,2025-09-14T17:44:53.000Z,‪+44 7866 473345‬,Sunday,18,
4338,14/09/2025,18:52:42,2025-09-14T17:52:42.000Z,~ Harry,Sunday,18,
4339,15/09/2025,08:48:02,2025-09-15T07:48:02.000Z,Georgia Jones,Monday,8,
4340,15/09/2025,09:33:03,2025-09-15T08:33:03.000Z,Georgia Jones,Monday,9,
4341,15/09/2025,11:58:49,2025-09-15T10:58:49.000Z,Georgia Jones,Monday,11,
4342,15/09/2025,12:37:55,2025-09-15T11:37:55.000Z,Georgia Jones,Monday,12,
4343,15/09/2025,13:04:39,2025-09-15T12:04:39.000Z,Georgia Jones,Monday,13,
4344,15/09/2025,13:21:49,2025-09-15T12:21:49.000Z,Georgia Jones,Monday,13,
4345,15/09/2025,13:36:21,2025-09-15T12:36:21.000Z,Georgia Jones,Monday,13,
4346,15/09/2025,13:36:34,2025-09-15T12:36:34.000Z,Georgia Jones,Monday,13,
4347,15/09/2025,14:06:22,2025-09-15T13:06:22.000Z,Livvy,Monday,14,
4348,15/09/2025,14:10:29,2025-09-15T13:10:29.000Z,Millie Brooke,Monday,14,
4349,15/09/2025,14:45:34,2025-09-15T13:45:34.000Z,~ Harry,Monday,14,
4350,15/09/2025,14:52:28,2025-09-15T13:52:28.000Z,Georgia Jones,Monday,14,
4351,15/09/2025,15:24:59,2025-09-15T14:24:59.000Z,Livvy,Monday,15,
4352,15/09/2025,15:56:10,2025-09-15T14:56:10.000Z,Annabel Anderson,Monday,15,
4353,15/09/2025,16:07:29,2025-09-15T15:07:29.000Z,Georgia Jones,Monday,16,
4354,15/09/2025,16:20:58,2025-09-15T15:20:58.000Z,~ Harry,Monday,16,
4355,15/09/2025,16:36:52,2025-09-15T15:36:52.000Z,Annabel Anderson,Monday,16,
4356,15/09/2025,17:46:49,2025-09-15T16:46:49.000Z,~ George,Monday,17,
4357,15/09/2025,18:03:37,2025-09-15T17:03:37.000Z,~ Harry,Monday,18,
4358,15/09/2025,18:10:02,2025-09-15T17:10:02.000Z,~ William Burton,Monday,18,
4359,15/09/2025,18:29:06,2025-09-15T17:29:06.000Z,~ Will Anderson,Monday,18,
4360,15/09/2025,18:57:38,2025-09-15T17:57:38.000Z,~ Harry,Monday,18,
4361,15/09/2025,19:37:13,2025-09-15T18:37:13.000Z,Shay,Monday,19,
4362,15/09/2025,19:53:29,2025-09-15T18:53:29.000Z,Millie Brooke,Monday,19,
4363,15/09/2025,20:29:20,2025-09-15T19:29:20.000Z,Annabel Anderson,Monday,20,
4364,15/09/2025,21:12:43,2025-09-15T20:12:43.000Z,Shay,Monday,21,
4365,15/09/2025,21:51:59,2025-09-15T20:51:59.000Z,Shay,Monday,21,
4366,16/09/2025,10:33:10,2025-09-16T09:33:10.000Z,~ Harry,Tuesday,10,
4367,16/09/2025,14:03:43,2025-09-16T13:03:43.000Z,~ Harry,Tuesday,14,
4368,16/09/2025,15:20:48,2025-09-16T14:20:48.000Z,~ Harry,Tuesday,15,
4369,16/09/2025,16:06:43,2025-09-16T15:06:43.000Z,~ Harry,Tuesday,16,
4370,16/09/2025,17:03:14,2025-09-16T16:03:14.000Z,~ Harry,Tuesday,17,
4371,16/09/2025,18:14:20,2025-09-16T17:14:20.000Z,~ Harry,Tuesday,18,
4372,16/09/2025,18:32:57,2025-09-16T17:32:57.000Z,~ Sam Ross,Tuesday,18,
4373,16/09/2025,18:39:55,2025-09-16T17:39:55.000Z,Jakey Breen,Tuesday,18,
4374,16/09/2025,18:44:32,2025-09-16T17:44:32.000Z,~ Andrew Matthews,Tuesday,18,
4375,16/09/2025,18:59:13,2025-09-16T17:59:13.000Z,~ Sam Ross,Tuesday,18,
4376,16/09/2025,19:02:27,2025-09-16T18:02:27.000Z,~ Harry,Tuesday,19,
4377,16/09/2025,19:46:28,2025-09-16T18:46:28.000Z,~ Sam Ross,Tuesday,19,
4378,16/09/2025,19:48:31,2025-09-16T18:48:31.000Z,Jakey Breen,Tuesday,19,
4379,16/09/2025,19:57:25,2025-09-16T18:57:25.000Z,~ Andrew Matthews,Tuesday,19,
4380,16/09/2025,20:33:57,2025-09-16T19:33:57.000Z,Jakey Breen,Tuesday,20,
4381,16/09/2025,20:52:59,2025-09-16T19:52:59.000Z,~ Max Evans,Tuesday,20,
4382,16/09/2025,21:15:03,2025-09-16T20:15:03.000Z,Anya Trevor-Palleres,Tuesday,21,
4383,16/09/2025,21:15:40,2025-09-16T20:15:40.000Z,~ Andrew Matthews,Tuesday,21,
4384,16/09/2025,21:38:32,2025-09-16T20:38:32.000Z,Shay,Tuesday,21,
4385,17/09/2025,10:57:27,2025-09-17T09:57:27.000Z,Georgia Jones,Wednesday,10,
4386,17/09/2025,13:08:53,2025-09-17T12:08:53.000Z,Georgia Jones,Wednesday,13,
4387,17/09/2025,13:59:12,2025-09-17T12:59:12.000Z,~ Harry,Wednesday,13,
4388,17/09/2025,14:09:06,2025-09-17T13:09:06.000Z,Georgia Jones,Wednesday,14,
4389,17/09/2025,14:22:22,2025-09-17T13:22:22.000Z,Georgia Jones,Wednesday,14,
4390,17/09/2025,14:53:32,2025-09-17T13:53:32.000Z,Georgia Jones,Wednesday,14,
4391,17/09/2025,15:15:14,2025-09-17T14:15:14.000Z,Livvy,Wednesday,15,
4392,17/09/2025,16:05:40,2025-09-17T15:05:40.000Z,Georgia Jones,Wednesday,16,
4393,17/09/2025,17:15:05,2025-09-17T16:15:05.000Z,~ Jordan Newman,Wednesday,17,
4394,17/09/2025,17:37:37,2025-09-17T16:37:37.000Z,~ Natasha,Wednesday,17,
4395,17/09/2025,18:01:42,2025-09-17T17:01:42.000Z,Annabel Anderson,Wednesday,18,
4396,17/09/2025,18:30:10,2025-09-17T17:30:10.000Z,~ Harry,Wednesday,18,
4397,17/09/2025,18:33:49,2025-09-17T17:33:49.000Z,~ Rory Oakes,Wednesday,18,
4398,17/09/2025,18:47:46,2025-09-17T17:47:46.000Z,‪+44 7866 473345‬,Wednesday,18,
4399,17/09/2025,18:48:03,2025-09-17T17:48:03.000Z,Bella Cain,Wednesday,18,
4400,17/09/2025,18:51:29,2025-09-17T17:51:29.000Z,~ Rory Oakes,Wednesday,18,
4401,17/09/2025,18:54:44,2025-09-17T17:54:44.000Z,Hannah Page,Wednesday,18,
4402,17/09/2025,19:09:29,2025-09-17T18:09:29.000Z,~ Harry,Wednesday,19,
4403,17/09/2025,19:35:51,2025-09-17T18:35:51.000Z,~ Max Evans,Wednesday,19,
4404,17/09/2025,19:37:15,2025-09-17T18:37:15.000Z,Hannah Page,Wednesday,19,
4405,17/09/2025,19:42:02,2025-09-17T18:42:02.000Z,Ethan,Wednesday,19,
4406,17/09/2025,19:42:38,2025-09-17T18:42:38.000Z,~ Natasha,Wednesday,19,
4407,17/09/2025,19:52:41,2025-09-17T18:52:41.000Z,~ Jordan Newman,Wednesday,19,
4408,17/09/2025,20:08:59,2025-09-17T19:08:59.000Z,~ Harry,Wednesday,20,
4409,17/09/2025,21:06:54,2025-09-17T20:06:54.000Z,~ Jordan Newman,Wednesday,21,
4410,17/09/2025,21:17:46,2025-09-17T20:17:46.000Z,Shay,Wednesday,21,
4411,17/09/2025,22:04:39,2025-09-17T21:04:39.000Z,~ Jordan Newman,Wednesday,22,
4412,18/09/2025,10:46:29,2025-09-18T09:46:29.000Z,Georgia Jones,Thursday,10,
4413,18/09/2025,10:48:30,2025-09-18T09:48:30.000Z,~ Harry,Thursday,10,
4414,18/09/2025,11:05:23,2025-09-18T10:05:23.000Z,Georgia Jones,Thursday,11,
4415,18/09/2025,11:40:25,2025-09-18T10:40:25.000Z,Georgia Jones,Thursday,11,
4416,18/09/2025,12:31:28,2025-09-18T11:31:28.000Z,Georgia Jones,Thursday,12,
4417,18/09/2025,12:55:55,2025-09-18T11:55:55.000Z,~ Harry,Thursday,12,
4418,18/09/2025,13:48:20,2025-09-18T12:48:20.000Z,Georgia Jones,Thursday,13,
4419,18/09/2025,14:14:28,2025-09-18T13:14:28.000Z,~ Harry,Thursday,14,
4420,18/09/2025,14:23:43,2025-09-18T13:23:43.000Z,Georgia Jones,Thursday,14,
4421,18/09/2025,16:19:44,2025-09-18T15:19:44.000Z,~ Harry,Thursday,16,
4422,18/09/2025,16:32:07,2025-09-18T15:32:07.000Z,~ Jake Rooney,Thursday,16,
4423,18/09/2025,16:59:56,2025-09-18T15:59:56.000Z,~ Natasha,Thursday,16,
4424,18/09/2025,17:17:52,2025-09-18T16:17:52.000Z,‪+44 7837 987321‬,Thursday,17,
4425,18/09/2025,17:32:40,2025-09-18T16:32:40.000Z,~ Conor,Thursday,17,
4426,18/09/2025,17:49:46,2025-09-18T16:49:46.000Z,Lottie Passmore,Thursday,17,
4427,18/09/2025,18:14:18,2025-09-18T17:14:18.000Z,~ Ted Lyall,Thursday,18,
4428,18/09/2025,18:53:27,2025-09-18T17:53:27.000Z,~ Hugh,Thursday,18,
4429,18/09/2025,18:55:35,2025-09-18T17:55:35.000Z,Livvy,Thursday,18,
4430,18/09/2025,18:57:35,2025-09-18T17:57:35.000Z,~ Oliver Fitzgerald,Thursday,18,
4431,18/09/2025,18:59:27,2025-09-18T17:59:27.000Z,Hannah Page,Thursday,18,
4432,18/09/2025,19:08:15,2025-09-18T18:08:15.000Z,‪+44 7592 431218‬,Thursday,19,
4433,18/09/2025,19:31:42,2025-09-18T18:31:42.000Z,~ Ted Lyall,Thursday,19,
4434,18/09/2025,19:36:34,2025-09-18T18:36:34.000Z,Caolán Walsh,Thursday,19,
4435,18/09/2025,19:41:47,2025-09-18T18:41:47.000Z,Livvy,Thursday,19,
4436,18/09/2025,19:42:10,2025-09-18T18:42:10.000Z,~ Jon Rickard,Thursday,19,
4437,18/09/2025,19:48:10,2025-09-18T18:48:10.000Z,Shay,Thursday,19,
4438,18/09/2025,19:51:10,2025-09-18T18:51:10.000Z,Caolán Walsh,Thursday,19,
4439,18/09/2025,20:05:19,2025-09-18T19:05:19.000Z,Shay,Thursday,20,
4440,18/09/2025,20:06:09,2025-09-18T19:06:09.000Z,Anya Trevor-Palleres,Thursday,20,
4441,18/09/2025,20:10:11,2025-09-18T19:10:11.000Z,~ Hugh,Thursday,20,
4442,18/09/2025,20:14:29,2025-09-18T19:14:29.000Z,~ Harry,Thursday,20,
4443,18/09/2025,20:18:23,2025-09-18T19:18:23.000Z,Indie Driscoll,Thursday,20,
4444,18/09/2025,20:36:15,2025-09-18T19:36:15.000Z,Caolán Walsh,Thursday,20,
4445,18/09/2025,20:39:38,2025-09-18T19:39:38.000Z,Livvy,Thursday,20,
4446,18/09/2025,20:53:54,2025-09-18T19:53:54.000Z,Annabel Anderson,Thursday,20,
4447,18/09/2025,21:15:37,2025-09-18T20:15:37.000Z,Caolán Walsh,Thursday,21,
4448,18/09/2025,21:20:16,2025-09-18T20:20:16.000Z,Shay,Thursday,21,
4449,18/09/2025,21:20:45,2025-09-18T20:20:45.000Z,Anya Trevor-Palleres,Thursday,21,
4450,18/09/2025,21:53:21,2025-09-18T20:53:21.000Z,Caolán Walsh,Thursday,21,
4451,19/09/2025,10:52:04,2025-09-19T09:52:04.000Z,Lottie Passmore,Friday,10,
4452,19/09/2025,11:01:07,2025-09-19T10:01:07.000Z,‪+44 7866 473345‬,Friday,11,
4453,19/09/2025,11:35:25,2025-09-19T10:35:25.000Z,‪+44 7866 473345‬,Friday,11,
4454,19/09/2025,12:36:23,2025-09-19T11:36:23.000Z,Georgia Jones,Friday,12,
4455,19/09/2025,13:14:29,2025-09-19T12:14:29.000Z,~ Jordan Newman,Friday,13,
4456,19/09/2025,13:21:49,2025-09-19T12:21:49.000Z,‪+44 7841 958283‬,Friday,13,
4457,19/09/2025,13:34:23,2025-09-19T12:34:23.000Z,‪+44 7415 250751‬,Friday,13,
4458,19/09/2025,14:13:35,2025-09-19T13:13:35.000Z,‪+44 7866 473345‬,Friday,14,
4459,19/09/2025,14:51:13,2025-09-19T13:51:13.000Z,‪+44 7415 250751‬,Friday,14,
4460,19/09/2025,15:11:39,2025-09-19T14:11:39.000Z,‪+44 7866 473345‬,Friday,15,
4461,19/09/2025,16:16:52,2025-09-19T15:16:52.000Z,‪+44 7415 250751‬,Friday,16,
4462,19/09/2025,16:22:55,2025-09-19T15:22:55.000Z,Abby Khalifeh,Friday,16,
4463,19/09/2025,16:52:20,2025-09-19T15:52:20.000Z,~ Oliver,Friday,16,
4464,19/09/2025,17:06:36,2025-09-19T16:06:36.000Z,‪+44 7415 250751‬,Friday,17,
4465,19/09/2025,17:14:12,2025-09-19T16:14:12.000Z,‪+44 7866 473345‬,Friday,17,
4466,19/09/2025,17:16:22,2025-09-19T16:16:22.000Z,~ Natasha,Friday,17,
4467,19/09/2025,17:16:50,2025-09-19T16:16:50.000Z,‪+44 7770 870937‬,Friday,17,
4468,19/09/2025,17:23:03,2025-09-19T16:23:03.000Z,Annabel Anderson,Friday,17,
4469,19/09/2025,17:27:13,2025-09-19T16:27:13.000Z,‪+1 (705) 331‑3523‬,Friday,17,
4470,19/09/2025,17:29:53,2025-09-19T16:29:53.000Z,~ Harry,Friday,17,
4471,19/09/2025,17:47:24,2025-09-19T16:47:24.000Z,~ Conor,Friday,17,
4472,19/09/2025,18:05:09,2025-09-19T17:05:09.000Z,‪+44 7866 473345‬,Friday,18,
4473,19/09/2025,18:05:45,2025-09-19T17:05:45.000Z,‪+44 7770 870937‬,Friday,18,
4474,19/09/2025,18:12:32,2025-09-19T17:12:32.000Z,Annabel Anderson,Friday,18,
4475,19/09/2025,18:12:34,2025-09-19T17:12:34.000Z,Flo Lewis,Friday,18,
4476,19/09/2025,18:16:10,2025-09-19T17:16:10.000Z,Hannah Page,Friday,18,
4477,19/09/2025,18:34:21,2025-09-19T17:34:21.000Z,Annabel Anderson,Friday,18,
4478,19/09/2025,18:37:42,2025-09-19T17:37:42.000Z,Indie Driscoll,Friday,18,
4479,19/09/2025,18:38:18,2025-09-19T17:38:18.000Z,~ Natasha,Friday,18,
4480,19/09/2025,18:42:59,2025-09-19T17:42:59.000Z,~ Jordan Newman,Friday,18,
4481,19/09/2025,18:45:48,2025-09-19T17:45:48.000Z,~ Harry,Friday,18,
4482,19/09/2025,18:57:37,2025-09-19T17:57:37.000Z,Hannah Page,Friday,18,
4483,19/09/2025,19:02:19,2025-09-19T18:02:19.000Z,~ Mark Wiszk,Friday,19,
4484,19/09/2025,19:14:55,2025-09-19T18:14:55.000Z,~ Seann,Friday,19,
4485,19/09/2025,19:15:15,2025-09-19T18:15:15.000Z,Shay,Friday,19,
4486,19/09/2025,19:16:55,2025-09-19T18:16:55.000Z,~ Brett,Friday,19,
4487,19/09/2025,19:22:54,2025-09-19T18:22:54.000Z,~ Callum Dott,Friday,19,
4488,19/09/2025,19:24:20,2025-09-19T18:24:20.000Z,~ Jordan Newman,Friday,19,
4489,19/09/2025,19:25:09,2025-09-19T18:25:09.000Z,~ Conor,Friday,19,
4490,19/09/2025,19:25:23,2025-09-19T18:25:23.000Z,~ Harry,Friday,19,
4491,19/09/2025,19:42:59,2025-09-19T18:42:59.000Z,~ Conor,Friday,19,
4492,19/09/2025,19:45:56,2025-09-19T18:45:56.000Z,Hannah Page,Friday,19,
4493,19/09/2025,20:04:38,2025-09-19T19:04:38.000Z,~ Brett,Friday,20,
4494,19/09/2025,20:18:23,2025-09-19T19:18:23.000Z,~ Harry,Friday,20,
4495,19/09/2025,20:18:54,2025-09-19T19:18:54.000Z,~ Seann,Friday,20,
4496,19/09/2025,20:21:29,2025-09-19T19:21:29.000Z,~ Hugh,Friday,20,
4497,19/09/2025,20:23:21,2025-09-19T19:23:21.000Z,~ Ted Lyall,Friday,20,
4498,19/09/2025,20:24:08,2025-09-19T19:24:08.000Z,Annabel Anderson,Friday,20,
4499,19/09/2025,20:39:26,2025-09-19T19:39:26.000Z,~ Brett,Friday,20,
4500,19/09/2025,20:48:18,2025-09-19T19:48:18.000Z,~ Conor,Friday,20,
4501,19/09/2025,21:09:33,2025-09-19T20:09:33.000Z,~ Harry,Friday,21,
4502,19/09/2025,21:22:14,2025-09-19T20:22:14.000Z,~ Ellis P,Friday,21,
4503,19/09/2025,21:22:26,2025-09-19T20:22:26.000Z,~ Ellis P,Friday,21,
4504,19/09/2025,21:23:12,2025-09-19T20:23:12.000Z,‪+44 7415 250751‬,Friday,21,
4505,19/09/2025,21:23:46,2025-09-19T20:23:46.000Z,~ Conor,Friday,21,
4506,19/09/2025,21:32:16,2025-09-19T20:32:16.000Z,~ Brett,Friday,21,
4507,19/09/2025,21:53:48,2025-09-19T20:53:48.000Z,~ Conor,Friday,21,
4508,19/09/2025,22:02:25,2025-09-19T21:02:25.000Z,~ Oliver Fitzgerald,Friday,22,
4509,19/09/2025,22:07:43,2025-09-19T21:07:43.000Z,~ Ellis P,Friday,22,
4510,19/09/2025,22:16:13,2025-09-19T21:16:13.000Z,~ Brett,Friday,22,
4511,19/09/2025,22:51:23,2025-09-19T21:51:23.000Z,~ Conor,Friday,22,
4512,19/09/2025,23:01:08,2025-09-19T22:01:08.000Z,Hannah Page,Friday,23,
4513,20/09/2025,01:09:24,2025-09-20T00:09:24.000Z,~ Conor,Saturday,1,
4514,20/09/2025,01:37:59,2025-09-20T00:37:59.000Z,‪+44 7866 473345‬,Saturday,1,
4515,20/09/2025,10:58:11,2025-09-20T09:58:11.000Z,~ Natasha,Saturday,10,
4516,20/09/2025,11:25:25,2025-09-20T10:25:25.000Z,~ Natasha,Saturday,11,
4517,20/09/2025,11:30:13,2025-09-20T10:30:13.000Z,‪+44 7415 250751‬,Saturday,11,
4518,20/09/2025,11:44:26,2025-09-20T10:44:26.000Z,~ Owen,Saturday,11,
4519,20/09/2025,11:44:31,2025-09-20T10:44:31.000Z,‪+44 7866 473345‬,Saturday,11,
4520,20/09/2025,11:45:12,2025-09-20T10:45:12.000Z,‪+44 7770 870937‬,Saturday,11,
4521,20/09/2025,12:23:10,2025-09-20T11:23:10.000Z,Hannah Page,Saturday,12,
4522,20/09/2025,12:24:16,2025-09-20T11:24:16.000Z,‪+44 7866 473345‬,Saturday,12,
4523,20/09/2025,12:44:01,2025-09-20T11:44:01.000Z,‪+44 7770 870937‬,Saturday,12,
4524,20/09/2025,13:12:57,2025-09-20T12:12:57.000Z,‪+44 7866 473345‬,Saturday,13,
4525,20/09/2025,13:15:24,2025-09-20T12:15:24.000Z,‪+44 7415 250751‬,Saturday,13,
4526,20/09/2025,13:26:14,2025-09-20T12:26:14.000Z,‪+44 7770 870937‬,Saturday,13,
4527,20/09/2025,13:59:53,2025-09-20T12:59:53.000Z,~ Brett,Saturday,13,
4528,20/09/2025,14:22:24,2025-09-20T13:22:24.000Z,‪+44 7866 473345‬,Saturday,14,
4529,20/09/2025,14:39:08,2025-09-20T13:39:08.000Z,~ Max Evans,Saturday,14,
4530,20/09/2025,14:56:58,2025-09-20T13:56:58.000Z,‪+44 7415 250751‬,Saturday,14,
4531,20/09/2025,15:09:44,2025-09-20T14:09:44.000Z,Caitlin Driscoll,Saturday,15,
4532,20/09/2025,15:33:18,2025-09-20T14:33:18.000Z,~ Sam Ross,Saturday,15,
4533,20/09/2025,15:35:42,2025-09-20T14:35:42.000Z,‪+44 7415 250751‬,Saturday,15,
4534,20/09/2025,15:44:53,2025-09-20T14:44:53.000Z,Shay,Saturday,15,
4535,20/09/2025,15:49:22,2025-09-20T14:49:22.000Z,Annabel Anderson,Saturday,15,
4536,20/09/2025,16:04:21,2025-09-20T15:04:21.000Z,‪+44 7446 532268‬,Saturday,16,
4537,20/09/2025,16:10:03,2025-09-20T15:10:03.000Z,~ Sam Ross,Saturday,16,
4538,20/09/2025,16:11:00,2025-09-20T15:11:00.000Z,Shay,Saturday,16,
4539,20/09/2025,16:22:56,2025-09-20T15:22:56.000Z,~ Andrew Steele,Saturday,16,
4540,20/09/2025,16:29:58,2025-09-20T15:29:58.000Z,Hannah Page,Saturday,16,
4541,20/09/2025,16:31:47,2025-09-20T15:31:47.000Z,Shay,Saturday,16,
4542,20/09/2025,16:40:20,2025-09-20T15:40:20.000Z,~ Brett,Saturday,16,
4543,20/09/2025,16:45:25,2025-09-20T15:45:25.000Z,‪+44 7415 250751‬,Saturday,16,
4544,20/09/2025,16:55:03,2025-09-20T15:55:03.000Z,Shay,Saturday,16,
4545,20/09/2025,16:56:32,2025-09-20T15:56:32.000Z,Hannah Page,Saturday,16,
4546,20/09/2025,17:02:18,2025-09-20T16:02:18.000Z,~ Brett,Saturday,17,
4547,20/09/2025,17:11:39,2025-09-20T16:11:39.000Z,‪+44 7974 914140‬,Saturday,17,
4548,20/09/2025,17:12:01,2025-09-20T16:12:01.000Z,~ Sam Ross,Saturday,17,
4549,20/09/2025,17:21:07,2025-09-20T16:21:07.000Z,Lottie Passmore,Saturday,17,
4550,20/09/2025,17:29:08,2025-09-20T16:29:08.000Z,Shay,Saturday,17,
4551,20/09/2025,18:00:39,2025-09-20T17:00:39.000Z,Shay,Saturday,18,
4552,20/09/2025,18:12:35,2025-09-20T17:12:35.000Z,‪+44 7974 914140‬,Saturday,18,
4553,20/09/2025,18:24:16,2025-09-20T17:24:16.000Z,‪+44 7974 914140‬,Saturday,18,
4554,20/09/2025,18:24:56,2025-09-20T17:24:56.000Z,‪+44 7415 250751‬,Saturday,18,
4555,20/09/2025,18:34:27,2025-09-20T17:34:27.000Z,Flo Lewis,Saturday,18,
4556,20/09/2025,18:35:47,2025-09-20T17:35:47.000Z,‪+44 7415 250751‬,Saturday,18,
4557,20/09/2025,18:39:56,2025-09-20T17:39:56.000Z,‪+44 7974 914140‬,Saturday,18,
4558,20/09/2025,18:42:56,2025-09-20T17:42:56.000Z,‪+44 7974 914140‬,Saturday,18,
4559,20/09/2025,18:43:42,2025-09-20T17:43:42.000Z,‪+44 7445 831435‬,Saturday,18,
4560,20/09/2025,18:51:48,2025-09-20T17:51:48.000Z,‪+44 7445 831435‬,Saturday,18,
4561,20/09/2025,19:01:54,2025-09-20T18:01:54.000Z,~ Callum Dott,Saturday,19,
4562,20/09/2025,19:17:58,2025-09-20T18:17:58.000Z,Flo Lewis,Saturday,19,
4563,20/09/2025,19:19:49,2025-09-20T18:19:49.000Z,Hannah Page,Saturday,19,
4564,20/09/2025,19:22:20,2025-09-20T18:22:20.000Z,Bella Cain,Saturday,19,
4565,20/09/2025,20:00:08,2025-09-20T19:00:08.000Z,‪+44 7974 914140‬,Saturday,20,
4566,20/09/2025,20:12:15,2025-09-20T19:12:15.000Z,Jakey Breen,Saturday,20,
4567,20/09/2025,20:13:16,2025-09-20T19:13:16.000Z,~ Conor,Saturday,20,
4568,20/09/2025,20:24:01,2025-09-20T19:24:01.000Z,~ Ellis P,Saturday,20,
4569,20/09/2025,20:24:42,2025-09-20T19:24:42.000Z,‪+44 7415 250751‬,Saturday,20,
4570,20/09/2025,20:30:04,2025-09-20T19:30:04.000Z,~ Ted Lyall,Saturday,20,
4571,20/09/2025,20:35:03,2025-09-20T19:35:03.000Z,Annabel Anderson,Saturday,20,
4572,20/09/2025,20:43:00,2025-09-20T19:43:00.000Z,~ Ellis P,Saturday,20,
4573,20/09/2025,20:46:14,2025-09-20T19:46:14.000Z,Annabel Anderson,Saturday,20,
4574,20/09/2025,21:25:50,2025-09-20T20:25:50.000Z,~ Ellis P,Saturday,21,
4575,20/09/2025,21:27:17,2025-09-20T20:27:17.000Z,Annabel Anderson,Saturday,21,
4576,20/09/2025,21:38:52,2025-09-20T20:38:52.000Z,~ Dan Dolderson,Saturday,21,
4577,20/09/2025,22:44:34,2025-09-20T21:44:34.000Z,‪+44 7415 250751‬,Saturday,22,
4578,20/09/2025,23:24:25,2025-09-20T22:24:25.000Z,Jakey Breen,Saturday,23,
4579,20/09/2025,23:25:19,2025-09-20T22:25:19.000Z,Hannah Page,Saturday,23,
4580,20/09/2025,23:28:15,2025-09-20T22:28:15.000Z,Hannah Page,Saturday,23,
4581,20/09/2025,23:51:04,2025-09-20T22:51:04.000Z,~ Will Anderson,Saturday,23,
4582,21/09/2025,00:33:22,2025-09-20T23:33:22.000Z,~ Conor,Sunday,0,
4583,21/09/2025,02:41:53,2025-09-21T01:41:53.000Z,~ Conor,Sunday,2,
4584,21/09/2025,11:07:29,2025-09-21T10:07:29.000Z,~ Natasha,Sunday,11,
4585,21/09/2025,11:12:43,2025-09-21T10:12:43.000Z,Georgia Jones,Sunday,11,
4586,21/09/2025,11:49:14,2025-09-21T10:49:14.000Z,‪+44 7770 870937‬,Sunday,11,
4587,21/09/2025,11:50:00,2025-09-21T10:50:00.000Z,‪+44 7866 473345‬,Sunday,11,
4588,21/09/2025,12:54:24,2025-09-21T11:54:24.000Z,‪+44 7866 473345‬,Sunday,12,
4589,21/09/2025,12:55:21,2025-09-21T11:55:21.000Z,‪+44 7770 870937‬,Sunday,12,
4590,21/09/2025,13:50:19,2025-09-21T12:50:19.000Z,~ Adam Gaynor,Sunday,13,
4591,21/09/2025,14:00:20,2025-09-21T13:00:20.000Z,~ Lucy Kavanagh,Sunday,14,
4592,21/09/2025,14:05:55,2025-09-21T13:05:55.000Z,‪+44 7770 870937‬,Sunday,14,
4593,21/09/2025,14:06:48,2025-09-21T13:06:48.000Z,‪+44 7866 473345‬,Sunday,14,
4594,21/09/2025,14:11:31,2025-09-21T13:11:31.000Z,~ Griff,Sunday,14,
4595,21/09/2025,14:12:16,2025-09-21T13:12:16.000Z,Caitlin Driscoll,Sunday,14,
4596,21/09/2025,14:17:47,2025-09-21T13:17:47.000Z,~ James Castle,Sunday,14,
4597,21/09/2025,14:36:05,2025-09-21T13:36:05.000Z,~ Adam Gaynor,Sunday,14,
4598,21/09/2025,14:48:17,2025-09-21T13:48:17.000Z,‪+44 7866 473345‬,Sunday,14,
4599,21/09/2025,14:48:28,2025-09-21T13:48:28.000Z,‪+44 7770 870937‬,Sunday,14,
4600,21/09/2025,14:48:43,2025-09-21T13:48:43.000Z,~ Bobby Burnand,Sunday,14,
4601,21/09/2025,15:07:11,2025-09-21T14:07:11.000Z,Lottie Passmore,Sunday,15,
4602,21/09/2025,15:29:32,2025-09-21T14:29:32.000Z,‪+44 7866 473345‬,Sunday,15,
4603,21/09/2025,15:29:58,2025-09-21T14:29:58.000Z,~ Griff,Sunday,15,
4604,21/09/2025,15:30:43,2025-09-21T14:30:43.000Z,~ Adam Gaynor,Sunday,15,
4605,21/09/2025,16:17:41,2025-09-21T15:17:41.000Z,~ Seann,Sunday,16,
4606,21/09/2025,16:21:07,2025-09-21T15:21:07.000Z,‪+44 7866 473345‬,Sunday,16,
4607,21/09/2025,16:21:12,2025-09-21T15:21:12.000Z,‪+44 7770 870937‬,Sunday,16,
4608,21/09/2025,16:31:31,2025-09-21T15:31:31.000Z,Lottie Passmore,Sunday,16,
4609,21/09/2025,16:37:31,2025-09-21T15:37:31.000Z,~ Seann,Sunday,16,
4610,21/09/2025,17:17:12,2025-09-21T16:17:12.000Z,‪+44 7866 473345‬,Sunday,17,
4611,21/09/2025,17:34:34,2025-09-21T16:34:34.000Z,~ Griff,Sunday,17,
4612,21/09/2025,17:37:25,2025-09-21T16:37:25.000Z,~ Seann,Sunday,17,
4613,21/09/2025,17:58:12,2025-09-21T16:58:12.000Z,Jakey Breen,Sunday,17,
4614,21/09/2025,18:31:11,2025-09-21T17:31:11.000Z,~ Lucy Kavanagh,Sunday,18,
4615,21/09/2025,18:38:23,2025-09-21T17:38:23.000Z,‪+44 7376 635466‬,Sunday,18,
4616,21/09/2025,18:39:03,2025-09-21T17:39:03.000Z,‪+44 7846 518462‬,Sunday,18,
4617,21/09/2025,18:47:10,2025-09-21T17:47:10.000Z,~ Seann,Sunday,18,
4618,21/09/2025,19:09:10,2025-09-21T18:09:10.000Z,‪+44 7866 473345‬,Sunday,19,
4619,21/09/2025,19:13:26,2025-09-21T18:13:26.000Z,‪+44 7875 966948‬,Sunday,19,
4620,21/09/2025,19:30:19,2025-09-21T18:30:19.000Z,~ Lucy Kavanagh,Sunday,19,
4621,21/09/2025,19:30:57,2025-09-21T18:30:57.000Z,~ Ellis P,Sunday,19,
4622,21/09/2025,19:31:52,2025-09-21T18:31:52.000Z,‪+44 7730 372923‬,Sunday,19,
4623,21/09/2025,19:53:57,2025-09-21T18:53:57.000Z,~ Ellis P,Sunday,19,
4624,21/09/2025,20:30:25,2025-09-21T19:30:25.000Z,‪+44 7575 893993‬,Sunday,20,
4625,21/09/2025,20:58:54,2025-09-21T19:58:54.000Z,‪+44 7946 473818‬,Sunday,20,
4626,21/09/2025,21:24:53,2025-09-21T20:24:53.000Z,Indie Driscoll,Sunday,21,
4627,21/09/2025,22:03:35,2025-09-21T21:03:35.000Z,‪+44 7770 870937‬,Sunday,22,
4628,21/09/2025,22:11:03,2025-09-21T21:11:03.000Z,‪+44 7875 966948‬,Sunday,22,
4629,22/09/2025,01:16:20,2025-09-22T00:16:20.000Z,‪+353 87 333 1473‬,Monday,1,
4630,22/09/2025,09:40:30,2025-09-22T08:40:30.000Z,Georgia Jones,Monday,9,
4631,22/09/2025,18:01:47,2025-09-22T17:01:47.000Z,~ Jake Rooney,Monday,18,
4632,22/09/2025,18:05:42,2025-09-22T17:05:42.000Z,‪+44 7575 893993‬,Monday,18,
4633,22/09/2025,18:09:19,2025-09-22T17:09:19.000Z,Hannah Page,Monday,18,
4634,22/09/2025,18:09:27,2025-09-22T17:09:27.000Z,‪+44 7733 001234‬,Monday,18,
4635,22/09/2025,18:25:02,2025-09-22T17:25:02.000Z,Flo Lewis,Monday,18,
4636,22/09/2025,18:32:44,2025-09-22T17:32:44.000Z,Hannah Page,Monday,18,
4637,22/09/2025,18:38:04,2025-09-22T17:38:04.000Z,Conall Caverly,Monday,18,
4638,22/09/2025,18:39:59,2025-09-22T17:39:59.000Z,~ Natasha,Monday,18,
4639,22/09/2025,18:50:42,2025-09-22T17:50:42.000Z,~ Seann,Monday,18,
4640,22/09/2025,18:51:38,2025-09-22T17:51:38.000Z,‪+353 83 351 0742‬,Monday,18,
4641,22/09/2025,18:54:46,2025-09-22T17:54:46.000Z,‪+353 87 298 5545‬,Monday,18,
4642,22/09/2025,18:55:40,2025-09-22T17:55:40.000Z,~ Justin,Monday,18,
4643,22/09/2025,19:04:19,2025-09-22T18:04:19.000Z,Hannah Page,Monday,19,
4644,22/09/2025,19:12:01,2025-09-22T18:12:01.000Z,Flo Lewis,Monday,19,
4645,22/09/2025,19:22:43,2025-09-22T18:22:43.000Z,‪+44 7894 093339‬,Monday,19,
4646,22/09/2025,19:28:56,2025-09-22T18:28:56.000Z,‪+44 7503 902601‬,Monday,19,
4647,22/09/2025,19:36:01,2025-09-22T18:36:01.000Z,‪+353 83 351 0742‬,Monday,19,
4648,22/09/2025,19:36:50,2025-09-22T18:36:50.000Z,~ Natasha,Monday,19,
4649,22/09/2025,19:37:33,2025-09-22T18:37:33.000Z,~ Lucy Kavanagh,Monday,19,
4650,22/09/2025,19:49:37,2025-09-22T18:49:37.000Z,Flo Lewis,Monday,19,
4651,22/09/2025,19:50:35,2025-09-22T18:50:35.000Z,~ Justin,Monday,19,
4652,22/09/2025,19:53:42,2025-09-22T18:53:42.000Z,‪+353 87 298 5545‬,Monday,19,
4653,22/09/2025,20:06:53,2025-09-22T19:06:53.000Z,‪+353 83 351 0742‬,Monday,20,
4654,22/09/2025,20:07:11,2025-09-22T19:07:11.000Z,‪+353 87 333 1473‬,Monday,20,
4655,22/09/2025,20:22:05,2025-09-22T19:22:05.000Z,‪+44 7894 093339‬,Monday,20,
4656,22/09/2025,20:48:21,2025-09-22T19:48:21.000Z,~ Justin,Monday,20,
4657,22/09/2025,20:52:01,2025-09-22T19:52:01.000Z,‪+353 83 351 0742‬,Monday,20,
4658,22/09/2025,20:52:30,2025-09-22T19:52:30.000Z,Hannah Page,Monday,20,
4659,22/09/2025,20:53:03,2025-09-22T19:53:03.000Z,‪+353 87 333 1473‬,Monday,20,
4660,22/09/2025,21:59:39,2025-09-22T20:59:39.000Z,~ Justin,Monday,21,
4661,22/09/2025,22:00:49,2025-09-22T21:00:49.000Z,‪+353 83 351 0742‬,Monday,22,
4662,22/09/2025,22:20:40,2025-09-22T21:20:40.000Z,‪+353 83 351 0742‬,Monday,22,
4663,22/09/2025,22:26:23,2025-09-22T21:26:23.000Z,~ Justin,Monday,22,
4664,22/09/2025,22:41:24,2025-09-22T21:41:24.000Z,~ Baskew,Monday,22,
4665,22/09/2025,23:02:33,2025-09-22T22:02:33.000Z,~ Baskew,Monday,23,
4666,22/09/2025,23:02:53,2025-09-22T22:02:53.000Z,~ Baskew,Monday,23,
4667,22/09/2025,23:53:19,2025-09-22T22:53:19.000Z,~ Justin,Monday,23,
4668,22/09/2025,23:54:39,2025-09-22T22:54:39.000Z,~ Natasha,Monday,23,
4669,23/09/2025,00:06:24,2025-09-22T23:06:24.000Z,~ Natasha,Tuesday,0,
4670,23/09/2025,00:28:03,2025-09-22T23:28:03.000Z,~ Baskew,Tuesday,0,
4671,23/09/2025,00:28:33,2025-09-22T23:28:33.000Z,~ Natasha,Tuesday,0,
4672,23/09/2025,00:46:20,2025-09-22T23:46:20.000Z,~ Jordan,Tuesday,0,
4673,23/09/2025,00:47:18,2025-09-22T23:47:18.000Z,‪+353 83 351 0742‬,Tuesday,0,
4674,23/09/2025,00:57:02,2025-09-22T23:57:02.000Z,~ Jordan,Tuesday,0,
4675,23/09/2025,13:58:26,2025-09-23T12:58:26.000Z,~ Jon Rickard,Tuesday,13,
4676,23/09/2025,14:41:40,2025-09-23T13:41:40.000Z,~ Jon Rickard,Tuesday,14,
4677,23/09/2025,16:05:48,2025-09-23T15:05:48.000Z,~ Jon Rickard,Tuesday,16,
4678,23/09/2025,16:10:18,2025-09-23T15:10:18.000Z,~ Rory Oakes,Tuesday,16,
4679,23/09/2025,16:15:44,2025-09-23T15:15:44.000Z,~ Hugh,Tuesday,16,
4680,23/09/2025,16:39:46,2025-09-23T15:39:46.000Z,~ Rory Oakes,Tuesday,16,
4681,23/09/2025,17:05:43,2025-09-23T16:05:43.000Z,~ Jon Rickard,Tuesday,17,
4682,23/09/2025,17:21:50,2025-09-23T16:21:50.000Z,~ Hugh,Tuesday,17,
4683,23/09/2025,17:32:53,2025-09-23T16:32:53.000Z,Millie Brooke,Tuesday,17,
4684,23/09/2025,18:35:24,2025-09-23T17:35:24.000Z,~ Hugh,Tuesday,18,
4685,23/09/2025,18:35:36,2025-09-23T17:35:36.000Z,Annabel Anderson,Tuesday,18,
4686,23/09/2025,19:24:08,2025-09-23T18:24:08.000Z,‪+44 7703 397938‬,Tuesday,19,
4687,23/09/2025,19:26:06,2025-09-23T18:26:06.000Z,‪+44 7449 260031‬,Tuesday,19,
4688,23/09/2025,19:41:55,2025-09-23T18:41:55.000Z,~ Lucy Kavanagh,Tuesday,19,
4689,23/09/2025,19:58:15,2025-09-23T18:58:15.000Z,‪+44 7941 376686‬,Tuesday,19,
4690,23/09/2025,20:03:49,2025-09-23T19:03:49.000Z,~ Josh hudson,Tuesday,20,
4691,23/09/2025,20:53:46,2025-09-23T19:53:46.000Z,‪+44 7907 025284‬,Tuesday,20,
4692,23/09/2025,20:56:04,2025-09-23T19:56:04.000Z,~ Jess Westwood,Tuesday,20,
4693,23/09/2025,21:21:56,2025-09-23T20:21:56.000Z,‪+44 7941 376686‬,Tuesday,21,
4694,23/09/2025,22:25:19,2025-09-23T21:25:19.000Z,~ Jess Westwood,Tuesday,22,
4695,23/09/2025,23:16:40,2025-09-23T22:16:40.000Z,~ Jon Rickard,Tuesday,23,
4696,24/09/2025,06:20:24,2025-09-24T05:20:24.000Z,‪+61 468 911 451‬,Wednesday,6,
4697,24/09/2025,07:09:41,2025-09-24T06:09:41.000Z,‪+61 468 911 451‬,Wednesday,7,
4698,24/09/2025,12:19:33,2025-09-24T11:19:33.000Z,~ Jordan Newman,Wednesday,12,
4699,24/09/2025,12:31:56,2025-09-24T11:31:56.000Z,~ Justin,Wednesday,12,
4700,24/09/2025,14:31:16,2025-09-24T13:31:16.000Z,~ Jon Rickard,Wednesday,14,
4701,24/09/2025,16:08:27,2025-09-24T15:08:27.000Z,~ Jon Rickard,Wednesday,16,
4702,24/09/2025,16:12:25,2025-09-24T15:12:25.000Z,‪+44 7770 870937‬,Wednesday,16,
4703,24/09/2025,16:15:36,2025-09-24T15:15:36.000Z,Annabel Anderson,Wednesday,16,
4704,24/09/2025,16:37:26,2025-09-24T15:37:26.000Z,Annabel Anderson,Wednesday,16,
4705,24/09/2025,16:38:55,2025-09-24T15:38:55.000Z,‪+44 7770 870937‬,Wednesday,16,
4706,24/09/2025,16:44:27,2025-09-24T15:44:27.000Z,‪+44 7449 260031‬,Wednesday,16,
4707,24/09/2025,17:08:59,2025-09-24T16:08:59.000Z,Bella Cain,Wednesday,17,
4708,24/09/2025,17:16:10,2025-09-24T16:16:10.000Z,~ Jon Rickard,Wednesday,17,
4709,24/09/2025,17:41:24,2025-09-24T16:41:24.000Z,‪+44 7575 893993‬,Wednesday,17,
4710,24/09/2025,18:01:23,2025-09-24T17:01:23.000Z,Annabel Anderson,Wednesday,18,
4711,24/09/2025,18:44:48,2025-09-24T17:44:48.000Z,Livvy,Wednesday,18,
4712,24/09/2025,19:25:38,2025-09-24T18:25:38.000Z,‪+44 7841 958283‬,Wednesday,19,
4713,24/09/2025,19:39:43,2025-09-24T18:39:43.000Z,Hannah Page,Wednesday,19,
4714,24/09/2025,20:07:53,2025-09-24T19:07:53.000Z,~ Jon Rickard,Wednesday,20,
4715,24/09/2025,20:14:09,2025-09-24T19:14:09.000Z,~ Callum Dott,Wednesday,20,
4716,24/09/2025,20:18:00,2025-09-24T19:18:00.000Z,~ Lydia Rickard,Wednesday,20,
4717,24/09/2025,20:18:20,2025-09-24T19:18:20.000Z,~ Sean,Wednesday,20,
4718,24/09/2025,20:18:34,2025-09-24T19:18:34.000Z,~ Oscar,Wednesday,20,
4719,24/09/2025,20:19:04,2025-09-24T19:19:04.000Z,‪+44 7477 119664‬,Wednesday,20,
4720,24/09/2025,20:28:47,2025-09-24T19:28:47.000Z,~ Justin,Wednesday,20,
4721,24/09/2025,21:26:48,2025-09-24T20:26:48.000Z,~ Justin,Wednesday,21,
4722,24/09/2025,23:29:22,2025-09-24T22:29:22.000Z,Annabel Anderson,Wednesday,23,
4723,25/09/2025,06:04:22,2025-09-25T05:04:22.000Z,Georgia Jones,Thursday,6,
4724,25/09/2025,07:03:57,2025-09-25T06:03:57.000Z,Georgia Jones,Thursday,7,
4725,25/09/2025,07:10:52,2025-09-25T06:10:52.000Z,‪+61 468 911 451‬,Thursday,7,
4726,25/09/2025,08:28:57,2025-09-25T07:28:57.000Z,Georgia Jones,Thursday,8,
4727,25/09/2025,09:24:19,2025-09-25T08:24:19.000Z,Georgia Jones,Thursday,9,
4728,25/09/2025,10:15:24,2025-09-25T09:15:24.000Z,~ Jon Rickard,Thursday,10,
4729,25/09/2025,13:33:39,2025-09-25T12:33:39.000Z,Georgia Jones,Thursday,13,
4730,25/09/2025,14:23:00,2025-09-25T13:23:00.000Z,Bella Cain,Thursday,14,
4731,25/09/2025,15:34:54,2025-09-25T14:34:54.000Z,Annabel Anderson,Thursday,15,
4732,25/09/2025,15:54:35,2025-09-25T14:54:35.000Z,Annabel Anderson,Thursday,15,
4733,25/09/2025,15:55:43,2025-09-25T14:55:43.000Z,~ Jordan Newman,Thursday,15,
4734,25/09/2025,16:02:41,2025-09-25T15:02:41.000Z,‪+44 7875 966948‬,Thursday,16,
4735,25/09/2025,16:42:16,2025-09-25T15:42:16.000Z,Lottie Passmore,Thursday,16,
4736,25/09/2025,17:18:55,2025-09-25T16:18:55.000Z,~ Conor,Thursday,17,
4737,25/09/2025,18:17:23,2025-09-25T17:17:23.000Z,~ Jordan Newman,Thursday,18,
4738,25/09/2025,18:20:39,2025-09-25T17:20:39.000Z,‪+44 7501 062670‬,Thursday,18,
4739,25/09/2025,18:24:00,2025-09-25T17:24:00.000Z,~ Conor,Thursday,18,
4740,25/09/2025,18:26:07,2025-09-25T17:26:07.000Z,‪+44 7530 856137‬,Thursday,18,
4741,25/09/2025,18:47:08,2025-09-25T17:47:08.000Z,‪+44 7770 870937‬,Thursday,18,
4742,25/09/2025,18:52:35,2025-09-25T17:52:35.000Z,~ Brett,Thursday,18,
4743,25/09/2025,18:55:23,2025-09-25T17:55:23.000Z,~ Conor,Thursday,18,
4744,25/09/2025,19:05:18,2025-09-25T18:05:18.000Z,‪+44 7866 473345‬,Thursday,19,
4745,25/09/2025,19:05:56,2025-09-25T18:05:56.000Z,‪+44 7846 518462‬,Thursday,19,
4746,25/09/2025,19:07:27,2025-09-25T18:07:27.000Z,‪+44 7770 870937‬,Thursday,19,
4747,25/09/2025,19:24:47,2025-09-25T18:24:47.000Z,~ Brett,Thursday,19,
4748,25/09/2025,19:44:45,2025-09-25T18:44:45.000Z,‪+44 7770 870937‬,Thursday,19,
4749,25/09/2025,20:10:11,2025-09-25T19:10:11.000Z,‪+44 7736 800692‬,Thursday,20,
4750,25/09/2025,20:41:08,2025-09-25T19:41:08.000Z,Flo Lewis,Thursday,20,
4751,25/09/2025,20:54:38,2025-09-25T19:54:38.000Z,Hannah Page,Thursday,20,
4752,25/09/2025,21:03:59,2025-09-25T20:03:59.000Z,‪+44 7846 518462‬,Thursday,21,
4753,25/09/2025,21:32:10,2025-09-25T20:32:10.000Z,~ Sam Ross,Thursday,21,
4754,25/09/2025,21:36:33,2025-09-25T20:36:33.000Z,Bella Cain,Thursday,21,
4755,25/09/2025,22:13:16,2025-09-25T21:13:16.000Z,‪+44 7936 059701‬,Thursday,22,
4756,25/09/2025,22:31:14,2025-09-25T21:31:14.000Z,Bella Cain,Thursday,22,
4757,26/09/2025,10:38:59,2025-09-26T09:38:59.000Z,~ Bobby Burnand,Friday,10,
4758,26/09/2025,11:39:25,2025-09-26T10:39:25.000Z,Georgia Jones,Friday,11,
4759,26/09/2025,12:09:02,2025-09-26T11:09:02.000Z,Georgia Jones,Friday,12,
4760,26/09/2025,12:13:17,2025-09-26T11:13:17.000Z,~ Callum Dott,Friday,12,
4761,26/09/2025,13:17:55,2025-09-26T12:17:55.000Z,Lottie Passmore,Friday,13,
4762,26/09/2025,13:56:52,2025-09-26T12:56:52.000Z,Lottie Passmore,Friday,13,
4763,26/09/2025,14:51:46,2025-09-26T13:51:46.000Z,Lottie Passmore,Friday,14,
4764,26/09/2025,15:12:54,2025-09-26T14:12:54.000Z,‪+44 7954 114133‬,Friday,15,
4765,26/09/2025,15:44:41,2025-09-26T14:44:41.000Z,Flo Lewis,Friday,15,
4766,26/09/2025,15:50:13,2025-09-26T14:50:13.000Z,‪+44 7954 114133‬,Friday,15,
4767,26/09/2025,16:20:47,2025-09-26T15:20:47.000Z,Lottie Passmore,Friday,16,
4768,26/09/2025,16:43:08,2025-09-26T15:43:08.000Z,Bella Cain,Friday,16,
4769,26/09/2025,17:18:26,2025-09-26T16:18:26.000Z,Bella Cain,Friday,17,
4770,26/09/2025,17:53:27,2025-09-26T16:53:27.000Z,‪+44 7415 250751‬,Friday,17,
4771,26/09/2025,18:09:56,2025-09-26T17:09:56.000Z,‪+44 7415 250751‬,Friday,18,
4772,26/09/2025,18:10:39,2025-09-26T17:10:39.000Z,Bella Cain,Friday,18,
4773,26/09/2025,18:16:15,2025-09-26T17:16:15.000Z,~ Andrew Matthews,Friday,18,
4774,26/09/2025,18:20:03,2025-09-26T17:20:03.000Z,~ Jordan Newman,Friday,18,
4775,26/09/2025,18:23:08,2025-09-26T17:23:08.000Z,Shay,Friday,18,
4776,26/09/2025,18:41:00,2025-09-26T17:41:00.000Z,~ Jordan Newman,Friday,18,
4777,26/09/2025,18:41:12,2025-09-26T17:41:12.000Z,~ Hugh,Friday,18,
4778,26/09/2025,18:41:14,2025-09-26T17:41:14.000Z,Shay,Friday,18,
4779,26/09/2025,18:41:43,2025-09-26T17:41:43.000Z,‪+44 7415 250751‬,Friday,18,
4780,26/09/2025,18:43:01,2025-09-26T17:43:01.000Z,Annabel Anderson,Friday,18,
4781,26/09/2025,18:58:55,2025-09-26T17:58:55.000Z,Abby Khalifeh,Friday,18,
4782,26/09/2025,19:04:38,2025-09-26T18:04:38.000Z,~ Lydia Rickard,Friday,19,
4783,26/09/2025,19:14:56,2025-09-26T18:14:56.000Z,~ Seann,Friday,19,
4784,26/09/2025,19:16:46,2025-09-26T18:16:46.000Z,Shay,Friday,19,
4785,26/09/2025,19:21:29,2025-09-26T18:21:29.000Z,Millie Brooke,Friday,19,
4786,26/09/2025,19:27:24,2025-09-26T18:27:24.000Z,Abby Khalifeh,Friday,19,
4787,26/09/2025,19:27:51,2025-09-26T18:27:51.000Z,~ Harry,Friday,19,
4788,26/09/2025,19:36:39,2025-09-26T18:36:39.000Z,‪+44 7415 250751‬,Friday,19,
4789,26/09/2025,19:43:12,2025-09-26T18:43:12.000Z,~ Corny,Friday,19,
4790,26/09/2025,19:46:51,2025-09-26T18:46:51.000Z,‪+44 7866 473345‬,Friday,19,
4791,26/09/2025,19:51:07,2025-09-26T18:51:07.000Z,~ Brett,Friday,19,
4792,26/09/2025,19:54:20,2025-09-26T18:54:20.000Z,Annabel Anderson,Friday,19,
4793,26/09/2025,20:09:03,2025-09-26T19:09:03.000Z,‪+44 7767 745032‬,Friday,20,
4794,26/09/2025,20:11:32,2025-09-26T19:11:32.000Z,‪+44 7383 012262‬,Friday,20,
4795,26/09/2025,20:17:18,2025-09-26T19:17:18.000Z,‪+353 87 298 5545‬,Friday,20,
4796,26/09/2025,20:23:40,2025-09-26T19:23:40.000Z,~ Lydia Rickard,Friday,20,
4797,26/09/2025,20:24:28,2025-09-26T19:24:28.000Z,‪+44 7477 119664‬,Friday,20,
4798,26/09/2025,20:31:26,2025-09-26T19:31:26.000Z,~ Brett,Friday,20,
4799,26/09/2025,20:39:51,2025-09-26T19:39:51.000Z,~ Mark Wiszk,Friday,20,
4800,26/09/2025,20:41:16,2025-09-26T19:41:16.000Z,‪+44 7767 745032‬,Friday,20,
4801,26/09/2025,20:41:54,2025-09-26T19:41:54.000Z,Shay,Friday,20,
4802,26/09/2025,20:47:40,2025-09-26T19:47:40.000Z,‪+44 7866 473345‬,Friday,20,
4803,26/09/2025,21:21:09,2025-09-26T20:21:09.000Z,~ Josh hudson,Friday,21,
4804,26/09/2025,21:23:35,2025-09-26T20:23:35.000Z,~ Adam Warren,Friday,21,
4805,26/09/2025,22:08:07,2025-09-26T21:08:07.000Z,~ Lucy Kavanagh,Friday,22,
4806,26/09/2025,22:32:56,2025-09-26T21:32:56.000Z,~ Lucy Kavanagh,Friday,22,
4807,26/09/2025,22:35:31,2025-09-26T21:35:31.000Z,‪+44 7376 635466‬,Friday,22,
4808,26/09/2025,22:37:02,2025-09-26T21:37:02.000Z,~ Adam Gaynor,Friday,22,
4809,26/09/2025,23:19:55,2025-09-26T22:19:55.000Z,‪+44 7383 012262‬,Friday,23,
4810,26/09/2025,23:21:36,2025-09-26T22:21:36.000Z,~ Josh hudson,Friday,23,
4811,27/09/2025,00:56:25,2025-09-26T23:56:25.000Z,‪+44 7383 012262‬,Saturday,0,
4812,27/09/2025,10:53:05,2025-09-27T09:53:05.000Z,Georgia Jones,Saturday,10,
4813,27/09/2025,11:49:44,2025-09-27T10:49:44.000Z,~ Adam Warren,Saturday,11,
4814,27/09/2025,11:59:36,2025-09-27T10:59:36.000Z,~ Brett,Saturday,11,
4815,27/09/2025,13:48:19,2025-09-27T12:48:19.000Z,~ Lydia Rickard,Saturday,13,
4816,27/09/2025,13:57:45,2025-09-27T12:57:45.000Z,Hannah Page,Saturday,13,
4817,27/09/2025,14:31:32,2025-09-27T13:31:32.000Z,Livvy,Saturday,14,
4818,27/09/2025,14:32:29,2025-09-27T13:32:29.000Z,Abby Khalifeh,Saturday,14,
4819,27/09/2025,14:44:55,2025-09-27T13:44:55.000Z,~ Seann,Saturday,14,
4820,27/09/2025,14:52:34,2025-09-27T13:52:34.000Z,Livvy,Saturday,14,
4821,27/09/2025,15:31:11,2025-09-27T14:31:11.000Z,Livvy,Saturday,15,
4822,27/09/2025,15:35:07,2025-09-27T14:35:07.000Z,Shay,Saturday,15,
4823,27/09/2025,15:36:56,2025-09-27T14:36:56.000Z,Ethan,Saturday,15,
4824,27/09/2025,16:00:28,2025-09-27T15:00:28.000Z,~ Brett,Saturday,16,
4825,27/09/2025,16:02:30,2025-09-27T15:02:30.000Z,Shay,Saturday,16,
4826,27/09/2025,16:07:38,2025-09-27T15:07:38.000Z,‪+44 7841 958283‬,Saturday,16,
4827,27/09/2025,16:14:19,2025-09-27T15:14:19.000Z,~ Max Evans,Saturday,16,
4828,27/09/2025,16:17:06,2025-09-27T15:17:06.000Z,Shay,Saturday,16,
4829,27/09/2025,16:19:08,2025-09-27T15:19:08.000Z,~ Conor,Saturday,16,
4830,27/09/2025,16:20:40,2025-09-27T15:20:40.000Z,‪+44 7359 783807‬,Saturday,16,
4831,27/09/2025,16:21:20,2025-09-27T15:21:20.000Z,Hannah Page,Saturday,16,
4832,27/09/2025,16:23:14,2025-09-27T15:23:14.000Z,~ Andrew Matthews,Saturday,16,
4833,27/09/2025,16:34:40,2025-09-27T15:34:40.000Z,Ethan,Saturday,16,
4834,27/09/2025,16:44:02,2025-09-27T15:44:02.000Z,‪+44 7501 062670‬,Saturday,16,
4835,27/09/2025,16:48:34,2025-09-27T15:48:34.000Z,~ Josh hudson,Saturday,16,
4836,27/09/2025,16:49:43,2025-09-27T15:49:43.000Z,~ Jordan Newman,Saturday,16,
4837,27/09/2025,16:49:50,2025-09-27T15:49:50.000Z,~ Dan Dolderson,Saturday,16,
4838,27/09/2025,17:05:05,2025-09-27T16:05:05.000Z,~ Jordan Newman,Saturday,17,
4839,27/09/2025,17:08:01,2025-09-27T16:08:01.000Z,Bella Cain,Saturday,17,
4840,27/09/2025,17:08:38,2025-09-27T16:08:38.000Z,~ Owen,Saturday,17,
4841,27/09/2025,17:09:22,2025-09-27T16:09:22.000Z,~ George,Saturday,17,
4842,27/09/2025,17:15:26,2025-09-27T16:15:26.000Z,Hannah Page,Saturday,17,
4843,27/09/2025,17:26:27,2025-09-27T16:26:27.000Z,~ Conor,Saturday,17,
4844,27/09/2025,17:27:37,2025-09-27T16:27:37.000Z,~ Jordan Newman,Saturday,17,
4845,27/09/2025,17:28:07,2025-09-27T16:28:07.000Z,‪+44 7866 473345‬,Saturday,17,
4846,27/09/2025,17:33:42,2025-09-27T16:33:42.000Z,~ Brett,Saturday,17,
4847,27/09/2025,17:34:42,2025-09-27T16:34:42.000Z,Caitlin Driscoll,Saturday,17,
4848,27/09/2025,17:46:36,2025-09-27T16:46:36.000Z,‪+44 7866 473345‬,Saturday,17,
4849,27/09/2025,17:53:53,2025-09-27T16:53:53.000Z,Annabel Anderson,Saturday,17,
4850,27/09/2025,17:57:40,2025-09-27T16:57:40.000Z,~ Seann,Saturday,17,
4851,27/09/2025,18:05:48,2025-09-27T17:05:48.000Z,~ Brett,Saturday,18,
4852,27/09/2025,18:08:08,2025-09-27T17:08:08.000Z,Shay,Saturday,18,
4853,27/09/2025,18:08:41,2025-09-27T17:08:41.000Z,‪+44 7368 113230‬,Saturday,18,
4854,27/09/2025,18:17:39,2025-09-27T17:17:39.000Z,~ Jon Rickard,Saturday,18,
4855,27/09/2025,18:27:09,2025-09-27T17:27:09.000Z,~ Hugh,Saturday,18,
4856,27/09/2025,18:36:51,2025-09-27T17:36:51.000Z,~ Brett,Saturday,18,
4857,27/09/2025,18:39:02,2025-09-27T17:39:02.000Z,~ Jordan Newman,Saturday,18,
4858,27/09/2025,18:39:51,2025-09-27T17:39:51.000Z,Caitlin Driscoll,Saturday,18,
4859,27/09/2025,18:39:52,2025-09-27T17:39:52.000Z,~ Dan Dolderson,Saturday,18,
4860,27/09/2025,18:40:47,2025-09-27T17:40:47.000Z,~ Andrew Matthews,Saturday,18,
4861,27/09/2025,18:50:24,2025-09-27T17:50:24.000Z,Annabel Anderson,Saturday,18,
4862,27/09/2025,18:57:15,2025-09-27T17:57:15.000Z,Livvy,Saturday,18,
4863,27/09/2025,18:57:50,2025-09-27T17:57:50.000Z,Hannah Page,Saturday,18,
4864,27/09/2025,19:07:01,2025-09-27T18:07:01.000Z,Ethan,Saturday,19,
4865,27/09/2025,19:11:34,2025-09-27T18:11:34.000Z,‪+44 7415 250751‬,Saturday,19,
4866,27/09/2025,19:24:45,2025-09-27T18:24:45.000Z,~ Mark Wiszk,Saturday,19,
4867,27/09/2025,19:26:49,2025-09-27T18:26:49.000Z,Hannah Page,Saturday,19,
4868,27/09/2025,19:28:33,2025-09-27T18:28:33.000Z,Anya Trevor-Palleres,Saturday,19,
4869,27/09/2025,19:45:26,2025-09-27T18:45:26.000Z,~ Ted Lyall,Saturday,19,
4870,27/09/2025,19:47:08,2025-09-27T18:47:08.000Z,Hannah Page,Saturday,19,
4871,27/09/2025,19:49:05,2025-09-27T18:49:05.000Z,‪+44 7432 113713‬,Saturday,19,
4872,27/09/2025,19:54:21,2025-09-27T18:54:21.000Z,‪+44 7359 783807‬,Saturday,19,
4873,27/09/2025,19:55:58,2025-09-27T18:55:58.000Z,~ Brett,Saturday,19,
4874,27/09/2025,19:59:33,2025-09-27T18:59:33.000Z,~ Jake Rooney,Saturday,19,
4875,27/09/2025,20:09:32,2025-09-27T19:09:32.000Z,~ Dan Dolderson,Saturday,20,
4876,27/09/2025,20:15:45,2025-09-27T19:15:45.000Z,‪+44 7415 250751‬,Saturday,20,
4877,27/09/2025,20:33:48,2025-09-27T19:33:48.000Z,‪+44 7415 250751‬,Saturday,20,
4878,27/09/2025,20:40:11,2025-09-27T19:40:11.000Z,Flo Lewis,Saturday,20,
4879,27/09/2025,20:40:22,2025-09-27T19:40:22.000Z,Flo Lewis,Saturday,20,
4880,27/09/2025,20:41:54,2025-09-27T19:41:54.000Z,Caitlin Driscoll,Saturday,20,
4881,27/09/2025,20:50:05,2025-09-27T19:50:05.000Z,~ Lauryn,Saturday,20,
4882,27/09/2025,21:10:52,2025-09-27T20:10:52.000Z,‪+44 7432 113713‬,Saturday,21,
4883,27/09/2025,21:17:36,2025-09-27T20:17:36.000Z,~ Max Evans,Saturday,21,
4884,27/09/2025,21:27:51,2025-09-27T20:27:51.000Z,‪+44 7432 113713‬,Saturday,21,
4885,27/09/2025,21:32:29,2025-09-27T20:32:29.000Z,Harriet,Saturday,21,
4886,27/09/2025,21:32:58,2025-09-27T20:32:58.000Z,‪+44 7841 486819‬,Saturday,21,
4887,27/09/2025,21:36:42,2025-09-27T20:36:42.000Z,~ Mark Wiszk,Saturday,21,
4888,27/09/2025,21:54:47,2025-09-27T20:54:47.000Z,~ Sam Ross,Saturday,21,
4889,27/09/2025,22:28:01,2025-09-27T21:28:01.000Z,Hannah Page,Saturday,22,
4890,28/09/2025,01:30:23,2025-09-28T00:30:23.000Z,‪+44 7415 250751‬,Sunday,1,
4891,28/09/2025,09:51:48,2025-09-28T08:51:48.000Z,‪+44 7445 831435‬,Sunday,9,
4892,28/09/2025,09:52:00,2025-09-28T08:52:00.000Z,‪+44 7445 831435‬,Sunday,9,
4893,28/09/2025,10:49:23,2025-09-28T09:49:23.000Z,Georgia Jones,Sunday,10,
4894,28/09/2025,11:19:35,2025-09-28T10:19:35.000Z,~ Adam Gaynor,Sunday,11,
4895,28/09/2025,12:51:30,2025-09-28T11:51:30.000Z,~ Adam Gaynor,Sunday,12,
4896,28/09/2025,13:28:40,2025-09-28T12:28:40.000Z,‪+44 7770 870937‬,Sunday,13,
4897,28/09/2025,13:43:04,2025-09-28T12:43:04.000Z,~ ellie,Sunday,13,
4898,28/09/2025,13:55:14,2025-09-28T12:55:14.000Z,Shay,Sunday,13,
4899,28/09/2025,14:04:24,2025-09-28T13:04:24.000Z,~ Adam Warren,Sunday,14,
4900,28/09/2025,14:05:04,2025-09-28T13:05:04.000Z,~ Brett,Sunday,14,
4901,28/09/2025,14:13:39,2025-09-28T13:13:39.000Z,~ Rory Oakes,Sunday,14,
4902,28/09/2025,14:32:34,2025-09-28T13:32:34.000Z,Georgia Jones,Sunday,14,
4903,28/09/2025,14:35:14,2025-09-28T13:35:14.000Z,Annabel Anderson,Sunday,14,
4904,28/09/2025,14:38:41,2025-09-28T13:38:41.000Z,‪+44 7831 911812‬,Sunday,14,
4905,28/09/2025,14:46:15,2025-09-28T13:46:15.000Z,Eleanor Cowell,Sunday,14,
4906,28/09/2025,14:48:10,2025-09-28T13:48:10.000Z,~ Brett,Sunday,14,
4907,28/09/2025,15:27:19,2025-09-28T14:27:19.000Z,~ Ted Lyall,Sunday,15,
4908,28/09/2025,15:32:26,2025-09-28T14:32:26.000Z,Eleanor Cowell,Sunday,15,
4909,28/09/2025,15:42:40,2025-09-28T14:42:40.000Z,~ Conor,Sunday,15,
4910,28/09/2025,16:12:31,2025-09-28T15:12:31.000Z,~ Brett,Sunday,16,
4911,28/09/2025,16:42:02,2025-09-28T15:42:02.000Z,~ Seann,Sunday,16,
4912,28/09/2025,16:43:44,2025-09-28T15:43:44.000Z,~ Conor,Sunday,16,
4913,28/09/2025,17:00:18,2025-09-28T16:00:18.000Z,‪+44 7866 473345‬,Sunday,17,
4914,28/09/2025,17:00:29,2025-09-28T16:00:29.000Z,~ Brett,Sunday,17,
4915,28/09/2025,17:00:40,2025-09-28T16:00:40.000Z,~ Hugh,Sunday,17,
4916,28/09/2025,17:22:08,2025-09-28T16:22:08.000Z,Eleanor Cowell,Sunday,17,
4917,28/09/2025,17:42:36,2025-09-28T16:42:36.000Z,~ Brett,Sunday,17,
4918,28/09/2025,17:43:15,2025-09-28T16:43:15.000Z,~ Lloyd Graham,Sunday,17,
4919,28/09/2025,17:58:57,2025-09-28T16:58:57.000Z,~ Conor,Sunday,17,
4920,28/09/2025,18:03:54,2025-09-28T17:03:54.000Z,~ Conor,Sunday,18,
4921,28/09/2025,18:14:49,2025-09-28T17:14:49.000Z,~ Ellis P,Sunday,18,
4922,28/09/2025,18:20:08,2025-09-28T17:20:08.000Z,~ Adam Warren,Sunday,18,
4923,28/09/2025,18:33:58,2025-09-28T17:33:58.000Z,~ Brett,Sunday,18,
4924,28/09/2025,18:37:55,2025-09-28T17:37:55.000Z,~ Ellis P,Sunday,18,
4925,28/09/2025,18:41:13,2025-09-28T17:41:13.000Z,‪+44 7449 260031‬,Sunday,18,
4926,28/09/2025,19:04:18,2025-09-28T18:04:18.000Z,~ Conor,Sunday,19,
4927,28/09/2025,19:14:09,2025-09-28T18:14:09.000Z,~ Brett,Sunday,19,
4928,28/09/2025,19:16:36,2025-09-28T18:16:36.000Z,~ Ellis P,Sunday,19,
4929,28/09/2025,19:26:00,2025-09-28T18:26:00.000Z,~ Adam Warren,Sunday,19,
4930,28/09/2025,19:28:04,2025-09-28T18:28:04.000Z,Conall Caverly,Sunday,19,
4931,28/09/2025,20:04:04,2025-09-28T19:04:04.000Z,Hannah Page,Sunday,20,
4932,28/09/2025,20:13:44,2025-09-28T19:13:44.000Z,~ Corny,Sunday,20,
4933,28/09/2025,20:27:13,2025-09-28T19:27:13.000Z,Conall Caverly,Sunday,20,
4934,28/09/2025,20:46:44,2025-09-28T19:46:44.000Z,~ Lucy Kavanagh,Sunday,20,
4935,29/09/2025,01:24:10,2025-09-29T00:24:10.000Z,~ Ellis P,Monday,1,
4936,29/09/2025,12:44:43,2025-09-29T11:44:43.000Z,Hannah Page,Monday,12,
4937,29/09/2025,12:49:38,2025-09-29T11:49:38.000Z,~ Will Anderson,Monday,12,
4938,29/09/2025,14:24:53,2025-09-29T13:24:53.000Z,Hannah Page,Monday,14,
4939,29/09/2025,15:12:21,2025-09-29T14:12:21.000Z,Anya Trevor-Palleres,Monday,15,
4940,29/09/2025,15:14:43,2025-09-29T14:14:43.000Z,Hannah Page,Monday,15,
4941,29/09/2025,17:07:10,2025-09-29T16:07:10.000Z,‪+44 7445 831435‬,Monday,17,
4942,29/09/2025,17:12:17,2025-09-29T16:12:17.000Z,Hannah Page,Monday,17,
4943,29/09/2025,18:30:37,2025-09-29T17:30:37.000Z,‪+44 7445 831435‬,Monday,18,
4944,29/09/2025,19:21:36,2025-09-29T18:21:36.000Z,~ Seann,Monday,19,
4945,29/09/2025,19:28:11,2025-09-29T18:28:11.000Z,Hannah Page,Monday,19,
4946,29/09/2025,20:07:12,2025-09-29T19:07:12.000Z,Caitlin Driscoll,Monday,20,
4947,29/09/2025,20:15:22,2025-09-29T19:15:22.000Z,~ Justin lewis,Monday,20,
4948,29/09/2025,21:19:45,2025-09-29T20:19:45.000Z,~ Anna,Monday,21,
4949,29/09/2025,21:34:57,2025-09-29T20:34:57.000Z,Hannah Page,Monday,21,
4950,29/09/2025,21:42:11,2025-09-29T20:42:11.000Z,~ Ellis P,Monday,21,
4951,29/09/2025,21:48:20,2025-09-29T20:48:20.000Z,~ Jordan,Monday,21,
4952,30/09/2025,06:39:18,2025-09-30T05:39:18.000Z,Georgia Jones,Tuesday,6,
4953,30/09/2025,07:14:27,2025-09-30T06:14:27.000Z,Georgia Jones,Tuesday,7,
4954,30/09/2025,07:29:08,2025-09-30T06:29:08.000Z,Georgia Jones,Tuesday,7,
4955,30/09/2025,09:09:27,2025-09-30T08:09:27.000Z,Georgia Jones,Tuesday,9,
4956,30/09/2025,14:09:57,2025-09-30T13:09:57.000Z,Anya Trevor-Palleres,Tuesday,14,
4957,30/09/2025,14:10:17,2025-09-30T13:10:17.000Z,Hannah Page,Tuesday,14,
4958,30/09/2025,14:29:59,2025-09-30T13:29:59.000Z,Georgia Jones,Tuesday,14,
4959,30/09/2025,16:08:54,2025-09-30T15:08:54.000Z,‪+353 87 298 5545‬,Tuesday,16,
4960,30/09/2025,16:20:29,2025-09-30T15:20:29.000Z,~ Baskew,Tuesday,16,
4961,30/09/2025,16:25:39,2025-09-30T15:25:39.000Z,‪+44 7868 723055‬,Tuesday,16,
4962,30/09/2025,16:25:49,2025-09-30T15:25:49.000Z,Hannah Page,Tuesday,16,
4963,30/09/2025,16:43:05,2025-09-30T15:43:05.000Z,‪+353 83 351 0742‬,Tuesday,16,
4964,30/09/2025,17:17:09,2025-09-30T16:17:09.000Z,‪+353 83 351 0742‬,Tuesday,17,
4965,30/09/2025,17:19:44,2025-09-30T16:19:44.000Z,~ Lloyd Graham,Tuesday,17,
4966,30/09/2025,17:21:51,2025-09-30T16:21:51.000Z,‪+44 7445 831435‬,Tuesday,17,
4967,30/09/2025,17:59:46,2025-09-30T16:59:46.000Z,~ Brett,Tuesday,17,
4968,30/09/2025,18:01:37,2025-09-30T17:01:37.000Z,Caolán Walsh,Tuesday,18,
4969,30/09/2025,18:32:12,2025-09-30T17:32:12.000Z,‪+44 7584 633750‬,Tuesday,18,
4970,30/09/2025,18:39:45,2025-09-30T17:39:45.000Z,‪+44 7868 723055‬,Tuesday,18,
4971,30/09/2025,19:20:35,2025-09-30T18:20:35.000Z,~ Brett,Tuesday,19,
4972,30/09/2025,19:23:09,2025-09-30T18:23:09.000Z,~ Baskew,Tuesday,19,
4973,30/09/2025,19:24:40,2025-09-30T18:24:40.000Z,~ Ellis P,Tuesday,19,
4974,30/09/2025,19:32:27,2025-09-30T18:32:27.000Z,‪+44 7445 831435‬,Tuesday,19,
4975,30/09/2025,19:39:32,2025-09-30T18:39:32.000Z,Caolán Walsh,Tuesday,19,
4976,30/09/2025,19:41:21,2025-09-30T18:41:21.000Z,Hannah Page,Tuesday,19,
4977,30/09/2025,19:50:52,2025-09-30T18:50:52.000Z,~ Seann,Tuesday,19,
4978,30/09/2025,19:52:23,2025-09-30T18:52:23.000Z,~ Josh hudson,Tuesday,19,
4979,30/09/2025,20:01:10,2025-09-30T19:01:10.000Z,Cahill,Tuesday,20,
4980,30/09/2025,20:16:28,2025-09-30T19:16:28.000Z,~ Ellis P,Tuesday,20,
4981,30/09/2025,20:27:33,2025-09-30T19:27:33.000Z,‪+353 87 298 5545‬,Tuesday,20,
4982,30/09/2025,20:32:33,2025-09-30T19:32:33.000Z,~ Mark Wiszk,Tuesday,20,
4983,30/09/2025,20:40:44,2025-09-30T19:40:44.000Z,~ Lauryn,Tuesday,20,
4984,30/09/2025,20:50:45,2025-09-30T19:50:45.000Z,Hannah Page,Tuesday,20,
4985,30/09/2025,21:00:06,2025-09-30T20:00:06.000Z,~ Seann,Tuesday,21,
4986,30/09/2025,21:12:22,2025-09-30T20:12:22.000Z,Caolán Walsh,Tuesday,21,
4987,30/09/2025,21:21:48,2025-09-30T20:21:48.000Z,~ Baskew,Tuesday,21,
4988,30/09/2025,21:27:52,2025-09-30T20:27:52.000Z,~ Lauryn,Tuesday,21,
4989,30/09/2025,21:33:49,2025-09-30T20:33:49.000Z,‪+44 7868 723055‬,Tuesday,21,
4990,30/09/2025,21:47:45,2025-09-30T20:47:45.000Z,~ Brett,Tuesday,21,
4991,30/09/2025,22:12:01,2025-09-30T21:12:01.000Z,‪+44 7876 741944‬,Tuesday,22,
4992,30/09/2025,22:35:54,2025-09-30T21:35:54.000Z,~ Lauryn,Tuesday,22,
4993,30/09/2025,22:53:26,2025-09-30T21:53:26.000Z,Caolán Walsh,Tuesday,22,
4994,30/09/2025,23:34:01,2025-09-30T22:34:01.000Z,Caolán Walsh,Tuesday,23,
4995,01/10/2025,13:31:23,2025-10-01T12:31:23.000Z,~ Harry,Wednesday,13,
4996,01/10/2025,13:38:05,2025-10-01T12:38:05.000Z,‪+353 87 298 5545‬,Wednesday,13,
4997,01/10/2025,15:49:55,2025-10-01T14:49:55.000Z,~ Brett,Wednesday,15,
4998,01/10/2025,15:55:26,2025-10-01T14:55:26.000Z,Hannah Page,Wednesday,15,
4999,01/10/2025,16:09:23,2025-10-01T15:09:23.000Z,‪+44 7770 870937‬,Wednesday,16,
5000,01/10/2025,16:20:58,2025-10-01T15:20:58.000Z,~ Dom,Wednesday,16,
5001,01/10/2025,16:31:17,2025-10-01T15:31:17.000Z,‪+44 7770 870937‬,Wednesday,16,
5002,01/10/2025,17:10:16,2025-10-01T16:10:16.000Z,Hannah Page,Wednesday,17,
5003,01/10/2025,17:34:56,2025-10-01T16:34:56.000Z,~ Lucy Kavanagh,Wednesday,17,
5004,01/10/2025,17:48:47,2025-10-01T16:48:47.000Z,‪+44 7841 958283‬,Wednesday,17,
5005,01/10/2025,17:53:38,2025-10-01T16:53:38.000Z,~ Justin,Wednesday,17,
5006,01/10/2025,17:59:45,2025-10-01T16:59:45.000Z,~ Jon Rickard,Wednesday,17,
5007,01/10/2025,18:01:34,2025-10-01T17:01:34.000Z,‪+44 7445 831435‬,Wednesday,18,
5008,01/10/2025,18:02:37,2025-10-01T17:02:37.000Z,‪+44 7445 831435‬,Wednesday,18,
5009,01/10/2025,18:08:54,2025-10-01T17:08:54.000Z,‪+44 7730 372923‬,Wednesday,18,
5010,01/10/2025,18:25:22,2025-10-01T17:25:22.000Z,‪+44 7841 958283‬,Wednesday,18,
5011,01/10/2025,19:01:50,2025-10-01T18:01:50.000Z,~ Brett,Wednesday,19,
5012,01/10/2025,19:02:57,2025-10-01T18:02:57.000Z,Jakey Breen,Wednesday,19,
5013,01/10/2025,19:04:10,2025-10-01T18:04:10.000Z,‪+353 83 351 0742‬,Wednesday,19,
5014,01/10/2025,19:17:10,2025-10-01T18:17:10.000Z,‪+44 7545 272965‬,Wednesday,19,
5015,01/10/2025,19:20:33,2025-10-01T18:20:33.000Z,~ Justin,Wednesday,19,
5016,01/10/2025,19:24:16,2025-10-01T18:24:16.000Z,~ Lauryn,Wednesday,19,
5017,01/10/2025,19:37:03,2025-10-01T18:37:03.000Z,‪+44 7868 723055‬,Wednesday,19,
5018,01/10/2025,19:40:47,2025-10-01T18:40:47.000Z,~ Justin,Wednesday,19,
5019,01/10/2025,19:43:21,2025-10-01T18:43:21.000Z,‪+44 7545 272965‬,Wednesday,19,
5020,01/10/2025,19:45:17,2025-10-01T18:45:17.000Z,‪+353 83 351 0742‬,Wednesday,19,
5021,01/10/2025,19:48:29,2025-10-01T18:48:29.000Z,~ Thomas Hamilton,Wednesday,19,
5022,01/10/2025,20:08:21,2025-10-01T19:08:21.000Z,‪+44 7545 272965‬,Wednesday,20,
5023,01/10/2025,20:09:19,2025-10-01T19:09:19.000Z,‪+44 7730 372923‬,Wednesday,20,
5024,01/10/2025,20:21:20,2025-10-01T19:21:20.000Z,~ Jess Westwood,Wednesday,20,
5025,01/10/2025,20:26:39,2025-10-01T19:26:39.000Z,‪+353 87 298 5545‬,Wednesday,20,
5026,01/10/2025,20:28:01,2025-10-01T19:28:01.000Z,~ Justin,Wednesday,20,
5027,01/10/2025,20:28:24,2025-10-01T19:28:24.000Z,~ Justin,Wednesday,20,
5028,01/10/2025,20:45:43,2025-10-01T19:45:43.000Z,Jakey Breen,Wednesday,20,
5029,01/10/2025,20:50:08,2025-10-01T19:50:08.000Z,~ Gareth Tainton,Wednesday,20,
5030,01/10/2025,21:00:10,2025-10-01T20:00:10.000Z,~ Max Evans,Wednesday,21,
5031,01/10/2025,21:32:02,2025-10-01T20:32:02.000Z,~ Justin,Wednesday,21,
5032,01/10/2025,22:27:18,2025-10-01T21:27:18.000Z,~ Justin,Wednesday,22,
5033,02/10/2025,10:43:19,2025-10-02T09:43:19.000Z,Georgia Jones,Thursday,10,
5034,02/10/2025,11:21:33,2025-10-02T10:21:33.000Z,Georgia Jones,Thursday,11,
5035,02/10/2025,12:18:52,2025-10-02T11:18:52.000Z,Georgia Jones,Thursday,12,
5036,02/10/2025,15:03:25,2025-10-02T14:03:25.000Z,~ Will Anderson,Thursday,15,
5037,02/10/2025,15:54:38,2025-10-02T14:54:38.000Z,‪+44 7584 633750‬,Thursday,15,
5038,02/10/2025,16:15:44,2025-10-02T15:15:44.000Z,‪+44 7770 870937‬,Thursday,16,
5039,02/10/2025,16:41:45,2025-10-02T15:41:45.000Z,~ Jake Rooney,Thursday,16,
5040,02/10/2025,16:44:38,2025-10-02T15:44:38.000Z,‪+44 7770 870937‬,Thursday,16,
5041,02/10/2025,16:58:24,2025-10-02T15:58:24.000Z,Lottie Passmore,Thursday,16,
5042,02/10/2025,17:16:42,2025-10-02T16:16:42.000Z,‪+44 7770 870937‬,Thursday,17,
5043,02/10/2025,17:23:46,2025-10-02T16:23:46.000Z,~ Jordan Newman,Thursday,17,
5044,02/10/2025,17:25:54,2025-10-02T16:25:54.000Z,~ Conor,Thursday,17,
5045,02/10/2025,17:26:17,2025-10-02T16:26:17.000Z,~ Jake Rooney,Thursday,17,
5046,02/10/2025,17:47:08,2025-10-02T16:47:08.000Z,~ Jordan Newman,Thursday,17,
5047,02/10/2025,18:20:04,2025-10-02T17:20:04.000Z,~ Hugh,Thursday,18,
5048,02/10/2025,18:22:37,2025-10-02T17:22:37.000Z,‪+44 7584 010583‬,Thursday,18,
5049,02/10/2025,18:29:49,2025-10-02T17:29:49.000Z,~ Adam Warren,Thursday,18,
5050,02/10/2025,18:38:48,2025-10-02T17:38:48.000Z,~ Conor,Thursday,18,
5051,02/10/2025,18:40:55,2025-10-02T17:40:55.000Z,~ Jordan Newman,Thursday,18,
5052,02/10/2025,18:43:51,2025-10-02T17:43:51.000Z,‪+44 7912 055406‬,Thursday,18,
5053,02/10/2025,18:49:51,2025-10-02T17:49:51.000Z,~ Seann,Thursday,18,
5054,02/10/2025,18:50:50,2025-10-02T17:50:50.000Z,~ Ellis P,Thursday,18,
5055,02/10/2025,18:55:20,2025-10-02T17:55:20.000Z,~ Jordan Newman,Thursday,18,
5056,02/10/2025,19:10:08,2025-10-02T18:10:08.000Z,‪+44 7584 010583‬,Thursday,19,
5057,02/10/2025,19:29:11,2025-10-02T18:29:11.000Z,~ Ellis P,Thursday,19,
5058,02/10/2025,19:30:56,2025-10-02T18:30:56.000Z,‪+353 86 162 9268‬,Thursday,19,
5059,02/10/2025,19:47:01,2025-10-02T18:47:01.000Z,~ Jordan Newman,Thursday,19,
5060,02/10/2025,19:53:10,2025-10-02T18:53:10.000Z,‪+44 7912 055406‬,Thursday,19,
5061,02/10/2025,19:56:20,2025-10-02T18:56:20.000Z,~ Marcus Brienza,Thursday,19,
5062,02/10/2025,20:06:51,2025-10-02T19:06:51.000Z,~ Harry MacKeogh,Thursday,20,
5063,02/10/2025,20:26:45,2025-10-02T19:26:45.000Z,‪+44 7912 055406‬,Thursday,20,
5064,02/10/2025,20:36:25,2025-10-02T19:36:25.000Z,~ ellie,Thursday,20,
5065,02/10/2025,20:52:01,2025-10-02T19:52:01.000Z,Jakey Breen,Thursday,20,
5066,02/10/2025,20:53:44,2025-10-02T19:53:44.000Z,‪+44 7845 249214‬,Thursday,20,
5067,02/10/2025,21:08:16,2025-10-02T20:08:16.000Z,Annabel Anderson,Thursday,21,
5068,02/10/2025,21:08:29,2025-10-02T20:08:29.000Z,~ Andrew Matthews,Thursday,21,
5069,02/10/2025,21:32:40,2025-10-02T20:32:40.000Z,~ Sam Ross,Thursday,21,
5070,02/10/2025,22:29:25,2025-10-02T21:29:25.000Z,~ Ted Lyall,Thursday,22,
5071,02/10/2025,22:33:38,2025-10-02T21:33:38.000Z,‪+353 89 238 4320‬,Thursday,22,
5072,03/10/2025,08:19:54,2025-10-03T07:19:54.000Z,‪+61 472 540 912‬,Friday,8,
5073,03/10/2025,09:55:53,2025-10-03T08:55:53.000Z,‪+61 472 540 912‬,Friday,9,
5074,03/10/2025,09:59:51,2025-10-03T08:59:51.000Z,‪+61 490 845 750‬,Friday,9,
5075,03/10/2025,11:16:01,2025-10-03T10:16:01.000Z,Georgia Jones,Friday,11,
5076,03/10/2025,12:04:30,2025-10-03T11:04:30.000Z,Georgia Jones,Friday,12,
5077,03/10/2025,12:24:29,2025-10-03T11:24:29.000Z,Georgia Jones,Friday,12,
5078,03/10/2025,13:14:58,2025-10-03T12:14:58.000Z,Georgia Jones,Friday,13,
5079,03/10/2025,13:35:22,2025-10-03T12:35:22.000Z,Georgia Jones,Friday,13,
5080,03/10/2025,13:35:53,2025-10-03T12:35:53.000Z,‪+44 7575 893993‬,Friday,13,
5081,03/10/2025,15:14:16,2025-10-03T14:14:16.000Z,‪+44 7584 633750‬,Friday,15,
5082,03/10/2025,15:32:18,2025-10-03T14:32:18.000Z,Georgia Jones,Friday,15,
5083,03/10/2025,15:39:04,2025-10-03T14:39:04.000Z,‪+44 7845 249214‬,Friday,15,
5084,03/10/2025,15:58:57,2025-10-03T14:58:57.000Z,~ Oliver,Friday,15,
5085,03/10/2025,16:23:46,2025-10-03T15:23:46.000Z,‪+44 7845 249214‬,Friday,16,
5086,03/10/2025,16:25:02,2025-10-03T15:25:02.000Z,~ Andrew Steele,Friday,16,
5087,03/10/2025,17:01:20,2025-10-03T16:01:20.000Z,‪+44 7845 249214‬,Friday,17,
5088,03/10/2025,17:35:32,2025-10-03T16:35:32.000Z,Shay,Friday,17,
5089,03/10/2025,18:07:03,2025-10-03T17:07:03.000Z,Shay,Friday,18,
5090,03/10/2025,18:08:52,2025-10-03T17:08:52.000Z,‪+44 7904 645742‬,Friday,18,
5091,03/10/2025,18:11:04,2025-10-03T17:11:04.000Z,‪+44 7912 055406‬,Friday,18,
5092,03/10/2025,18:16:49,2025-10-03T17:16:49.000Z,~ Mark Wiszk,Friday,18,
5093,03/10/2025,18:27:18,2025-10-03T17:27:18.000Z,~ Seann,Friday,18,
5094,03/10/2025,18:29:47,2025-10-03T17:29:47.000Z,~ Andrew Steele,Friday,18,
5095,03/10/2025,18:43:32,2025-10-03T17:43:32.000Z,~ Andrew Steele,Friday,18,
5096,03/10/2025,18:51:14,2025-10-03T17:51:14.000Z,‪+44 7912 055406‬,Friday,18,
5097,03/10/2025,18:53:22,2025-10-03T17:53:22.000Z,~ Mark Wiszk,Friday,18,
5098,03/10/2025,18:55:50,2025-10-03T17:55:50.000Z,Shay,Friday,18,
5099,03/10/2025,18:58:49,2025-10-03T17:58:49.000Z,‪+44 7866 473345‬,Friday,18,
5100,03/10/2025,19:12:44,2025-10-03T18:12:44.000Z,‪+44 7955 122100‬,Friday,19,
5101,03/10/2025,19:15:54,2025-10-03T18:15:54.000Z,~ Lauryn,Friday,19,
5102,03/10/2025,19:21:55,2025-10-03T18:21:55.000Z,Shay,Friday,19,
5103,03/10/2025,19:23:03,2025-10-03T18:23:03.000Z,~ Josh hudson,Friday,19,
5104,03/10/2025,19:27:20,2025-10-03T18:27:20.000Z,Annabel Anderson,Friday,19,
5105,03/10/2025,19:27:49,2025-10-03T18:27:49.000Z,~ Harry,Friday,19,
5106,03/10/2025,19:28:07,2025-10-03T18:28:07.000Z,Jakey Breen,Friday,19,
5107,03/10/2025,19:28:22,2025-10-03T18:28:22.000Z,Caolán Walsh,Friday,19,
5108,03/10/2025,19:29:49,2025-10-03T18:29:49.000Z,‪+44 7581 012652‬,Friday,19,
5109,03/10/2025,19:31:28,2025-10-03T18:31:28.000Z,~ Mark Wiszk,Friday,19,
5110,03/10/2025,19:41:08,2025-10-03T18:41:08.000Z,‪+44 7581 012652‬,Friday,19,
5111,03/10/2025,19:42:01,2025-10-03T18:42:01.000Z,‪+44 7445 831435‬,Friday,19,
5112,03/10/2025,19:43:44,2025-10-03T18:43:44.000Z,~ Ellis P,Friday,19,
5113,03/10/2025,19:44:42,2025-10-03T18:44:42.000Z,~ Hugh,Friday,19,
5114,03/10/2025,19:45:55,2025-10-03T18:45:55.000Z,~ Andrew Steele,Friday,19,
5115,03/10/2025,19:50:20,2025-10-03T18:50:20.000Z,~ Josh hudson,Friday,19,
5116,03/10/2025,19:57:06,2025-10-03T18:57:06.000Z,~ Dan Dolderson,Friday,19,
5117,03/10/2025,19:57:58,2025-10-03T18:57:58.000Z,Annabel Anderson,Friday,19,
5118,03/10/2025,20:05:06,2025-10-03T19:05:06.000Z,~ Jon Rickard,Friday,20,
5119,03/10/2025,20:12:53,2025-10-03T19:12:53.000Z,~ Harry,Friday,20,
5120,03/10/2025,20:13:15,2025-10-03T19:13:15.000Z,‪+44 7581 012652‬,Friday,20,
5121,03/10/2025,20:15:38,2025-10-03T19:15:38.000Z,~ Ellis P,Friday,20,
5122,03/10/2025,20:17:57,2025-10-03T19:17:57.000Z,‪+44 7575 893993‬,Friday,20,
5123,03/10/2025,20:21:26,2025-10-03T19:21:26.000Z,Shay,Friday,20,
5124,03/10/2025,20:28:32,2025-10-03T19:28:32.000Z,‪+44 7581 012652‬,Friday,20,
5125,03/10/2025,20:30:45,2025-10-03T19:30:45.000Z,~ Luke Hardcastle,Friday,20,
5126,03/10/2025,20:39:07,2025-10-03T19:39:07.000Z,~ Harry,Friday,20,
5127,03/10/2025,20:39:24,2025-10-03T19:39:24.000Z,‪+44 7866 473345‬,Friday,20,
5128,03/10/2025,20:40:43,2025-10-03T19:40:43.000Z,‪+44 7591 141982‬,Friday,20,
5129,03/10/2025,20:42:26,2025-10-03T19:42:26.000Z,~ Will Anderson,Friday,20,
5130,03/10/2025,20:44:19,2025-10-03T19:44:19.000Z,‪+44 7581 012652‬,Friday,20,
5131,03/10/2025,20:47:33,2025-10-03T19:47:33.000Z,‪+44 7715 559025‬,Friday,20,
5132,03/10/2025,20:48:10,2025-10-03T19:48:10.000Z,~ Natasha,Friday,20,
5133,03/10/2025,20:48:50,2025-10-03T19:48:50.000Z,Conall Caverly,Friday,20,
5134,03/10/2025,20:54:27,2025-10-03T19:54:27.000Z,~ Oli Pollock,Friday,20,
5135,03/10/2025,20:56:41,2025-10-03T19:56:41.000Z,~ Emma Henderson,Friday,20,
5136,03/10/2025,20:58:03,2025-10-03T19:58:03.000Z,‪+44 7765 952736‬,Friday,20,
5137,03/10/2025,20:58:12,2025-10-03T19:58:12.000Z,‪+44 7765 952736‬,Friday,20,
5138,03/10/2025,21:00:03,2025-10-03T20:00:03.000Z,~ Harry,Friday,21,
5139,03/10/2025,21:01:58,2025-10-03T20:01:58.000Z,~ Andrew Steele,Friday,21,
5140,03/10/2025,21:04:47,2025-10-03T20:04:47.000Z,~ Lauryn,Friday,21,
5141,03/10/2025,21:05:22,2025-10-03T20:05:22.000Z,Abby Khalifeh,Friday,21,
5142,03/10/2025,21:06:27,2025-10-03T20:06:27.000Z,‪+44 7575 893993‬,Friday,21,
5143,03/10/2025,21:09:09,2025-10-03T20:09:09.000Z,‪+44 7841 958283‬,Friday,21,
5144,03/10/2025,21:14:19,2025-10-03T20:14:19.000Z,Annabel Anderson,Friday,21,
5145,03/10/2025,21:18:08,2025-10-03T20:18:08.000Z,~ Ellis P,Friday,21,
5146,03/10/2025,21:24:18,2025-10-03T20:24:18.000Z,~ Connor,Friday,21,
5147,03/10/2025,21:32:28,2025-10-03T20:32:28.000Z,Conall Caverly,Friday,21,
5148,03/10/2025,21:40:46,2025-10-03T20:40:46.000Z,~ Harry,Friday,21,
5149,03/10/2025,21:42:59,2025-10-03T20:42:59.000Z,‪+44 7581 012652‬,Friday,21,
5150,03/10/2025,21:44:13,2025-10-03T20:44:13.000Z,Shay,Friday,21,
5151,03/10/2025,21:48:00,2025-10-03T20:48:00.000Z,~ James Castle,Friday,21,
5152,03/10/2025,21:50:13,2025-10-03T20:50:13.000Z,~ Andrew Steele,Friday,21,
5153,03/10/2025,21:51:07,2025-10-03T20:51:07.000Z,‪+44 7447 044940‬,Friday,21,
5154,03/10/2025,21:51:08,2025-10-03T20:51:08.000Z,‪+44 7447 044940‬,Friday,21,
5155,03/10/2025,21:51:41,2025-10-03T20:51:41.000Z,~ George Smith,Friday,21,
5156,03/10/2025,22:00:41,2025-10-03T21:00:41.000Z,~ Harry,Friday,22,
5157,03/10/2025,22:07:30,2025-10-03T21:07:30.000Z,‪+44 7581 012652‬,Friday,22,
5158,03/10/2025,22:07:48,2025-10-03T21:07:48.000Z,~ Natasha,Friday,22,
5159,03/10/2025,22:09:27,2025-10-03T21:09:27.000Z,~ Connor,Friday,22,
5160,03/10/2025,22:17:02,2025-10-03T21:17:02.000Z,~ Harry,Friday,22,
5161,03/10/2025,22:24:27,2025-10-03T21:24:27.000Z,Caolán Walsh,Friday,22,
5162,03/10/2025,22:30:20,2025-10-03T21:30:20.000Z,‪+44 7709 244161‬,Friday,22,
5163,03/10/2025,22:32:10,2025-10-03T21:32:10.000Z,~ Connor,Friday,22,
5164,03/10/2025,22:33:08,2025-10-03T21:33:08.000Z,~ George Smith,Friday,22,
5165,03/10/2025,22:34:46,2025-10-03T21:34:46.000Z,~ Emma Henderson,Friday,22,
5166,03/10/2025,22:37:03,2025-10-03T21:37:03.000Z,Shay,Friday,22,
5167,03/10/2025,22:41:43,2025-10-03T21:41:43.000Z,~ Harry,Friday,22,
5168,03/10/2025,22:45:50,2025-10-03T21:45:50.000Z,~ James Castle,Friday,22,
5169,03/10/2025,22:59:44,2025-10-03T21:59:44.000Z,~ Ellis P,Friday,22,
5170,03/10/2025,23:03:00,2025-10-03T22:03:00.000Z,~ Andrew Steele,Friday,23,
5171,03/10/2025,23:04:34,2025-10-03T22:04:34.000Z,~ Ellis P,Friday,23,
5172,03/10/2025,23:05:01,2025-10-03T22:05:01.000Z,‪+44 7581 012652‬,Friday,23,
5173,03/10/2025,23:06:34,2025-10-03T22:06:34.000Z,~ Dan Dolderson,Friday,23,
5174,03/10/2025,23:06:59,2025-10-03T22:06:59.000Z,~ Harry,Friday,23,
5175,03/10/2025,23:07:57,2025-10-03T22:07:57.000Z,~ George Smith,Friday,23,
5176,03/10/2025,23:09:58,2025-10-03T22:09:58.000Z,Conall Caverly,Friday,23,
5177,03/10/2025,23:13:52,2025-10-03T22:13:52.000Z,~ Conor,Friday,23,
5178,03/10/2025,23:34:00,2025-10-03T22:34:00.000Z,~ Andrew Steele,Friday,23,
5179,03/10/2025,23:43:12,2025-10-03T22:43:12.000Z,~ Connor,Friday,23,
5180,03/10/2025,23:48:01,2025-10-03T22:48:01.000Z,~ Andrew Steele,Friday,23,
5181,03/10/2025,23:53:21,2025-10-03T22:53:21.000Z,~ Andrew Steele,Friday,23,
5182,03/10/2025,23:54:54,2025-10-03T22:54:54.000Z,Caolán Walsh,Friday,23,
5183,04/10/2025,00:22:43,2025-10-03T23:22:43.000Z,~ Harry,Saturday,0,
5184,04/10/2025,00:30:03,2025-10-03T23:30:03.000Z,~ Ellis P,Saturday,0,
5185,04/10/2025,00:48:47,2025-10-03T23:48:47.000Z,~ Harry,Saturday,0,
5186,04/10/2025,08:00:41,2025-10-04T07:00:41.000Z,‪+44 7889 783013‬,Saturday,8,
5187,04/10/2025,08:02:27,2025-10-04T07:02:27.000Z,‪+61 490 845 750‬,Saturday,8,
5188,04/10/2025,08:17:22,2025-10-04T07:17:22.000Z,~ Elliot Tawney,Saturday,8,
5189,04/10/2025,09:21:56,2025-10-04T08:21:56.000Z,‪+44 7889 783013‬,Saturday,9,
5190,04/10/2025,10:58:19,2025-10-04T09:58:19.000Z,~ Mark Wiszk,Saturday,10,
5191,04/10/2025,12:43:21,2025-10-04T11:43:21.000Z,‪+44 7841 958283‬,Saturday,12,
5192,04/10/2025,12:45:48,2025-10-04T11:45:48.000Z,Bella Cain,Saturday,12,
5193,04/10/2025,13:11:22,2025-10-04T12:11:22.000Z,‪+44 7912 055406‬,Saturday,13,
5194,04/10/2025,13:27:15,2025-10-04T12:27:15.000Z,Annabel Anderson,Saturday,13,
5195,04/10/2025,13:30:56,2025-10-04T12:30:56.000Z,Hannah Page,Saturday,13,
5196,04/10/2025,13:34:08,2025-10-04T12:34:08.000Z,‪+44 7845 249214‬,Saturday,13,
5197,04/10/2025,13:41:09,2025-10-04T12:41:09.000Z,~ Seann,Saturday,13,
5198,04/10/2025,14:01:52,2025-10-04T13:01:52.000Z,Bella Cain,Saturday,14,
5199,04/10/2025,14:04:51,2025-10-04T13:04:51.000Z,‪+44 7511 056564‬,Saturday,14,
5200,04/10/2025,14:10:22,2025-10-04T13:10:22.000Z,‪+44 7845 249214‬,Saturday,14,
5201,04/10/2025,14:10:59,2025-10-04T13:10:59.000Z,~ Ted Lyall,Saturday,14,
5202,04/10/2025,14:24:24,2025-10-04T13:24:24.000Z,~ Elliot Tawney,Saturday,14,
5203,04/10/2025,14:37:00,2025-10-04T13:37:00.000Z,Shay,Saturday,14,
5204,04/10/2025,14:59:59,2025-10-04T13:59:59.000Z,‪+44 7770 870937‬,Saturday,14,
5205,04/10/2025,15:15:46,2025-10-04T14:15:46.000Z,‪+44 7511 056564‬,Saturday,15,
5206,04/10/2025,15:17:35,2025-10-04T14:17:35.000Z,~ Connor,Saturday,15,
5207,04/10/2025,15:22:26,2025-10-04T14:22:26.000Z,~ ellie,Saturday,15,
5208,04/10/2025,15:26:55,2025-10-04T14:26:55.000Z,Abby Khalifeh,Saturday,15,
5209,04/10/2025,15:28:54,2025-10-04T14:28:54.000Z,~ Seann,Saturday,15,
5210,04/10/2025,15:45:21,2025-10-04T14:45:21.000Z,Cahill,Saturday,15,
5211,04/10/2025,15:51:59,2025-10-04T14:51:59.000Z,Annabel Anderson,Saturday,15,
5212,04/10/2025,15:55:48,2025-10-04T14:55:48.000Z,‪+44 7845 249214‬,Saturday,15,
5213,04/10/2025,16:06:17,2025-10-04T15:06:17.000Z,~ Mark Wiszk,Saturday,16,
5214,04/10/2025,16:13:10,2025-10-04T15:13:10.000Z,~ Lucy Kavanagh,Saturday,16,
5215,04/10/2025,16:13:38,2025-10-04T15:13:38.000Z,‪+44 7841 958283‬,Saturday,16,
5216,04/10/2025,16:15:12,2025-10-04T15:15:12.000Z,Annabel Anderson,Saturday,16,
5217,04/10/2025,16:31:11,2025-10-04T15:31:11.000Z,Abby Khalifeh,Saturday,16,
5218,04/10/2025,16:34:52,2025-10-04T15:34:52.000Z,~ Seann,Saturday,16,
5219,04/10/2025,16:44:44,2025-10-04T15:44:44.000Z,Shay,Saturday,16,
5220,04/10/2025,16:45:32,2025-10-04T15:45:32.000Z,~ Brett,Saturday,16,
5221,04/10/2025,16:51:11,2025-10-04T15:51:11.000Z,~ Griff,Saturday,16,
5222,04/10/2025,16:58:01,2025-10-04T15:58:01.000Z,‪+44 7841 435308‬,Saturday,16,
5223,04/10/2025,17:05:59,2025-10-04T16:05:59.000Z,~ Lydia Rickard,Saturday,17,
5224,04/10/2025,17:06:39,2025-10-04T16:06:39.000Z,~ Andrew Matthews,Saturday,17,
5225,04/10/2025,17:08:10,2025-10-04T16:08:10.000Z,~ Ellis P,Saturday,17,
5226,04/10/2025,17:08:41,2025-10-04T16:08:41.000Z,~ Ted Lyall,Saturday,17,
5227,04/10/2025,17:13:26,2025-10-04T16:13:26.000Z,‪+44 7482 241070‬,Saturday,17,
5228,04/10/2025,17:14:39,2025-10-04T16:14:39.000Z,‪+44 7845 249214‬,Saturday,17,
5229,04/10/2025,17:15:39,2025-10-04T16:15:39.000Z,Jakey Breen,Saturday,17,
5230,04/10/2025,17:20:22,2025-10-04T16:20:22.000Z,Cahill,Saturday,17,
5231,04/10/2025,17:20:55,2025-10-04T16:20:55.000Z,‪+44 7770 870937‬,Saturday,17,
5232,04/10/2025,17:24:02,2025-10-04T16:24:02.000Z,~ Oliver Fitzgerald,Saturday,17,
5233,04/10/2025,17:25:09,2025-10-04T16:25:09.000Z,~ Jon Rickard,Saturday,17,
5234,04/10/2025,17:25:50,2025-10-04T16:25:50.000Z,~ Griff,Saturday,17,
5235,04/10/2025,17:26:14,2025-10-04T16:26:14.000Z,‪+44 7866 473345‬,Saturday,17,
5236,04/10/2025,17:29:32,2025-10-04T16:29:32.000Z,~ Mark Wiszk,Saturday,17,
5237,04/10/2025,17:29:41,2025-10-04T16:29:41.000Z,~ Ted Lyall,Saturday,17,
5238,04/10/2025,17:37:01,2025-10-04T16:37:01.000Z,Hannah Page,Saturday,17,
5239,04/10/2025,17:39:32,2025-10-04T16:39:32.000Z,~ Thomas Hamilton,Saturday,17,
5240,04/10/2025,17:39:59,2025-10-04T16:39:59.000Z,‪+44 7845 249214‬,Saturday,17,
5241,04/10/2025,17:46:25,2025-10-04T16:46:25.000Z,~ Brett,Saturday,17,
5242,04/10/2025,17:53:59,2025-10-04T16:53:59.000Z,‪+44 7866 473345‬,Saturday,17,
5243,04/10/2025,17:55:50,2025-10-04T16:55:50.000Z,‪+44 7715 559025‬,Saturday,17,
5244,04/10/2025,17:56:35,2025-10-04T16:56:35.000Z,Anya Trevor-Palleres,Saturday,17,
5245,04/10/2025,17:57:51,2025-10-04T16:57:51.000Z,~ Ellis P,Saturday,17,
5246,04/10/2025,17:59:22,2025-10-04T16:59:22.000Z,Hannah Page,Saturday,17,
5247,04/10/2025,18:00:38,2025-10-04T17:00:38.000Z,Shay,Saturday,18,
5248,04/10/2025,18:01:05,2025-10-04T17:01:05.000Z,~ Conor,Saturday,18,
5249,04/10/2025,18:03:20,2025-10-04T17:03:20.000Z,‪+44 7415 250751‬,Saturday,18,
5250,04/10/2025,18:04:49,2025-10-04T17:04:49.000Z,Cahill,Saturday,18,
5251,04/10/2025,18:05:41,2025-10-04T17:05:41.000Z,‪+44 7845 249214‬,Saturday,18,
5252,04/10/2025,18:06:00,2025-10-04T17:06:00.000Z,Shay,Saturday,18,
5253,04/10/2025,18:08:18,2025-10-04T17:08:18.000Z,‪+353 89 238 4320‬,Saturday,18,
5254,04/10/2025,18:10:38,2025-10-04T17:10:38.000Z,~ Mark Wiszk,Saturday,18,
5255,04/10/2025,18:12:10,2025-10-04T17:12:10.000Z,‪+44 7733 329539‬,Saturday,18,
5256,04/10/2025,18:18:03,2025-10-04T17:18:03.000Z,~ Brett,Saturday,18,
5257,04/10/2025,18:18:41,2025-10-04T17:18:41.000Z,‪+44 7770 870937‬,Saturday,18,
5258,04/10/2025,18:23:31,2025-10-04T17:23:31.000Z,~ Jon Rickard,Saturday,18,
5259,04/10/2025,18:40:25,2025-10-04T17:40:25.000Z,‪+44 7415 250751‬,Saturday,18,
5260,04/10/2025,18:53:01,2025-10-04T17:53:01.000Z,‪+44 7866 473345‬,Saturday,18,
5261,04/10/2025,18:55:47,2025-10-04T17:55:47.000Z,Shay,Saturday,18,
5262,04/10/2025,18:57:27,2025-10-04T17:57:27.000Z,~ Brett,Saturday,18,
5263,04/10/2025,19:04:06,2025-10-04T18:04:06.000Z,‪+44 7912 055406‬,Saturday,19,
5264,04/10/2025,19:07:46,2025-10-04T18:07:46.000Z,~ Griff,Saturday,19,
5265,04/10/2025,19:22:06,2025-10-04T18:22:06.000Z,‪+44 7866 473345‬,Saturday,19,
5266,04/10/2025,19:55:51,2025-10-04T18:55:51.000Z,~ Brett,Saturday,19,
5267,04/10/2025,20:05:36,2025-10-04T19:05:36.000Z,‪+44 7482 241070‬,Saturday,20,
5268,04/10/2025,20:10:25,2025-10-04T19:10:25.000Z,~ Ellis P,Saturday,20,
5269,04/10/2025,20:33:00,2025-10-04T19:33:00.000Z,Abby Khalifeh,Saturday,20,
5270,04/10/2025,20:35:09,2025-10-04T19:35:09.000Z,~ Mark Wiszk,Saturday,20,
5271,04/10/2025,20:38:06,2025-10-04T19:38:06.000Z,‪+44 7584 633750‬,Saturday,20,
5272,04/10/2025,20:48:30,2025-10-04T19:48:30.000Z,~ Lucy Kavanagh,Saturday,20,
5273,04/10/2025,20:52:57,2025-10-04T19:52:57.000Z,‪+44 7445 831435‬,Saturday,20,
5274,04/10/2025,20:56:57,2025-10-04T19:56:57.000Z,‪+44 7703 767099‬,Saturday,20,
5275,04/10/2025,21:06:13,2025-10-04T20:06:13.000Z,‪+44 7477 119664‬,Saturday,21,
5276,04/10/2025,21:22:14,2025-10-04T20:22:14.000Z,‪+353 89 238 4320‬,Saturday,21,
5277,04/10/2025,22:00:14,2025-10-04T21:00:14.000Z,Anya Trevor-Palleres,Saturday,22,
5278,04/10/2025,22:22:30,2025-10-04T21:22:30.000Z,‪+44 7845 249214‬,Saturday,22,
5279,04/10/2025,22:35:10,2025-10-04T21:35:10.000Z,~ Griff,Saturday,22,
5280,04/10/2025,23:36:08,2025-10-04T22:36:08.000Z,~ Andrew Steele,Saturday,23,
5281,04/10/2025,23:57:35,2025-10-04T22:57:35.000Z,‪+61 434 484 556‬,Saturday,23,
5282,05/10/2025,00:04:39,2025-10-04T23:04:39.000Z,Shay,Sunday,0,
5283,05/10/2025,00:25:58,2025-10-04T23:25:58.000Z,‪+44 7477 119664‬,Sunday,0,
5284,05/10/2025,00:26:35,2025-10-04T23:26:35.000Z,‪+44 7465 750405‬,Sunday,0,
5285,05/10/2025,00:35:13,2025-10-04T23:35:13.000Z,~ Andrew Steele,Sunday,0,
5286,05/10/2025,02:45:10,2025-10-05T01:45:10.000Z,~ Lucy Kavanagh,Sunday,2,
5287,05/10/2025,03:30:28,2025-10-05T02:30:28.000Z,~ Callum Dott,Sunday,3,
5288,05/10/2025,03:59:59,2025-10-05T02:59:59.000Z,Shay,Sunday,3,
5289,05/10/2025,04:38:50,2025-10-05T03:38:50.000Z,Shay,Sunday,4,
5290,05/10/2025,09:34:59,2025-10-05T08:34:59.000Z,‪+61 472 540 912‬,Sunday,9,
5291,05/10/2025,12:26:15,2025-10-05T11:26:15.000Z,‪+44 7543 860245‬,Sunday,12,
5292,05/10/2025,12:26:19,2025-10-05T11:26:19.000Z,‪+44 7543 860245‬,Sunday,12,
5293,05/10/2025,12:42:16,2025-10-05T11:42:16.000Z,‪+44 7543 860245‬,Sunday,12,
5294,05/10/2025,12:42:18,2025-10-05T11:42:18.000Z,‪+44 7543 860245‬,Sunday,12,
5295,05/10/2025,13:08:27,2025-10-05T12:08:27.000Z,Flo Lewis,Sunday,13,
5296,05/10/2025,13:10:46,2025-10-05T12:10:46.000Z,James Catling,Sunday,13,
5297,05/10/2025,13:12:13,2025-10-05T12:12:13.000Z,Georgia Jones,Sunday,13,
5298,05/10/2025,13:50:18,2025-10-05T12:50:18.000Z,~ Oliver Graham,Sunday,13,
5299,05/10/2025,14:50:15,2025-10-05T13:50:15.000Z,Caitlin Driscoll,Sunday,14,
5300,05/10/2025,14:59:51,2025-10-05T13:59:51.000Z,Flo Lewis,Sunday,14,
5301,05/10/2025,15:16:11,2025-10-05T14:16:11.000Z,‪+44 7845 249214‬,Sunday,15,
5302,05/10/2025,15:32:37,2025-10-05T14:32:37.000Z,Caitlin Driscoll,Sunday,15,
5303,05/10/2025,15:54:44,2025-10-05T14:54:44.000Z,Georgia Jones,Sunday,15,
5304,05/10/2025,16:08:20,2025-10-05T15:08:20.000Z,~ Seann,Sunday,16,
5305,05/10/2025,16:20:21,2025-10-05T15:20:21.000Z,‪+44 7866 473345‬,Sunday,16,
5306,05/10/2025,16:21:23,2025-10-05T15:21:23.000Z,~ Lloyd Graham,Sunday,16,
5307,05/10/2025,16:21:25,2025-10-05T15:21:25.000Z,~ Lloyd Graham,Sunday,16,
5308,05/10/2025,16:52:59,2025-10-05T15:52:59.000Z,~ Brett,Sunday,16,
5309,05/10/2025,16:59:32,2025-10-05T15:59:32.000Z,‪+44 7866 473345‬,Sunday,16,
5310,05/10/2025,16:59:33,2025-10-05T15:59:33.000Z,‪+44 7469 711068‬,Sunday,16,
5311,05/10/2025,17:00:39,2025-10-05T16:00:39.000Z,~ Steven,Sunday,17,
5312,05/10/2025,17:02:55,2025-10-05T16:02:55.000Z,~ Seann,Sunday,17,
5313,05/10/2025,17:20:27,2025-10-05T16:20:27.000Z,Caitlin Driscoll,Sunday,17,
5314,05/10/2025,17:28:22,2025-10-05T16:28:22.000Z,‪+44 7866 473345‬,Sunday,17,
5315,05/10/2025,17:37:41,2025-10-05T16:37:41.000Z,‪+44 7858 014096‬,Sunday,17,
5316,05/10/2025,17:39:11,2025-10-05T16:39:11.000Z,‪+44 7469 711068‬,Sunday,17,
5317,05/10/2025,17:58:52,2025-10-05T16:58:52.000Z,‪+44 7866 473345‬,Sunday,17,
5318,05/10/2025,18:15:36,2025-10-05T17:15:36.000Z,~ Ellis P,Sunday,18,
5319,05/10/2025,18:53:56,2025-10-05T17:53:56.000Z,~ Brett,Sunday,18,
5320,05/10/2025,19:01:14,2025-10-05T18:01:14.000Z,Annabel Anderson,Sunday,19,
5321,05/10/2025,19:26:48,2025-10-05T18:26:48.000Z,‪+44 7866 473345‬,Sunday,19,
5322,05/10/2025,19:43:59,2025-10-05T18:43:59.000Z,‪+353 87 298 5545‬,Sunday,19,
5323,05/10/2025,20:36:17,2025-10-05T19:36:17.000Z,Annabel Anderson,Sunday,20,
5324,05/10/2025,22:03:02,2025-10-05T21:03:02.000Z,Indie Driscoll,Sunday,22,
5325,05/10/2025,22:05:22,2025-10-05T21:05:22.000Z,‪+44 7465 750405‬,Sunday,22,
5326,05/10/2025,22:26:46,2025-10-05T21:26:46.000Z,Indie Driscoll,Sunday,22,
5327,06/10/2025,00:11:10,2025-10-05T23:11:10.000Z,‪+44 7477 119664‬,Monday,0,
5328,06/10/2025,00:11:17,2025-10-05T23:11:17.000Z,‪+44 7465 750405‬,Monday,0,
5329,06/10/2025,02:35:31,2025-10-06T01:35:31.000Z,~ Ted Lyall,Monday,2,
5330,06/10/2025,10:32:08,2025-10-06T09:32:08.000Z,Georgia Jones,Monday,10,
5331,06/10/2025,11:06:44,2025-10-06T10:06:44.000Z,Georgia Jones,Monday,11,
5332,06/10/2025,11:44:12,2025-10-06T10:44:12.000Z,Georgia Jones,Monday,11,
5333,06/10/2025,12:01:29,2025-10-06T11:01:29.000Z,Georgia Jones,Monday,12,
5334,06/10/2025,12:32:06,2025-10-06T11:32:06.000Z,Georgia Jones,Monday,12,
5335,06/10/2025,13:13:12,2025-10-06T12:13:12.000Z,Flo Lewis,Monday,13,
5336,06/10/2025,13:23:33,2025-10-06T12:23:33.000Z,Georgia Jones,Monday,13,
5337,06/10/2025,14:25:07,2025-10-06T13:25:07.000Z,Georgia Jones,Monday,14,
5338,06/10/2025,15:03:39,2025-10-06T14:03:39.000Z,Georgia Jones,Monday,15,
5339,06/10/2025,17:29:02,2025-10-06T16:29:02.000Z,‪+44 7733 329539‬,Monday,17,
5340,06/10/2025,18:31:23,2025-10-06T17:31:23.000Z,Caitlin Driscoll,Monday,18,
5341,06/10/2025,19:01:58,2025-10-06T18:01:58.000Z,Indie Driscoll,Monday,19,
5342,07/10/2025,15:08:10,2025-10-07T14:08:10.000Z,Georgia Jones,Tuesday,15,
5343,07/10/2025,17:33:42,2025-10-07T16:33:42.000Z,Flo Lewis,Tuesday,17,
5344,07/10/2025,18:28:21,2025-10-07T17:28:21.000Z,‪+44 7912 055406‬,Tuesday,18,
5345,07/10/2025,19:25:14,2025-10-07T18:25:14.000Z,Caitlin Driscoll,Tuesday,19,
5346,07/10/2025,19:39:54,2025-10-07T18:39:54.000Z,~ Bobby Burnand,Tuesday,19,
5347,07/10/2025,19:40:36,2025-10-07T18:40:36.000Z,~ George,Tuesday,19,
5348,07/10/2025,19:48:45,2025-10-07T18:48:45.000Z,~ Connor,Tuesday,19,
5349,07/10/2025,19:58:50,2025-10-07T18:58:50.000Z,~ Sean,Tuesday,19,
5350,07/10/2025,19:59:13,2025-10-07T18:59:13.000Z,~ Bobby Burnand,Tuesday,19,
5351,07/10/2025,20:01:40,2025-10-07T19:01:40.000Z,‪+44 7507 750437‬,Tuesday,20,
5352,07/10/2025,20:03:22,2025-10-07T19:03:22.000Z,Jakey Breen,Tuesday,20,
5353,07/10/2025,20:05:59,2025-10-07T19:05:59.000Z,Caitlin Driscoll,Tuesday,20,
5354,07/10/2025,20:11:02,2025-10-07T19:11:02.000Z,~ Connor,Tuesday,20,
5355,07/10/2025,21:23:23,2025-10-07T20:23:23.000Z,Jakey Breen,Tuesday,21,
5356,07/10/2025,22:27:19,2025-10-07T21:27:19.000Z,Jakey Breen,Tuesday,22,
5357,08/10/2025,08:53:25,2025-10-08T07:53:25.000Z,Georgia Jones,Wednesday,8,
5358,08/10/2025,09:27:36,2025-10-08T08:27:36.000Z,Georgia Jones,Wednesday,9,
5359,08/10/2025,09:50:08,2025-10-08T08:50:08.000Z,Georgia Jones,Wednesday,9,
5360,08/10/2025,11:01:59,2025-10-08T10:01:59.000Z,~ Will,Wednesday,11,
5361,08/10/2025,11:56:57,2025-10-08T10:56:57.000Z,Georgia Jones,Wednesday,11,
5362,08/10/2025,12:55:14,2025-10-08T11:55:14.000Z,Georgia Jones,Wednesday,12,
5363,08/10/2025,13:00:27,2025-10-08T12:00:27.000Z,~ Will,Wednesday,13,
5364,08/10/2025,13:24:13,2025-10-08T12:24:13.000Z,Georgia Jones,Wednesday,13,
5365,08/10/2025,14:13:23,2025-10-08T13:13:23.000Z,Georgia Jones,Wednesday,14,
5366,08/10/2025,14:21:00,2025-10-08T13:21:00.000Z,~ Will,Wednesday,14,
5367,08/10/2025,14:44:14,2025-10-08T13:44:14.000Z,‪+44 7575 893993‬,Wednesday,14,
5368,08/10/2025,17:06:51,2025-10-08T16:06:51.000Z,~ Justin lewis,Wednesday,17,
5369,08/10/2025,17:27:44,2025-10-08T16:27:44.000Z,‪+44 7584 010583‬,Wednesday,17,
5370,08/10/2025,17:41:20,2025-10-08T16:41:20.000Z,~ Ellis P,Wednesday,17,
5371,08/10/2025,18:06:48,2025-10-08T17:06:48.000Z,~ Ellis P,Wednesday,18,
5372,08/10/2025,18:12:02,2025-10-08T17:12:02.000Z,‪+44 7912 055406‬,Wednesday,18,
5373,08/10/2025,18:40:22,2025-10-08T17:40:22.000Z,~ Ellis P,Wednesday,18,
5374,08/10/2025,18:41:03,2025-10-08T17:41:03.000Z,‪+44 7469 711068‬,Wednesday,18,
5375,08/10/2025,18:51:17,2025-10-08T17:51:17.000Z,‪+44 7912 055406‬,Wednesday,18,
5376,08/10/2025,19:25:34,2025-10-08T18:25:34.000Z,~ Seann,Wednesday,19,
5377,08/10/2025,19:34:14,2025-10-08T18:34:14.000Z,‪+44 7912 055406‬,Wednesday,19,
5378,08/10/2025,19:34:57,2025-10-08T18:34:57.000Z,~ Ellis P,Wednesday,19,
5379,08/10/2025,20:25:28,2025-10-08T19:25:28.000Z,‪+44 7863 964020‬,Wednesday,20,
5380,08/10/2025,20:53:58,2025-10-08T19:53:58.000Z,~ Nigel,Wednesday,20,
5381,08/10/2025,20:57:19,2025-10-08T19:57:19.000Z,~ Camron Calder,Wednesday,20,
5382,08/10/2025,21:08:40,2025-10-08T20:08:40.000Z,~ Camron Calder,Wednesday,21,
5383,08/10/2025,21:15:09,2025-10-08T20:15:09.000Z,Bella Cain,Wednesday,21,
5384,08/10/2025,22:10:00,2025-10-08T21:10:00.000Z,~ Camron Calder,Wednesday,22,
5385,08/10/2025,22:38:22,2025-10-08T21:38:22.000Z,~ Justin lewis,Wednesday,22,
5386,08/10/2025,22:39:21,2025-10-08T21:39:21.000Z,~ Ted Lyall,Wednesday,22,
5387,08/10/2025,23:02:15,2025-10-08T22:02:15.000Z,‪+44 7545 272965‬,Wednesday,23,
5388,09/10/2025,05:16:59,2025-10-09T04:16:59.000Z,‪+353 87 298 5545‬,Thursday,5,
5389,09/10/2025,05:33:20,2025-10-09T04:33:20.000Z,‪+353 83 351 0742‬,Thursday,5,
5390,09/10/2025,11:07:51,2025-10-09T10:07:51.000Z,~ Elliot Tawney,Thursday,11,
5391,09/10/2025,12:19:40,2025-10-09T11:19:40.000Z,‪+353 87 708 6763‬,Thursday,12,
5392,09/10/2025,14:01:20,2025-10-09T13:01:20.000Z,~ Ellis P,Thursday,14,
5393,09/10/2025,14:34:45,2025-10-09T13:34:45.000Z,‪+353 87 298 5545‬,Thursday,14,
5394,09/10/2025,14:35:13,2025-10-09T13:35:13.000Z,~ Ellis P,Thursday,14,
5395,09/10/2025,14:38:36,2025-10-09T13:38:36.000Z,Indie Driscoll,Thursday,14,
5396,09/10/2025,15:03:20,2025-10-09T14:03:20.000Z,~ Adam Warren,Thursday,15,
5397,09/10/2025,16:00:39,2025-10-09T15:00:39.000Z,Indie Driscoll,Thursday,16,
5398,09/10/2025,16:01:57,2025-10-09T15:01:57.000Z,~ Adam Warren,Thursday,16,
5399,09/10/2025,16:10:44,2025-10-09T15:10:44.000Z,‪+44 7770 870937‬,Thursday,16,
5400,09/10/2025,16:43:51,2025-10-09T15:43:51.000Z,Bella Cain,Thursday,16,
5401,09/10/2025,16:56:29,2025-10-09T15:56:29.000Z,~ Lydia Rickard,Thursday,16,
5402,09/10/2025,17:01:02,2025-10-09T16:01:02.000Z,~ Oliver,Thursday,17,
5403,09/10/2025,17:07:40,2025-10-09T16:07:40.000Z,‪+44 7770 870937‬,Thursday,17,
5404,09/10/2025,18:20:56,2025-10-09T17:20:56.000Z,‪+44 7866 473345‬,Thursday,18,
5405,09/10/2025,18:26:10,2025-10-09T17:26:10.000Z,‪+44 7841 435308‬,Thursday,18,
5406,09/10/2025,18:31:07,2025-10-09T17:31:07.000Z,~ Emma Henderson,Thursday,18,
5407,09/10/2025,18:34:01,2025-10-09T17:34:01.000Z,Jakey Breen,Thursday,18,
5408,09/10/2025,18:36:57,2025-10-09T17:36:57.000Z,‪+44 7545 272965‬,Thursday,18,
5409,09/10/2025,18:37:00,2025-10-09T17:37:00.000Z,~ Nigel,Thursday,18,
5410,09/10/2025,18:47:30,2025-10-09T17:47:30.000Z,~ Adam Gaynor,Thursday,18,
5411,09/10/2025,19:00:18,2025-10-09T18:00:18.000Z,‪+44 7545 272965‬,Thursday,19,
5412,09/10/2025,19:03:30,2025-10-09T18:03:30.000Z,~ George Smith,Thursday,19,
5413,09/10/2025,19:09:02,2025-10-09T18:09:02.000Z,~ George,Thursday,19,
5414,09/10/2025,19:28:30,2025-10-09T18:28:30.000Z,~ Baskew,Thursday,19,
5415,09/10/2025,19:34:38,2025-10-09T18:34:38.000Z,~ Griff,Thursday,19,
5416,09/10/2025,19:36:04,2025-10-09T18:36:04.000Z,~ Ellis P,Thursday,19,
5417,09/10/2025,19:36:22,2025-10-09T18:36:22.000Z,~ Camron Calder,Thursday,19,
5418,09/10/2025,19:47:43,2025-10-09T18:47:43.000Z,~ Baskew,Thursday,19,
5419,09/10/2025,19:52:21,2025-10-09T18:52:21.000Z,‪+44 7545 272965‬,Thursday,19,
5420,09/10/2025,19:52:48,2025-10-09T18:52:48.000Z,~ George Smith,Thursday,19,
5421,09/10/2025,19:55:27,2025-10-09T18:55:27.000Z,Shay,Thursday,19,
5422,09/10/2025,20:09:51,2025-10-09T19:09:51.000Z,‪+353 87 298 5545‬,Thursday,20,
5423,09/10/2025,20:10:59,2025-10-09T19:10:59.000Z,~ Bobby Burnand,Thursday,20,
5424,09/10/2025,20:11:20,2025-10-09T19:11:20.000Z,~ Baskew,Thursday,20,
5425,09/10/2025,20:20:16,2025-10-09T19:20:16.000Z,~ George Smith,Thursday,20,
5426,09/10/2025,20:31:36,2025-10-09T19:31:36.000Z,‪+44 7792 356378‬,Thursday,20,
5427,09/10/2025,20:34:39,2025-10-09T19:34:39.000Z,‪+44 7545 272965‬,Thursday,20,
5428,09/10/2025,20:40:00,2025-10-09T19:40:00.000Z,Shay,Thursday,20,
5429,09/10/2025,20:41:05,2025-10-09T19:41:05.000Z,~ George Smith,Thursday,20,
5430,09/10/2025,20:50:55,2025-10-09T19:50:55.000Z,~ Zacc,Thursday,20,
5431,09/10/2025,21:11:12,2025-10-09T20:11:12.000Z,‪+44 7545 272965‬,Thursday,21,
5432,09/10/2025,21:16:57,2025-10-09T20:16:57.000Z,~ Sam Ross,Thursday,21,
5433,09/10/2025,21:19:01,2025-10-09T20:19:01.000Z,‪+353 83 351 0742‬,Thursday,21,
5434,09/10/2025,21:25:31,2025-10-09T20:25:31.000Z,~ Lauryn,Thursday,21,
5435,09/10/2025,21:31:13,2025-10-09T20:31:13.000Z,~ Ted Lyall,Thursday,21,
5436,09/10/2025,21:31:36,2025-10-09T20:31:36.000Z,‪+44 7469 711068‬,Thursday,21,
5437,09/10/2025,21:36:59,2025-10-09T20:36:59.000Z,‪+44 7765 952736‬,Thursday,21,
5438,09/10/2025,21:40:24,2025-10-09T20:40:24.000Z,‪+353 83 351 0742‬,Thursday,21,
5439,09/10/2025,21:40:47,2025-10-09T20:40:47.000Z,~ Zacc,Thursday,21,
5440,09/10/2025,21:48:55,2025-10-09T20:48:55.000Z,‪+44 7545 272965‬,Thursday,21,
5441,09/10/2025,22:07:49,2025-10-09T21:07:49.000Z,‪+353 87 708 6763‬,Thursday,22,
5442,09/10/2025,22:08:05,2025-10-09T21:08:05.000Z,~ Zacc,Thursday,22,
5443,09/10/2025,22:15:19,2025-10-09T21:15:19.000Z,~ Lauryn,Thursday,22,
5444,09/10/2025,22:20:51,2025-10-09T21:20:51.000Z,~ Camron Calder,Thursday,22,
5445,09/10/2025,22:25:28,2025-10-09T21:25:28.000Z,~ George Smith,Thursday,22,
5446,09/10/2025,22:37:18,2025-10-09T21:37:18.000Z,‪+44 7447 044940‬,Thursday,22,
5447,09/10/2025,22:37:19,2025-10-09T21:37:19.000Z,‪+44 7447 044940‬,Thursday,22,
5448,09/10/2025,22:55:31,2025-10-09T21:55:31.000Z,‪+353 87 298 5545‬,Thursday,22,
5449,09/10/2025,23:08:29,2025-10-09T22:08:29.000Z,‪+44 7545 272965‬,Thursday,23,
5450,09/10/2025,23:16:34,2025-10-09T22:16:34.000Z,~ George Smith,Thursday,23,
5451,09/10/2025,23:28:01,2025-10-09T22:28:01.000Z,‪+353 83 351 0742‬,Thursday,23,
5452,09/10/2025,23:55:00,2025-10-09T22:55:00.000Z,~ Gary,Thursday,23,
5453,10/10/2025,00:07:37,2025-10-09T23:07:37.000Z,‪+353 83 351 0742‬,Friday,0,
5454,10/10/2025,00:14:03,2025-10-09T23:14:03.000Z,‪+44 7765 952736‬,Friday,0,
5455,10/10/2025,00:42:10,2025-10-09T23:42:10.000Z,~ Ted Lyall,Friday,0,
5456,10/10/2025,00:44:43,2025-10-09T23:44:43.000Z,‪+44 7792 356378‬,Friday,0,
5457,10/10/2025,00:48:34,2025-10-09T23:48:34.000Z,‪+353 83 351 0742‬,Friday,0,
5458,10/10/2025,01:02:57,2025-10-10T00:02:57.000Z,‪+44 7545 272965‬,Friday,1,
5459,10/10/2025,01:21:07,2025-10-10T00:21:07.000Z,‪+44 7765 952736‬,Friday,1,
5460,10/10/2025,01:23:02,2025-10-10T00:23:02.000Z,‪+353 87 708 6763‬,Friday,1,
5461,10/10/2025,02:15:17,2025-10-10T01:15:17.000Z,~ Lauryn,Friday,2,
5462,10/10/2025,12:36:32,2025-10-10T11:36:32.000Z,~ Jordan Newman,Friday,12,
5463,10/10/2025,12:42:17,2025-10-10T11:42:17.000Z,~ Dylan,Friday,12,
5464,10/10/2025,13:51:09,2025-10-10T12:51:09.000Z,‪+353 83 399 5092‬,Friday,13,
5465,10/10/2025,14:15:24,2025-10-10T13:15:24.000Z,‪+353 86 733 5009‬,Friday,14,
5466,10/10/2025,14:28:11,2025-10-10T13:28:11.000Z,‪+44 7447 044940‬,Friday,14,
5467,10/10/2025,14:28:13,2025-10-10T13:28:13.000Z,‪+44 7447 044940‬,Friday,14,
5468,10/10/2025,14:42:45,2025-10-10T13:42:45.000Z,~ Callum Dott,Friday,14,
5469,10/10/2025,15:01:54,2025-10-10T14:01:54.000Z,~ Oliver,Friday,15,
5470,10/10/2025,15:08:24,2025-10-10T14:08:24.000Z,‪+44 7770 870937‬,Friday,15,
5471,10/10/2025,15:26:13,2025-10-10T14:26:13.000Z,‪+353 87 298 5545‬,Friday,15,
5472,10/10/2025,15:39:30,2025-10-10T14:39:30.000Z,‪+44 7447 044940‬,Friday,15,
5473,10/10/2025,15:39:32,2025-10-10T14:39:32.000Z,‪+44 7447 044940‬,Friday,15,
5474,10/10/2025,16:06:57,2025-10-10T15:06:57.000Z,‪+61 434 484 556‬,Friday,16,
5475,10/10/2025,16:32:06,2025-10-10T15:32:06.000Z,‪+44 7447 044940‬,Friday,16,
5476,10/10/2025,16:32:08,2025-10-10T15:32:08.000Z,‪+44 7447 044940‬,Friday,16,
5477,10/10/2025,16:33:29,2025-10-10T15:33:29.000Z,~ Maeve,Friday,16,
5478,10/10/2025,16:48:38,2025-10-10T15:48:38.000Z,~ Nigel,Friday,16,
5479,10/10/2025,17:05:16,2025-10-10T16:05:16.000Z,~ Sam Ross,Friday,17,
5480,10/10/2025,17:12:56,2025-10-10T16:12:56.000Z,~ Alex Moore,Friday,17,
5481,10/10/2025,17:14:18,2025-10-10T16:14:18.000Z,‪+353 85 131 0610‬,Friday,17,
5482,10/10/2025,17:21:18,2025-10-10T16:21:18.000Z,~ Maeve,Friday,17,
5483,10/10/2025,17:28:46,2025-10-10T16:28:46.000Z,~ Harry,Friday,17,
5484,10/10/2025,17:39:01,2025-10-10T16:39:01.000Z,~ Max Evans,Friday,17,
5485,10/10/2025,17:41:00,2025-10-10T16:41:00.000Z,~ Jordan,Friday,17,
5486,10/10/2025,17:41:40,2025-10-10T16:41:40.000Z,‪+353 86 733 5009‬,Friday,17,
5487,10/10/2025,17:42:06,2025-10-10T16:42:06.000Z,~ Alex Moore,Friday,17,
5488,10/10/2025,17:48:50,2025-10-10T16:48:50.000Z,~ Dylan,Friday,17,
5489,10/10/2025,17:52:33,2025-10-10T16:52:33.000Z,~ Jamie,Friday,17,
5490,10/10/2025,17:53:15,2025-10-10T16:53:15.000Z,‪+44 7866 473345‬,Friday,17,
5491,10/10/2025,17:55:01,2025-10-10T16:55:01.000Z,‪+44 7812 135369‬,Friday,17,
5492,10/10/2025,17:57:10,2025-10-10T16:57:10.000Z,~ Max Evans,Friday,17,
5493,10/10/2025,17:59:18,2025-10-10T16:59:18.000Z,‪+44 7863 964020‬,Friday,17,
5494,10/10/2025,18:10:07,2025-10-10T17:10:07.000Z,‪+44 7866 473345‬,Friday,18,
5495,10/10/2025,18:11:56,2025-10-10T17:11:56.000Z,~ Brett,Friday,18,
5496,10/10/2025,18:15:37,2025-10-10T17:15:37.000Z,~ Sam Ross,Friday,18,
5497,10/10/2025,18:19:12,2025-10-10T17:19:12.000Z,~ Max Evans,Friday,18,
5498,10/10/2025,18:24:02,2025-10-10T17:24:02.000Z,Annabel Anderson,Friday,18,
5499,10/10/2025,18:30:17,2025-10-10T17:30:17.000Z,~ Jamie,Friday,18,
5500,10/10/2025,18:31:11,2025-10-10T17:31:11.000Z,‪+353 87 298 5545‬,Friday,18,
5501,10/10/2025,18:33:41,2025-10-10T17:33:41.000Z,~ Alex Moore,Friday,18,
5502,10/10/2025,18:38:41,2025-10-10T17:38:41.000Z,~ Brett,Friday,18,
5503,10/10/2025,18:41:54,2025-10-10T17:41:54.000Z,‪+353 83 351 0742‬,Friday,18,
5504,10/10/2025,18:42:32,2025-10-10T17:42:32.000Z,‪+44 7866 473345‬,Friday,18,
5505,10/10/2025,18:45:57,2025-10-10T17:45:57.000Z,Anya Trevor-Palleres,Friday,18,
5506,10/10/2025,18:46:34,2025-10-10T17:46:34.000Z,Jakey Breen,Friday,18,
5507,10/10/2025,18:47:42,2025-10-10T17:47:42.000Z,~ Baskew,Friday,18,
5508,10/10/2025,18:59:44,2025-10-10T17:59:44.000Z,~ Jordan,Friday,18,
5509,10/10/2025,19:06:48,2025-10-10T18:06:48.000Z,‪+44 7863 964020‬,Friday,19,
5510,10/10/2025,19:10:32,2025-10-10T18:10:32.000Z,‪+44 7866 473345‬,Friday,19,
5511,10/10/2025,19:31:44,2025-10-10T18:31:44.000Z,Annabel Anderson,Friday,19,
5512,10/10/2025,19:41:34,2025-10-10T18:41:34.000Z,~ Harry,Friday,19,
5513,10/10/2025,19:43:33,2025-10-10T18:43:33.000Z,‪+44 7841 435308‬,Friday,19,
5514,10/10/2025,19:52:08,2025-10-10T18:52:08.000Z,~ Jake Rooney,Friday,19,
5515,10/10/2025,20:01:07,2025-10-10T19:01:07.000Z,‪+353 87 298 5545‬,Friday,20,
5516,10/10/2025,20:01:28,2025-10-10T19:01:28.000Z,‪+353 83 351 0742‬,Friday,20,
5517,10/10/2025,20:37:30,2025-10-10T19:37:30.000Z,Hannah Page,Friday,20,
5518,10/10/2025,20:47:18,2025-10-10T19:47:18.000Z,‪+44 7770 870937‬,Friday,20,
5519,10/10/2025,20:47:51,2025-10-10T19:47:51.000Z,~ Harry,Friday,20,
5520,10/10/2025,21:02:46,2025-10-10T20:02:46.000Z,~ Baskew,Friday,21,
5521,10/10/2025,21:23:27,2025-10-10T20:23:27.000Z,‪+353 83 123 9003‬,Friday,21,
5522,10/10/2025,21:24:21,2025-10-10T20:24:21.000Z,Jakey Breen,Friday,21,
5523,10/10/2025,21:26:24,2025-10-10T20:26:24.000Z,‪+353 83 351 0742‬,Friday,21,
5524,10/10/2025,21:32:07,2025-10-10T20:32:07.000Z,~ Sean,Friday,21,
5525,10/10/2025,21:43:49,2025-10-10T20:43:49.000Z,Caitlin Driscoll,Friday,21,
5526,10/10/2025,21:48:35,2025-10-10T20:48:35.000Z,‪+44 7736 800692‬,Friday,21,
5527,10/10/2025,21:48:36,2025-10-10T20:48:36.000Z,Shay,Friday,21,
5528,10/10/2025,21:52:22,2025-10-10T20:52:22.000Z,‪+353 87 298 5545‬,Friday,21,
5529,10/10/2025,21:59:09,2025-10-10T20:59:09.000Z,~ Gary,Friday,21,
5530,10/10/2025,21:59:20,2025-10-10T20:59:20.000Z,‪+44 7465 750405‬,Friday,21,
5531,10/10/2025,22:10:35,2025-10-10T21:10:35.000Z,Indie Driscoll,Friday,22,
5532,10/10/2025,22:14:26,2025-10-10T21:14:26.000Z,‪+353 87 708 6763‬,Friday,22,
5533,10/10/2025,22:33:55,2025-10-10T21:33:55.000Z,‪+353 83 123 9003‬,Friday,22,
5534,10/10/2025,22:36:16,2025-10-10T21:36:16.000Z,‪+44 7709 244161‬,Friday,22,
5535,10/10/2025,22:44:28,2025-10-10T21:44:28.000Z,‪+353 87 298 5545‬,Friday,22,
5536,10/10/2025,23:27:23,2025-10-10T22:27:23.000Z,‪+353 83 351 0742‬,Friday,23,
5537,11/10/2025,00:06:12,2025-10-10T23:06:12.000Z,‪+353 83 351 0742‬,Saturday,0,
5538,11/10/2025,00:25:38,2025-10-10T23:25:38.000Z,~ Baskew,Saturday,0,
5539,11/10/2025,00:30:03,2025-10-10T23:30:03.000Z,Eleanor Cowell,Saturday,0,
5540,11/10/2025,00:42:13,2025-10-10T23:42:13.000Z,‪+353 83 351 0742‬,Saturday,0,
5541,11/10/2025,01:17:23,2025-10-11T00:17:23.000Z,‪+353 83 351 0742‬,Saturday,1,
5542,11/10/2025,01:45:13,2025-10-11T00:45:13.000Z,~ Sean,Saturday,1,
5543,11/10/2025,01:50:32,2025-10-11T00:50:32.000Z,‪+353 83 351 0742‬,Saturday,1,
5544,11/10/2025,01:55:30,2025-10-11T00:55:30.000Z,‪+353 83 123 9003‬,Saturday,1,
5545,11/10/2025,02:09:24,2025-10-11T01:09:24.000Z,Hannah Page,Saturday,2,
5546,11/10/2025,02:12:54,2025-10-11T01:12:54.000Z,‪+353 83 123 9003‬,Saturday,2,
5547,11/10/2025,02:28:29,2025-10-11T01:28:29.000Z,‪+353 83 351 0742‬,Saturday,2,
5548,11/10/2025,02:34:51,2025-10-11T01:34:51.000Z,‪+353 83 351 0742‬,Saturday,2,
5549,11/10/2025,02:47:36,2025-10-11T01:47:36.000Z,~ Zacc,Saturday,2,
5550,11/10/2025,02:51:12,2025-10-11T01:51:12.000Z,‪+353 83 351 0742‬,Saturday,2,
5551,11/10/2025,02:58:41,2025-10-11T01:58:41.000Z,~ Baskew,Saturday,2,
5552,11/10/2025,03:38:15,2025-10-11T02:38:15.000Z,‪+353 83 351 0742‬,Saturday,3,
5553,11/10/2025,09:11:03,2025-10-11T08:11:03.000Z,Georgia Jones,Saturday,9,
5554,11/10/2025,09:39:24,2025-10-11T08:39:24.000Z,Georgia Jones,Saturday,9,
5555,11/10/2025,10:58:03,2025-10-11T09:58:03.000Z,‪+44 7866 473345‬,Saturday,10,
5556,11/10/2025,11:03:22,2025-10-11T10:03:22.000Z,~ Alex Moore,Saturday,11,
5557,11/10/2025,11:43:54,2025-10-11T10:43:54.000Z,‪+353 85 131 0610‬,Saturday,11,
5558,11/10/2025,11:55:51,2025-10-11T10:55:51.000Z,‪+353 83 399 5092‬,Saturday,11,
5559,11/10/2025,12:12:03,2025-10-11T11:12:03.000Z,Georgia Jones,Saturday,12,
5560,11/10/2025,12:12:08,2025-10-11T11:12:08.000Z,Georgia Jones,Saturday,12,
5561,11/10/2025,12:17:20,2025-10-11T11:17:20.000Z,~ Ellis P,Saturday,12,
5562,11/10/2025,12:41:11,2025-10-11T11:41:11.000Z,‪+44 7920 557225‬,Saturday,12,
5563,11/10/2025,13:51:41,2025-10-11T12:51:41.000Z,‪+44 7765 952736‬,Saturday,13,
5564,11/10/2025,13:51:51,2025-10-11T12:51:51.000Z,‪+44 7765 952736‬,Saturday,13,
5565,11/10/2025,13:55:29,2025-10-11T12:55:29.000Z,Annabel Anderson,Saturday,13,
5566,11/10/2025,14:03:42,2025-10-11T13:03:42.000Z,‪+44 7845 249214‬,Saturday,14,
5567,11/10/2025,14:26:57,2025-10-11T13:26:57.000Z,~ Camron Calder,Saturday,14,
5568,11/10/2025,14:30:54,2025-10-11T13:30:54.000Z,‪+353 87 298 5545‬,Saturday,14,
5569,11/10/2025,14:43:39,2025-10-11T13:43:39.000Z,‪+353 83 351 0742‬,Saturday,14,
5570,11/10/2025,15:08:03,2025-10-11T14:08:03.000Z,Cahill,Saturday,15,
5571,11/10/2025,15:16:50,2025-10-11T14:16:50.000Z,~ Camron Calder,Saturday,15,
5572,11/10/2025,15:21:45,2025-10-11T14:21:45.000Z,‪+353 83 351 0742‬,Saturday,15,
5573,11/10/2025,15:42:50,2025-10-11T14:42:50.000Z,Shay,Saturday,15,
5574,11/10/2025,15:43:55,2025-10-11T14:43:55.000Z,Jakey Breen,Saturday,15,
5575,11/10/2025,15:48:30,2025-10-11T14:48:30.000Z,Cahill,Saturday,15,
5576,11/10/2025,15:49:32,2025-10-11T14:49:32.000Z,‪+44 7501 062670‬,Saturday,15,
5577,11/10/2025,16:07:45,2025-10-11T15:07:45.000Z,‪+353 86 733 5009‬,Saturday,16,
5578,11/10/2025,16:25:20,2025-10-11T15:25:20.000Z,~ Emma Henderson,Saturday,16,
5579,11/10/2025,16:38:49,2025-10-11T15:38:49.000Z,Bella Cain,Saturday,16,
5580,11/10/2025,17:04:25,2025-10-11T16:04:25.000Z,~ Alex Moore,Saturday,17,
5581,11/10/2025,17:07:02,2025-10-11T16:07:02.000Z,‪+353 83 351 0742‬,Saturday,17,
5582,11/10/2025,17:11:28,2025-10-11T16:11:28.000Z,Bella Cain,Saturday,17,
5583,11/10/2025,17:11:54,2025-10-11T16:11:54.000Z,~ George Smith,Saturday,17,
5584,11/10/2025,17:12:09,2025-10-11T16:12:09.000Z,Abby Khalifeh,Saturday,17,
5585,11/10/2025,17:13:44,2025-10-11T16:13:44.000Z,‪+44 7503 572945‬,Saturday,17,
5586,11/10/2025,17:32:07,2025-10-11T16:32:07.000Z,~ Daniel Brown,Saturday,17,
5587,11/10/2025,17:33:58,2025-10-11T16:33:58.000Z,‪+44 7447 044940‬,Saturday,17,
5588,11/10/2025,17:33:59,2025-10-11T16:33:59.000Z,‪+44 7447 044940‬,Saturday,17,
5589,11/10/2025,17:40:25,2025-10-11T16:40:25.000Z,‪+353 83 351 0742‬,Saturday,17,
5590,11/10/2025,17:49:37,2025-10-11T16:49:37.000Z,~ Jordan Newman,Saturday,17,
5591,11/10/2025,17:58:48,2025-10-11T16:58:48.000Z,~ Oscar,Saturday,17,
5592,11/10/2025,17:58:56,2025-10-11T16:58:56.000Z,‪+44 7866 473345‬,Saturday,17,
5593,11/10/2025,18:03:11,2025-10-11T17:03:11.000Z,‪+44 7592 162582‬,Saturday,18,
5594,11/10/2025,18:03:37,2025-10-11T17:03:37.000Z,‪+44 7465 750405‬,Saturday,18,
5595,11/10/2025,18:14:33,2025-10-11T17:14:33.000Z,‪+353 83 351 0742‬,Saturday,18,
5596,11/10/2025,18:16:22,2025-10-11T17:16:22.000Z,‪+44 7545 272965‬,Saturday,18,
5597,11/10/2025,18:18:03,2025-10-11T17:18:03.000Z,Shay,Saturday,18,
5598,11/10/2025,18:25:47,2025-10-11T17:25:47.000Z,~ Daniel Brown,Saturday,18,
5599,11/10/2025,18:29:33,2025-10-11T17:29:33.000Z,Conall Caverly,Saturday,18,
5600,11/10/2025,18:30:00,2025-10-11T17:30:00.000Z,~ George Smith,Saturday,18,
5601,11/10/2025,18:31:06,2025-10-11T17:31:06.000Z,~ George,Saturday,18,
5602,11/10/2025,18:33:22,2025-10-11T17:33:22.000Z,~ Brett,Saturday,18,
5603,11/10/2025,18:33:30,2025-10-11T17:33:30.000Z,‪+44 7949 001024‬,Saturday,18,
5604,11/10/2025,18:33:31,2025-10-11T17:33:31.000Z,‪+44 7863 964020‬,Saturday,18,
5605,11/10/2025,18:42:22,2025-10-11T17:42:22.000Z,~ Camron Calder,Saturday,18,
5606,11/10/2025,18:44:16,2025-10-11T17:44:16.000Z,~ Andrew Steele,Saturday,18,
5607,11/10/2025,18:45:16,2025-10-11T17:45:16.000Z,~ Callum Dott,Saturday,18,
5608,11/10/2025,18:47:17,2025-10-11T17:47:17.000Z,~ Oscar,Saturday,18,
5609,11/10/2025,18:52:49,2025-10-11T17:52:49.000Z,‪+44 7545 272965‬,Saturday,18,
5610,11/10/2025,18:53:23,2025-10-11T17:53:23.000Z,‪+44 7465 750405‬,Saturday,18,
5611,11/10/2025,18:56:13,2025-10-11T17:56:13.000Z,‪+44 7884 017393‬,Saturday,18,
5612,11/10/2025,18:56:50,2025-10-11T17:56:50.000Z,~ Henry Pincott,Saturday,18,
5613,11/10/2025,19:00:10,2025-10-11T18:00:10.000Z,Shay,Saturday,19,
5614,11/10/2025,19:00:41,2025-10-11T18:00:41.000Z,‪+44 7503 572945‬,Saturday,19,
5615,11/10/2025,19:06:21,2025-10-11T18:06:21.000Z,Shay,Saturday,19,
5616,11/10/2025,19:07:30,2025-10-11T18:07:30.000Z,~ George Smith,Saturday,19,
5617,11/10/2025,19:10:10,2025-10-11T18:10:10.000Z,‪+44 7469 711068‬,Saturday,19,
5618,11/10/2025,19:12:00,2025-10-11T18:12:00.000Z,~ Brett,Saturday,19,
5619,11/10/2025,19:17:39,2025-10-11T18:17:39.000Z,~ Ellis P,Saturday,19,
5620,11/10/2025,19:19:22,2025-10-11T18:19:22.000Z,Abby Khalifeh,Saturday,19,
5621,11/10/2025,19:26:02,2025-10-11T18:26:02.000Z,~ Harry,Saturday,19,
5622,11/10/2025,19:39:37,2025-10-11T18:39:37.000Z,~ Callum Dott,Saturday,19,
5623,11/10/2025,19:54:22,2025-10-11T18:54:22.000Z,~ Brett,Saturday,19,
5624,11/10/2025,19:56:06,2025-10-11T18:56:06.000Z,~ Ellis P,Saturday,19,
5625,11/10/2025,20:06:04,2025-10-11T19:06:04.000Z,~ Seann,Saturday,20,
5626,11/10/2025,20:06:58,2025-10-11T19:06:58.000Z,~ Lauryn,Saturday,20,
5627,11/10/2025,20:14:19,2025-10-11T19:14:19.000Z,~ Emma Henderson,Saturday,20,
5628,11/10/2025,20:20:14,2025-10-11T19:20:14.000Z,~ Seann,Saturday,20,
5629,11/10/2025,20:29:58,2025-10-11T19:29:58.000Z,~ Connor,Saturday,20,
5630,11/10/2025,20:34:09,2025-10-11T19:34:09.000Z,Caitlin Driscoll,Saturday,20,
5631,11/10/2025,20:35:20,2025-10-11T19:35:20.000Z,~ Harry,Saturday,20,
5632,11/10/2025,20:38:48,2025-10-11T19:38:48.000Z,‪+44 7860 235919‬,Saturday,20,
5633,11/10/2025,20:44:45,2025-10-11T19:44:45.000Z,~ Ross,Saturday,20,
5634,11/10/2025,20:45:43,2025-10-11T19:45:43.000Z,‪+44 7866 473345‬,Saturday,20,
5635,11/10/2025,20:47:49,2025-10-11T19:47:49.000Z,~ George Smith,Saturday,20,
5636,11/10/2025,20:49:40,2025-10-11T19:49:40.000Z,~ Lauryn,Saturday,20,
5637,11/10/2025,20:51:20,2025-10-11T19:51:20.000Z,Shay,Saturday,20,
5638,11/10/2025,21:00:44,2025-10-11T20:00:44.000Z,~ Corny,Saturday,21,
5639,11/10/2025,21:03:27,2025-10-11T20:03:27.000Z,~ Brett,Saturday,21,
5640,11/10/2025,21:14:02,2025-10-11T20:14:02.000Z,‪+44 7503 572945‬,Saturday,21,
5641,11/10/2025,21:17:29,2025-10-11T20:17:29.000Z,~ Dan Dolderson,Saturday,21,
5642,11/10/2025,21:25:31,2025-10-11T20:25:31.000Z,~ Emma Henderson,Saturday,21,
5643,11/10/2025,21:26:58,2025-10-11T20:26:58.000Z,~ George Smith,Saturday,21,
5644,11/10/2025,21:29:29,2025-10-11T20:29:29.000Z,~ Oliver Graham,Saturday,21,
5645,11/10/2025,21:29:32,2025-10-11T20:29:32.000Z,~ Oliver Graham,Saturday,21,
5646,11/10/2025,21:32:25,2025-10-11T20:32:25.000Z,‪+44 7736 800692‬,Saturday,21,
5647,11/10/2025,21:33:45,2025-10-11T20:33:45.000Z,Abby Khalifeh,Saturday,21,
5648,11/10/2025,21:37:56,2025-10-11T20:37:56.000Z,~ Lauryn,Saturday,21,
5649,11/10/2025,21:50:26,2025-10-11T20:50:26.000Z,~ George Smith,Saturday,21,
5650,11/10/2025,21:55:42,2025-10-11T20:55:42.000Z,‪+44 7465 750405‬,Saturday,21,
5651,11/10/2025,22:01:51,2025-10-11T21:01:51.000Z,~ Dan Dolderson,Saturday,22,
5652,11/10/2025,22:02:17,2025-10-11T21:02:17.000Z,Caitlin Driscoll,Saturday,22,
5653,11/10/2025,22:02:28,2025-10-11T21:02:28.000Z,~ Ellis P,Saturday,22,
5654,11/10/2025,22:11:48,2025-10-11T21:11:48.000Z,~ Jamie,Saturday,22,
5655,11/10/2025,22:14:48,2025-10-11T21:14:48.000Z,~ Lauryn,Saturday,22,
5656,11/10/2025,22:18:03,2025-10-11T21:18:03.000Z,‪+44 7545 272965‬,Saturday,22,
5657,11/10/2025,22:19:02,2025-10-11T21:19:02.000Z,‪+44 7863 563045‬,Saturday,22,
5658,11/10/2025,22:23:54,2025-10-11T21:23:54.000Z,~ Ross,Saturday,22,
5659,11/10/2025,22:38:47,2025-10-11T21:38:47.000Z,Abby Khalifeh,Saturday,22,
5660,11/10/2025,22:45:46,2025-10-11T21:45:46.000Z,~ Adam RM,Saturday,22,
5661,11/10/2025,22:52:13,2025-10-11T21:52:13.000Z,~ Dan Dolderson,Saturday,22,
5662,11/10/2025,22:55:28,2025-10-11T21:55:28.000Z,~ Lauryn,Saturday,22,
5663,11/10/2025,23:16:48,2025-10-11T22:16:48.000Z,‪+44 7985 296947‬,Saturday,23,
5664,11/10/2025,23:19:53,2025-10-11T22:19:53.000Z,Eleanor Cowell,Saturday,23,
5665,11/10/2025,23:32:25,2025-10-11T22:32:25.000Z,Shay,Saturday,23,
5666,11/10/2025,23:34:15,2025-10-11T22:34:15.000Z,Caolán Walsh,Saturday,23,
5667,11/10/2025,23:57:53,2025-10-11T22:57:53.000Z,Caolán Walsh,Saturday,23,
5668,12/10/2025,00:14:48,2025-10-11T23:14:48.000Z,~ Lauryn,Sunday,0,
5669,12/10/2025,00:28:31,2025-10-11T23:28:31.000Z,‪+44 7465 750405‬,Sunday,0,
5670,12/10/2025,00:35:53,2025-10-11T23:35:53.000Z,Caolán Walsh,Sunday,0,
5671,12/10/2025,01:07:52,2025-10-12T00:07:52.000Z,~ Lauryn,Sunday,1,
5672,12/10/2025,01:33:29,2025-10-12T00:33:29.000Z,Eleanor Cowell,Sunday,1,
5673,12/10/2025,01:36:12,2025-10-12T00:36:12.000Z,~ Ted Lyall,Sunday,1,
5674,12/10/2025,03:56:48,2025-10-12T02:56:48.000Z,~ Elliot Tawney,Sunday,3,
5675,12/10/2025,05:47:52,2025-10-12T04:47:52.000Z,~ Paul Sheridan,Sunday,5,
5676,12/10/2025,08:24:55,2025-10-12T07:24:55.000Z,~ Elliot Tawney,Sunday,8,
5677,12/10/2025,08:36:11,2025-10-12T07:36:11.000Z,~ Robyn,Sunday,8,
5678,12/10/2025,09:15:10,2025-10-12T08:15:10.000Z,~ James Sutton,Sunday,9,
5679,12/10/2025,10:39:22,2025-10-12T09:39:22.000Z,‪+44 7920 557225‬,Sunday,10,
5680,12/10/2025,12:05:06,2025-10-12T11:05:06.000Z,‪+44 7920 557225‬,Sunday,12,
5681,12/10/2025,12:23:10,2025-10-12T11:23:10.000Z,Annabel Anderson,Sunday,12,
5682,12/10/2025,12:36:00,2025-10-12T11:36:00.000Z,~ Ellis P,Sunday,12,
5683,12/10/2025,13:09:54,2025-10-12T12:09:54.000Z,~ Jon Rickard,Sunday,13,
5684,12/10/2025,13:22:56,2025-10-12T12:22:56.000Z,~ Jon Rickard,Sunday,13,
5685,12/10/2025,13:23:43,2025-10-12T12:23:43.000Z,~ Hugh,Sunday,13,
5686,12/10/2025,13:54:04,2025-10-12T12:54:04.000Z,‪+44 7795 574874‬,Sunday,13,
5687,12/10/2025,13:58:23,2025-10-12T12:58:23.000Z,~ Camron Calder,Sunday,13,
5688,12/10/2025,14:10:11,2025-10-12T13:10:11.000Z,~ Hugh,Sunday,14,
5689,12/10/2025,14:17:57,2025-10-12T13:17:57.000Z,‪+353 83 399 5092‬,Sunday,14,
5690,12/10/2025,14:39:58,2025-10-12T13:39:58.000Z,~ Jon Rickard,Sunday,14,
5691,12/10/2025,15:11:12,2025-10-12T14:11:12.000Z,~ Oliver Graham,Sunday,15,
5692,12/10/2025,15:11:55,2025-10-12T14:11:55.000Z,~ Henry Pincott,Sunday,15,
5693,12/10/2025,15:30:50,2025-10-12T14:30:50.000Z,~ Oliver,Sunday,15,
5694,12/10/2025,16:15:23,2025-10-12T15:15:23.000Z,~ Camron Calder,Sunday,16,
5695,12/10/2025,16:22:08,2025-10-12T15:22:08.000Z,Caolán Walsh,Sunday,16,
5696,12/10/2025,16:55:08,2025-10-12T15:55:08.000Z,~ Lloyd Graham,Sunday,16,
5697,12/10/2025,16:57:09,2025-10-12T15:57:09.000Z,‪+44 7858 014096‬,Sunday,16,
5698,12/10/2025,17:02:45,2025-10-12T16:02:45.000Z,‪+44 7912 055406‬,Sunday,17,
5699,12/10/2025,17:13:50,2025-10-12T16:13:50.000Z,‪+44 7845 249214‬,Sunday,17,
5700,12/10/2025,17:21:11,2025-10-12T16:21:11.000Z,~ Jon Rickard,Sunday,17,
5701,12/10/2025,17:48:43,2025-10-12T16:48:43.000Z,Flo Lewis,Sunday,17,
5702,12/10/2025,17:52:34,2025-10-12T16:52:34.000Z,Caolán Walsh,Sunday,17,
5703,12/10/2025,17:53:25,2025-10-12T16:53:25.000Z,Caitlin Driscoll,Sunday,17,
5704,12/10/2025,17:54:54,2025-10-12T16:54:54.000Z,~ Marcus Brienza,Sunday,17,
5705,12/10/2025,18:19:18,2025-10-12T17:19:18.000Z,~ Seann,Sunday,18,
5706,12/10/2025,18:20:32,2025-10-12T17:20:32.000Z,‪+44 7812 135369‬,Sunday,18,
5707,12/10/2025,18:28:22,2025-10-12T17:28:22.000Z,~ Justin lewis,Sunday,18,
5708,12/10/2025,18:35:50,2025-10-12T17:35:50.000Z,‪+44 7432 113713‬,Sunday,18,
5709,12/10/2025,19:17:29,2025-10-12T18:17:29.000Z,~ Adam Warren,Sunday,19,
5710,12/10/2025,19:25:03,2025-10-12T18:25:03.000Z,~ Paul Sheridan,Sunday,19,
5711,12/10/2025,19:35:21,2025-10-12T18:35:21.000Z,~ Adam Gaynor,Sunday,19,
5712,12/10/2025,20:03:03,2025-10-12T19:03:03.000Z,~ Ellis P,Sunday,20,
5713,12/10/2025,20:51:06,2025-10-12T19:51:06.000Z,~ Will Anderson,Sunday,20,
5714,12/10/2025,20:54:45,2025-10-12T19:54:45.000Z,‪+44 7469 711068‬,Sunday,20,
5715,13/10/2025,08:57:40,2025-10-13T07:57:40.000Z,Georgia Jones,Monday,8,
5716,13/10/2025,09:25:33,2025-10-13T08:25:33.000Z,Georgia Jones,Monday,9,
5717,13/10/2025,18:00:05,2025-10-13T17:00:05.000Z,~ Ben,Monday,18,
5718,13/10/2025,19:58:10,2025-10-13T18:58:10.000Z,~ Emma Henderson,Monday,19,
5719,14/10/2025,00:52:35,2025-10-13T23:52:35.000Z,Caolán Walsh,Tuesday,0,
5720,14/10/2025,12:37:51,2025-10-14T11:37:51.000Z,~ Hugh,Tuesday,12,
5721,14/10/2025,13:13:44,2025-10-14T12:13:44.000Z,~ Josh hudson,Tuesday,13,
5722,14/10/2025,16:04:48,2025-10-14T15:04:48.000Z,Caolán Walsh,Tuesday,16,
5723,14/10/2025,17:36:05,2025-10-14T16:36:05.000Z,~ Josh hudson,Tuesday,17,
5724,14/10/2025,18:13:30,2025-10-14T17:13:30.000Z,~ Sean,Tuesday,18,
5725,14/10/2025,19:23:29,2025-10-14T18:23:29.000Z,Shay,Tuesday,19,
5726,14/10/2025,19:26:55,2025-10-14T18:26:55.000Z,Annabel Anderson,Tuesday,19,
5727,14/10/2025,19:52:03,2025-10-14T18:52:03.000Z,Caolán Walsh,Tuesday,19,
5728,14/10/2025,20:06:36,2025-10-14T19:06:36.000Z,‪+44 7985 296947‬,Tuesday,20,
5729,14/10/2025,20:13:30,2025-10-14T19:13:30.000Z,~ Ruairi,Tuesday,20,
5730,14/10/2025,20:16:30,2025-10-14T19:16:30.000Z,~ Lucy Kavanagh,Tuesday,20,
5731,14/10/2025,20:17:52,2025-10-14T19:17:52.000Z,‪+353 89 238 4320‬,Tuesday,20,
5732,14/10/2025,20:24:49,2025-10-14T19:24:49.000Z,‪+44 7709 244161‬,Tuesday,20,
5733,14/10/2025,20:27:53,2025-10-14T19:27:53.000Z,‪+44 7710 989122‬,Tuesday,20,
5734,14/10/2025,20:27:54,2025-10-14T19:27:54.000Z,Flo Lewis,Tuesday,20,
5735,14/10/2025,20:28:46,2025-10-14T19:28:46.000Z,Mike Hope,Tuesday,20,
5736,14/10/2025,20:28:56,2025-10-14T19:28:56.000Z,‪+44 7941 376686‬,Tuesday,20,
5737,14/10/2025,20:29:28,2025-10-14T19:29:28.000Z,Caolán Walsh,Tuesday,20,
5738,14/10/2025,20:57:27,2025-10-14T19:57:27.000Z,‪+44 7985 296947‬,Tuesday,20,
5739,14/10/2025,21:58:28,2025-10-14T20:58:28.000Z,~ Cathal,Tuesday,21,
5740,14/10/2025,22:29:51,2025-10-14T21:29:51.000Z,~ Will Anderson,Tuesday,22,
5741,14/10/2025,22:31:37,2025-10-14T21:31:37.000Z,~ Harry MacKeogh,Tuesday,22,
5742,14/10/2025,23:11:19,2025-10-14T22:11:19.000Z,~ Lucy Kavanagh,Tuesday,23,
5743,14/10/2025,23:12:11,2025-10-14T22:12:11.000Z,‪+353 87 393 5544‬,Tuesday,23,
5744,14/10/2025,23:17:26,2025-10-14T22:17:26.000Z,‪+353 89 238 4320‬,Tuesday,23,
5745,15/10/2025,14:18:48,2025-10-15T13:18:48.000Z,‪+353 83 399 5092‬,Wednesday,14,
5746,15/10/2025,14:36:39,2025-10-15T13:36:39.000Z,~ Ellis P,Wednesday,14,
5747,15/10/2025,15:25:19,2025-10-15T14:25:19.000Z,~ Henry Pincott,Wednesday,15,
5748,15/10/2025,16:06:19,2025-10-15T15:06:19.000Z,~ Henry Pincott,Wednesday,16,
5749,15/10/2025,17:06:19,2025-10-15T16:06:19.000Z,~ Cathal,Wednesday,17,
5750,15/10/2025,17:07:57,2025-10-15T16:07:57.000Z,~ Lucy Kavanagh,Wednesday,17,
5751,15/10/2025,17:28:52,2025-10-15T16:28:52.000Z,~ Adam Gaynor,Wednesday,17,
5752,15/10/2025,17:55:16,2025-10-15T16:55:16.000Z,~ Riley Shoebridge,Wednesday,17,
5753,15/10/2025,18:08:43,2025-10-15T17:08:43.000Z,~ Jon Rickard,Wednesday,18,
5754,15/10/2025,18:38:23,2025-10-15T17:38:23.000Z,~ Brett,Wednesday,18,
5755,15/10/2025,18:44:45,2025-10-15T17:44:45.000Z,~ Oliver Graham,Wednesday,18,
5756,15/10/2025,18:44:48,2025-10-15T17:44:48.000Z,~ Oliver Graham,Wednesday,18,
5757,15/10/2025,18:45:33,2025-10-15T17:45:33.000Z,‪+353 85 729 3512‬,Wednesday,18,
5758,15/10/2025,18:49:34,2025-10-15T17:49:34.000Z,~ Lucy Kavanagh,Wednesday,18,
5759,15/10/2025,18:52:06,2025-10-15T17:52:06.000Z,~ Mark Wiszk,Wednesday,18,
5760,15/10/2025,19:04:47,2025-10-15T18:04:47.000Z,~ Brett,Wednesday,19,
5761,15/10/2025,19:05:20,2025-10-15T18:05:20.000Z,~ Adam Gaynor,Wednesday,19,
5762,15/10/2025,19:37:47,2025-10-15T18:37:47.000Z,~ Brett,Wednesday,19,
5763,15/10/2025,19:46:35,2025-10-15T18:46:35.000Z,~ Mark Wiszk,Wednesday,19,
5764,15/10/2025,19:52:08,2025-10-15T18:52:08.000Z,~ Daniel Hallam,Wednesday,19,
5765,15/10/2025,20:22:10,2025-10-15T19:22:10.000Z,~ Sean,Wednesday,20,
5766,15/10/2025,21:53:12,2025-10-15T20:53:12.000Z,‪+353 83 477 4460‬,Wednesday,21,
5767,15/10/2025,21:53:57,2025-10-15T20:53:57.000Z,‪+353 83 166 4292‬,Wednesday,21,
5768,16/10/2025,07:36:15,2025-10-16T06:36:15.000Z,~ Robyn,Thursday,7,
5769,16/10/2025,08:46:42,2025-10-16T07:46:42.000Z,~ James Sutton,Thursday,8,
5770,16/10/2025,17:26:41,2025-10-16T16:26:41.000Z,Lottie Passmore,Thursday,17,
5771,16/10/2025,17:40:21,2025-10-16T16:40:21.000Z,‪+44 7703 397938‬,Thursday,17,
5772,16/10/2025,17:50:46,2025-10-16T16:50:46.000Z,‪+44 7985 296947‬,Thursday,17,
5773,16/10/2025,18:00:39,2025-10-16T17:00:39.000Z,~ Conor,Thursday,18,
5774,16/10/2025,18:12:16,2025-10-16T17:12:16.000Z,~ Lydia Rickard,Thursday,18,
5775,16/10/2025,18:12:38,2025-10-16T17:12:38.000Z,~ Adam Warren,Thursday,18,
5776,16/10/2025,18:19:29,2025-10-16T17:19:29.000Z,~ Tim O’Brien,Thursday,18,
5777,16/10/2025,18:26:43,2025-10-16T17:26:43.000Z,‪+44 7912 055406‬,Thursday,18,
5778,16/10/2025,18:27:38,2025-10-16T17:27:38.000Z,~ Henry Pincott,Thursday,18,
5779,16/10/2025,18:31:54,2025-10-16T17:31:54.000Z,‪+44 7770 870937‬,Thursday,18,
5780,16/10/2025,18:40:35,2025-10-16T17:40:35.000Z,~ Conor,Thursday,18,
5781,16/10/2025,18:41:05,2025-10-16T17:41:05.000Z,~ Ellis P,Thursday,18,
5782,16/10/2025,18:42:17,2025-10-16T17:42:17.000Z,‪+353 85 131 0610‬,Thursday,18,
5783,16/10/2025,18:44:46,2025-10-16T17:44:46.000Z,Caolán Walsh,Thursday,18,
5784,16/10/2025,18:47:47,2025-10-16T17:47:47.000Z,~ Lauryn,Thursday,18,
5785,16/10/2025,18:48:57,2025-10-16T17:48:57.000Z,~ Conor,Thursday,18,
5786,16/10/2025,18:51:16,2025-10-16T17:51:16.000Z,Hannah Page,Thursday,18,
5787,16/10/2025,18:58:38,2025-10-16T17:58:38.000Z,~ Jake Rooney,Thursday,18,
5788,16/10/2025,19:11:14,2025-10-16T18:11:14.000Z,~ Lydia Rickard,Thursday,19,
5789,16/10/2025,19:11:23,2025-10-16T18:11:23.000Z,‪+44 7912 055406‬,Thursday,19,
5790,16/10/2025,19:24:23,2025-10-16T18:24:23.000Z,~ Cathal,Thursday,19,
5791,16/10/2025,19:26:57,2025-10-16T18:26:57.000Z,~ Vega,Thursday,19,
5792,16/10/2025,19:27:13,2025-10-16T18:27:13.000Z,‪+44 7703 397938‬,Thursday,19,
5793,16/10/2025,19:32:20,2025-10-16T18:32:20.000Z,~ Lauryn,Thursday,19,
5794,16/10/2025,19:33:47,2025-10-16T18:33:47.000Z,~ Rory Gee,Thursday,19,
5795,16/10/2025,19:35:28,2025-10-16T18:35:28.000Z,‪+44 7503 572945‬,Thursday,19,
5796,16/10/2025,19:36:34,2025-10-16T18:36:34.000Z,‪+44 7475 217563‬,Thursday,19,
5797,16/10/2025,19:36:54,2025-10-16T18:36:54.000Z,~ Justin lewis,Thursday,19,
5798,16/10/2025,20:02:35,2025-10-16T19:02:35.000Z,‪+44 7740 573423‬,Thursday,20,
5799,16/10/2025,20:04:35,2025-10-16T19:04:35.000Z,~ Hugh,Thursday,20,
5800,16/10/2025,20:10:02,2025-10-16T19:10:02.000Z,Shay,Thursday,20,
5801,16/10/2025,20:12:33,2025-10-16T19:12:33.000Z,‪+44 7985 296947‬,Thursday,20,
5802,16/10/2025,20:24:44,2025-10-16T19:24:44.000Z,~ Lauryn,Thursday,20,
5803,16/10/2025,20:34:46,2025-10-16T19:34:46.000Z,‪+353 83 166 4292‬,Thursday,20,
5804,16/10/2025,20:35:49,2025-10-16T19:35:49.000Z,~ Seann,Thursday,20,
5805,16/10/2025,20:38:57,2025-10-16T19:38:57.000Z,‪+44 7501 062670‬,Thursday,20,
5806,16/10/2025,20:39:27,2025-10-16T19:39:27.000Z,Anya Trevor-Palleres,Thursday,20,
5807,16/10/2025,20:40:39,2025-10-16T19:40:39.000Z,~ Lauryn,Thursday,20,
5808,16/10/2025,20:42:26,2025-10-16T19:42:26.000Z,Caolán Walsh,Thursday,20,
5809,16/10/2025,20:46:05,2025-10-16T19:46:05.000Z,~ Martins,Thursday,20,
5810,16/10/2025,21:03:03,2025-10-16T20:03:03.000Z,‪+44 7985 296947‬,Thursday,21,
5811,16/10/2025,21:12:18,2025-10-16T20:12:18.000Z,~ Lauryn,Thursday,21,
5812,16/10/2025,21:30:04,2025-10-16T20:30:04.000Z,Joe Zalas,Thursday,21,
5813,16/10/2025,21:34:12,2025-10-16T20:34:12.000Z,Anya Trevor-Palleres,Thursday,21,
5814,16/10/2025,21:34:35,2025-10-16T20:34:35.000Z,‪+44 7376 635466‬,Thursday,21,
5815,16/10/2025,21:46:50,2025-10-16T20:46:50.000Z,~ Jamie,Thursday,21,
5816,16/10/2025,21:56:15,2025-10-16T20:56:15.000Z,‪+44 7709 244161‬,Thursday,21,
5817,16/10/2025,22:24:20,2025-10-16T21:24:20.000Z,Hannah Page,Thursday,22,
5818,16/10/2025,22:27:11,2025-10-16T21:27:11.000Z,Conall Caverly,Thursday,22,
5819,17/10/2025,00:59:55,2025-10-16T23:59:55.000Z,~ Cathal,Friday,0,
5820,17/10/2025,01:13:13,2025-10-17T00:13:13.000Z,Annabel Anderson,Friday,1,
5821,17/10/2025,04:02:31,2025-10-17T03:02:31.000Z,Georgia Jones,Friday,4,
5822,17/10/2025,04:23:25,2025-10-17T03:23:25.000Z,Georgia Jones,Friday,4,
5823,17/10/2025,08:45:31,2025-10-17T07:45:31.000Z,Georgia Jones,Friday,8,
5824,17/10/2025,09:13:43,2025-10-17T08:13:43.000Z,Georgia Jones,Friday,9,
5825,17/10/2025,10:17:24,2025-10-17T09:17:24.000Z,‪+353 83 457 3979‬,Friday,10,
5826,17/10/2025,10:22:21,2025-10-17T09:22:21.000Z,Georgia Jones,Friday,10,
5827,17/10/2025,10:59:32,2025-10-17T09:59:32.000Z,Georgia Jones,Friday,10,
5828,17/10/2025,11:28:11,2025-10-17T10:28:11.000Z,Georgia Jones,Friday,11,
5829,17/10/2025,11:31:27,2025-10-17T10:31:27.000Z,~ Elliot Tawney,Friday,11,
5830,17/10/2025,11:33:30,2025-10-17T10:33:30.000Z,~ James Sutton,Friday,11,
5831,17/10/2025,11:34:16,2025-10-17T10:34:16.000Z,~ Hannah,Friday,11,
5832,17/10/2025,11:35:54,2025-10-17T10:35:54.000Z,‪+61 423 846 864‬,Friday,11,
5833,17/10/2025,12:07:46,2025-10-17T11:07:46.000Z,Georgia Jones,Friday,12,
5834,17/10/2025,12:17:55,2025-10-17T11:17:55.000Z,‪+44 7841 958283‬,Friday,12,
5835,17/10/2025,12:18:45,2025-10-17T11:18:45.000Z,~ Callum Dott,Friday,12,
5836,17/10/2025,12:20:53,2025-10-17T11:20:53.000Z,~ Robyn,Friday,12,
5837,17/10/2025,12:24:23,2025-10-17T11:24:23.000Z,~ Lenny Clifton,Friday,12,
5838,17/10/2025,12:39:48,2025-10-17T11:39:48.000Z,Georgia Jones,Friday,12,
5839,17/10/2025,13:14:05,2025-10-17T12:14:05.000Z,~ Robyn,Friday,13,
5840,17/10/2025,13:35:11,2025-10-17T12:35:11.000Z,Georgia Jones,Friday,13,
5841,17/10/2025,15:51:12,2025-10-17T14:51:12.000Z,~ Conor,Friday,15,
5842,17/10/2025,16:21:59,2025-10-17T15:21:59.000Z,~ Hugh,Friday,16,
5843,17/10/2025,16:39:51,2025-10-17T15:39:51.000Z,~ Conor,Friday,16,
5844,17/10/2025,16:41:37,2025-10-17T15:41:37.000Z,~ Ben,Friday,16,
5845,17/10/2025,16:51:42,2025-10-17T15:51:42.000Z,‪+44 7557 048707‬,Friday,16,
5846,17/10/2025,17:09:03,2025-10-17T16:09:03.000Z,~ Brett,Friday,17,
5847,17/10/2025,17:10:39,2025-10-17T16:10:39.000Z,‪+44 7863 964020‬,Friday,17,
5848,17/10/2025,17:24:34,2025-10-17T16:24:34.000Z,~ Jordan Newman,Friday,17,
5849,17/10/2025,17:51:35,2025-10-17T16:51:35.000Z,‪+44 7483 281960‬,Friday,17,
5850,17/10/2025,17:54:16,2025-10-17T16:54:16.000Z,‪+44 7545 272965‬,Friday,17,
5851,17/10/2025,18:00:55,2025-10-17T17:00:55.000Z,~ Jordan Newman,Friday,18,
5852,17/10/2025,18:17:23,2025-10-17T17:17:23.000Z,~ Billy,Friday,18,
5853,17/10/2025,18:27:10,2025-10-17T17:27:10.000Z,~ Max Evans,Friday,18,
5854,17/10/2025,18:50:01,2025-10-17T17:50:01.000Z,~ Lenny Clifton,Friday,18,
5855,17/10/2025,18:50:12,2025-10-17T17:50:12.000Z,~ Seann,Friday,18,
5856,17/10/2025,18:51:51,2025-10-17T17:51:51.000Z,~ Bane Tepavcevic,Friday,18,
5857,17/10/2025,18:52:12,2025-10-17T17:52:12.000Z,~ Mark Wiszk,Friday,18,
5858,17/10/2025,19:11:18,2025-10-17T18:11:18.000Z,~ Billy,Friday,19,
5859,17/10/2025,19:14:25,2025-10-17T18:14:25.000Z,~ Nigel,Friday,19,
5860,17/10/2025,19:22:17,2025-10-17T18:22:17.000Z,~ Jordan Newman,Friday,19,
5861,17/10/2025,19:30:54,2025-10-17T18:30:54.000Z,~ Adam Gaynor,Friday,19,
5862,17/10/2025,19:39:52,2025-10-17T18:39:52.000Z,Hannah Page,Friday,19,
5863,17/10/2025,19:43:11,2025-10-17T18:43:11.000Z,‪+353 85 872 8483‬,Friday,19,
5864,17/10/2025,19:50:13,2025-10-17T18:50:13.000Z,‪+61 436 948 759‬,Friday,19,
5865,17/10/2025,19:52:13,2025-10-17T18:52:13.000Z,‪+353 86 245 3724‬,Friday,19,
5866,17/10/2025,19:54:13,2025-10-17T18:54:13.000Z,~ Ted Lyall,Friday,19,
5867,17/10/2025,19:55:08,2025-10-17T18:55:08.000Z,~ Lauryn,Friday,19,
5868,17/10/2025,19:55:53,2025-10-17T18:55:53.000Z,‪+44 7583 304259‬,Friday,19,
5869,17/10/2025,19:58:30,2025-10-17T18:58:30.000Z,~ Ellis P,Friday,19,
5870,17/10/2025,20:05:16,2025-10-17T19:05:16.000Z,~ Bane Tepavcevic,Friday,20,
5871,17/10/2025,20:09:35,2025-10-17T19:09:35.000Z,~ Emma Henderson,Friday,20,
5872,17/10/2025,20:10:22,2025-10-17T19:10:22.000Z,Hannah Page,Friday,20,
5873,17/10/2025,20:10:54,2025-10-17T19:10:54.000Z,‪+353 85 872 8483‬,Friday,20,
5874,17/10/2025,20:16:55,2025-10-17T19:16:55.000Z,‪+44 7469 711068‬,Friday,20,
5875,17/10/2025,20:17:22,2025-10-17T19:17:22.000Z,~ Max Evans,Friday,20,
5876,17/10/2025,20:19:41,2025-10-17T19:19:41.000Z,~ Hugh,Friday,20,
5877,17/10/2025,20:26:06,2025-10-17T19:26:06.000Z,~ Dan Dolderson,Friday,20,
5878,17/10/2025,20:36:59,2025-10-17T19:36:59.000Z,~ Lenny Clifton,Friday,20,
5879,17/10/2025,20:37:23,2025-10-17T19:37:23.000Z,Flo Lewis,Friday,20,
5880,17/10/2025,20:38:14,2025-10-17T19:38:14.000Z,~ George Smith,Friday,20,
5881,17/10/2025,20:46:28,2025-10-17T19:46:28.000Z,‪+353 85 872 8483‬,Friday,20,
5882,17/10/2025,20:49:04,2025-10-17T19:49:04.000Z,‪+61 432 821 064‬,Friday,20,
5883,17/10/2025,20:57:17,2025-10-17T19:57:17.000Z,~ Kamo,Friday,20,
5884,17/10/2025,20:57:39,2025-10-17T19:57:39.000Z,~ Emma Henderson,Friday,20,
5885,17/10/2025,21:03:50,2025-10-17T20:03:50.000Z,Joe Zalas,Friday,21,
5886,17/10/2025,21:07:55,2025-10-17T20:07:55.000Z,‪+44 7863 964020‬,Friday,21,
5887,17/10/2025,21:14:43,2025-10-17T20:14:43.000Z,‪+44 7583 304259‬,Friday,21,
5888,17/10/2025,21:18:02,2025-10-17T20:18:02.000Z,~ Ellis P,Friday,21,
5889,17/10/2025,21:18:38,2025-10-17T20:18:38.000Z,~ Henry Pincott,Friday,21,
5890,17/10/2025,21:29:47,2025-10-17T20:29:47.000Z,‪+353 85 872 8483‬,Friday,21,
5891,17/10/2025,21:30:52,2025-10-17T20:30:52.000Z,Hannah Page,Friday,21,
5892,17/10/2025,21:31:53,2025-10-17T20:31:53.000Z,Flo Lewis,Friday,21,
5893,17/10/2025,21:35:27,2025-10-17T20:35:27.000Z,‪+61 436 948 759‬,Friday,21,
5894,17/10/2025,21:50:41,2025-10-17T20:50:41.000Z,‪+61 434 484 556‬,Friday,21,
5895,17/10/2025,21:52:21,2025-10-17T20:52:21.000Z,~ George Smith,Friday,21,
5896,17/10/2025,21:54:13,2025-10-17T20:54:13.000Z,‪+44 7736 800692‬,Friday,21,
5897,17/10/2025,21:54:32,2025-10-17T20:54:32.000Z,‪+353 85 131 0610‬,Friday,21,
5898,17/10/2025,21:55:54,2025-10-17T20:55:54.000Z,~ Kamo,Friday,21,
5899,17/10/2025,22:00:16,2025-10-17T21:00:16.000Z,~ Seann,Friday,22,
5900,17/10/2025,22:02:40,2025-10-17T21:02:40.000Z,~ Dan Dolderson,Friday,22,
5901,17/10/2025,22:04:07,2025-10-17T21:04:07.000Z,‪+44 7847 727812‬,Friday,22,
5902,17/10/2025,22:13:30,2025-10-17T21:13:30.000Z,~ George Smith,Friday,22,
5903,17/10/2025,22:17:22,2025-10-17T21:17:22.000Z,~ Conor,Friday,22,
5904,17/10/2025,22:20:23,2025-10-17T21:20:23.000Z,~ Tom,Friday,22,
5905,17/10/2025,22:22:18,2025-10-17T21:22:18.000Z,Annabel Anderson,Friday,22,
5906,17/10/2025,22:22:29,2025-10-17T21:22:29.000Z,~ Dan Dolderson,Friday,22,
5907,17/10/2025,22:35:01,2025-10-17T21:35:01.000Z,~ Kamo,Friday,22,
5908,17/10/2025,22:47:24,2025-10-17T21:47:24.000Z,~ Tom,Friday,22,
5909,17/10/2025,22:47:44,2025-10-17T21:47:44.000Z,~ Ellis P,Friday,22,
5910,17/10/2025,22:48:09,2025-10-17T21:48:09.000Z,~ Emma Henderson,Friday,22,
5911,17/10/2025,22:50:06,2025-10-17T21:50:06.000Z,~ Tom,Friday,22,
5912,17/10/2025,22:55:33,2025-10-17T21:55:33.000Z,‪+44 7733 329539‬,Friday,22,
5913,17/10/2025,22:59:52,2025-10-17T21:59:52.000Z,~ Bobby Burnand,Friday,22,
5914,17/10/2025,23:07:49,2025-10-17T22:07:49.000Z,~ Kamo,Friday,23,
5915,17/10/2025,23:09:41,2025-10-17T22:09:41.000Z,~ Max Evans,Friday,23,
5916,17/10/2025,23:13:31,2025-10-17T22:13:31.000Z,Hannah Page,Friday,23,
5917,17/10/2025,23:16:46,2025-10-17T22:16:46.000Z,~ George Smith,Friday,23,
5918,17/10/2025,23:27:04,2025-10-17T22:27:04.000Z,‪+44 7847 727812‬,Friday,23,
5919,17/10/2025,23:35:14,2025-10-17T22:35:14.000Z,~ Tom,Friday,23,
5920,17/10/2025,23:40:20,2025-10-17T22:40:20.000Z,Caolán Walsh,Friday,23,
5921,18/10/2025,00:22:59,2025-10-17T23:22:59.000Z,~ Ellis P,Saturday,0,
5922,18/10/2025,00:31:20,2025-10-17T23:31:20.000Z,~ George Smith,Saturday,0,
5923,18/10/2025,00:33:18,2025-10-17T23:33:18.000Z,~ Max Evans,Saturday,0,
5924,18/10/2025,00:49:41,2025-10-17T23:49:41.000Z,~ Oscar,Saturday,0,
5925,18/10/2025,01:40:58,2025-10-18T00:40:58.000Z,Annabel Anderson,Saturday,1,
5926,18/10/2025,02:08:25,2025-10-18T01:08:25.000Z,~ Emma Henderson,Saturday,2,
5927,18/10/2025,04:14:17,2025-10-18T03:14:17.000Z,~ Rhys,Saturday,4,
5928,18/10/2025,04:15:53,2025-10-18T03:15:53.000Z,~ Xabi Legras,Saturday,4,
5929,18/10/2025,04:16:25,2025-10-18T03:16:25.000Z,~ Alfaro,Saturday,4,
5930,18/10/2025,04:34:37,2025-10-18T03:34:37.000Z,‪+44 7734 359695‬,Saturday,4,
5931,18/10/2025,04:55:18,2025-10-18T03:55:18.000Z,~ Xabi Legras,Saturday,4,
5932,18/10/2025,05:02:00,2025-10-18T04:02:00.000Z,~ Hannah,Saturday,5,
5933,18/10/2025,05:13:52,2025-10-18T04:13:52.000Z,~ Alfaro,Saturday,5,
5934,18/10/2025,05:52:56,2025-10-18T04:52:56.000Z,~ Xabi Legras,Saturday,5,
5935,18/10/2025,07:24:53,2025-10-18T06:24:53.000Z,~ Will,Saturday,7,
5936,18/10/2025,08:07:03,2025-10-18T07:07:03.000Z,~ Will,Saturday,8,
5937,18/10/2025,09:08:05,2025-10-18T08:08:05.000Z,‪+44 7884 017393‬,Saturday,9,
5938,18/10/2025,09:53:11,2025-10-18T08:53:11.000Z,‪+44 7920 557225‬,Saturday,9,
5939,18/10/2025,12:55:45,2025-10-18T11:55:45.000Z,Flo Lewis,Saturday,12,
5940,18/10/2025,13:05:30,2025-10-18T12:05:30.000Z,~ Marcus Brienza,Saturday,13,
5941,18/10/2025,13:24:22,2025-10-18T12:24:22.000Z,‪+44 7733 329539‬,Saturday,13,
5942,18/10/2025,14:01:10,2025-10-18T13:01:10.000Z,~ Tadhg,Saturday,14,
5943,18/10/2025,14:13:56,2025-10-18T13:13:56.000Z,~ Harry,Saturday,14,
5944,18/10/2025,14:21:17,2025-10-18T13:21:17.000Z,~ Lucy Kavanagh,Saturday,14,
5945,18/10/2025,14:22:19,2025-10-18T13:22:19.000Z,‪+353 89 238 4320‬,Saturday,14,
5946,18/10/2025,14:24:32,2025-10-18T13:24:32.000Z,~ Seann,Saturday,14,
5947,18/10/2025,14:28:02,2025-10-18T13:28:02.000Z,~ Tadhg,Saturday,14,
5948,18/10/2025,14:32:46,2025-10-18T13:32:46.000Z,‪+44 7482 241070‬,Saturday,14,
5949,18/10/2025,15:02:12,2025-10-18T14:02:12.000Z,~ Harry,Saturday,15,
5950,18/10/2025,15:09:08,2025-10-18T14:09:08.000Z,Shay,Saturday,15,
5951,18/10/2025,15:12:38,2025-10-18T14:12:38.000Z,~ Adam Gaynor,Saturday,15,
5952,18/10/2025,15:16:56,2025-10-18T14:16:56.000Z,‪+44 7841 958283‬,Saturday,15,
5953,18/10/2025,15:17:00,2025-10-18T14:17:00.000Z,~ Joseph Turner,Saturday,15,
5954,18/10/2025,15:21:45,2025-10-18T14:21:45.000Z,‪+44 7482 241070‬,Saturday,15,
5955,18/10/2025,15:22:45,2025-10-18T14:22:45.000Z,‪+44 7469 711068‬,Saturday,15,
5956,18/10/2025,15:35:25,2025-10-18T14:35:25.000Z,‪+353 86 162 9268‬,Saturday,15,
5957,18/10/2025,15:38:01,2025-10-18T14:38:01.000Z,Shay,Saturday,15,
5958,18/10/2025,15:47:51,2025-10-18T14:47:51.000Z,~ Natasha,Saturday,15,
5959,18/10/2025,15:49:20,2025-10-18T14:49:20.000Z,Flo Lewis,Saturday,15,
5960,18/10/2025,15:50:31,2025-10-18T14:50:31.000Z,‪+44 7920 557225‬,Saturday,15,
5961,18/10/2025,15:55:52,2025-10-18T14:55:52.000Z,~ Griff,Saturday,15,
5962,18/10/2025,16:02:49,2025-10-18T15:02:49.000Z,~ Mark,Saturday,16,
5963,18/10/2025,16:04:59,2025-10-18T15:04:59.000Z,‪+44 7584 659303‬,Saturday,16,
5964,18/10/2025,16:05:33,2025-10-18T15:05:33.000Z,‪+44 7584 633750‬,Saturday,16,
5965,18/10/2025,16:09:17,2025-10-18T15:09:17.000Z,Shay,Saturday,16,
5966,18/10/2025,16:09:56,2025-10-18T15:09:56.000Z,‪+353 83 351 0742‬,Saturday,16,
5967,18/10/2025,16:10:51,2025-10-18T15:10:51.000Z,~ Ben,Saturday,16,
5968,18/10/2025,16:14:10,2025-10-18T15:14:10.000Z,‪+353 86 162 9268‬,Saturday,16,
5969,18/10/2025,16:18:36,2025-10-18T15:18:36.000Z,~ Mark,Saturday,16,
5970,18/10/2025,16:40:43,2025-10-18T15:40:43.000Z,~ Griff,Saturday,16,
5971,18/10/2025,16:42:00,2025-10-18T15:42:00.000Z,~ Natasha,Saturday,16,
5972,18/10/2025,16:43:44,2025-10-18T15:43:44.000Z,~ Matthew,Saturday,16,
5973,18/10/2025,16:46:56,2025-10-18T15:46:56.000Z,Flo Lewis,Saturday,16,
5974,18/10/2025,17:07:05,2025-10-18T16:07:05.000Z,Shay,Saturday,17,
5975,18/10/2025,17:14:32,2025-10-18T16:14:32.000Z,~ Max Evans,Saturday,17,
5976,18/10/2025,17:25:23,2025-10-18T16:25:23.000Z,~ Justin,Saturday,17,
5977,18/10/2025,17:25:37,2025-10-18T16:25:37.000Z,~ Harry,Saturday,17,
5978,18/10/2025,17:28:58,2025-10-18T16:28:58.000Z,‪+353 87 298 5545‬,Saturday,17,
5979,18/10/2025,17:29:33,2025-10-18T16:29:33.000Z,‪+44 7532 827880‬,Saturday,17,
5980,18/10/2025,17:41:42,2025-10-18T16:41:42.000Z,~ Daniel Garrett,Saturday,17,
5981,18/10/2025,18:02:25,2025-10-18T17:02:25.000Z,Shay,Saturday,18,
5982,18/10/2025,18:06:24,2025-10-18T17:06:24.000Z,~ Harry,Saturday,18,
5983,18/10/2025,18:07:59,2025-10-18T17:07:59.000Z,~ Daniel Hallam,Saturday,18,
5984,18/10/2025,18:09:31,2025-10-18T17:09:31.000Z,~ Dave,Saturday,18,
5985,18/10/2025,18:10:32,2025-10-18T17:10:32.000Z,~ Lloyd Graham,Saturday,18,
5986,18/10/2025,18:10:34,2025-10-18T17:10:34.000Z,~ Lloyd Graham,Saturday,18,
5987,18/10/2025,18:13:52,2025-10-18T17:13:52.000Z,~ Adam Gaynor,Saturday,18,
5988,18/10/2025,18:28:28,2025-10-18T17:28:28.000Z,‪+353 87 298 5545‬,Saturday,18,
5989,18/10/2025,18:31:57,2025-10-18T17:31:57.000Z,~ Daniel Garrett,Saturday,18,
5990,18/10/2025,18:34:37,2025-10-18T17:34:37.000Z,Hannah Page,Saturday,18,
5991,18/10/2025,18:55:41,2025-10-18T17:55:41.000Z,~ Luke Joyce,Saturday,18,
5992,18/10/2025,18:59:07,2025-10-18T17:59:07.000Z,‪+44 7584 633750‬,Saturday,18,
5993,18/10/2025,19:08:42,2025-10-18T18:08:42.000Z,~ Ellis P,Saturday,19,
5994,18/10/2025,19:09:33,2025-10-18T18:09:33.000Z,~ Harry,Saturday,19,
5995,18/10/2025,19:23:15,2025-10-18T18:23:15.000Z,Annabel Anderson,Saturday,19,
5996,18/10/2025,19:23:45,2025-10-18T18:23:45.000Z,Bella Cain,Saturday,19,
5997,18/10/2025,19:27:10,2025-10-18T18:27:10.000Z,Abby Khalifeh,Saturday,19,
5998,18/10/2025,19:28:33,2025-10-18T18:28:33.000Z,~ Adam Gaynor,Saturday,19,
5999,18/10/2025,19:44:44,2025-10-18T18:44:44.000Z,~ Natasha,Saturday,19,
6000,18/10/2025,19:50:58,2025-10-18T18:50:58.000Z,~ Daniel Garrett,Saturday,19,
6001,18/10/2025,19:53:42,2025-10-18T18:53:42.000Z,‪+44 7733 329539‬,Saturday,19,
6002,18/10/2025,19:56:02,2025-10-18T18:56:02.000Z,‪+44 7545 272965‬,Saturday,19,
6003,18/10/2025,19:58:29,2025-10-18T18:58:29.000Z,~ Harry,Saturday,19,
6004,18/10/2025,20:02:51,2025-10-18T19:02:51.000Z,‪+44 7532 827880‬,Saturday,20,
6005,18/10/2025,20:11:57,2025-10-18T19:11:57.000Z,~ Adam Gaynor,Saturday,20,
6006,18/10/2025,20:13:57,2025-10-18T19:13:57.000Z,~ Natasha,Saturday,20,
6007,18/10/2025,20:14:15,2025-10-18T19:14:15.000Z,~ Natasha,Saturday,20,
6008,18/10/2025,20:22:27,2025-10-18T19:22:27.000Z,~ Luke Joyce,Saturday,20,
6009,18/10/2025,20:35:47,2025-10-18T19:35:47.000Z,~ Lydia Rickard,Saturday,20,
6010,18/10/2025,20:36:56,2025-10-18T19:36:56.000Z,~ Henry Pincott,Saturday,20,
6011,18/10/2025,20:37:35,2025-10-18T19:37:35.000Z,~ Harry,Saturday,20,
6012,18/10/2025,20:48:23,2025-10-18T19:48:23.000Z,~ Conor,Saturday,20,
6013,18/10/2025,20:49:54,2025-10-18T19:49:54.000Z,‪+44 7501 130435‬,Saturday,20,
6014,18/10/2025,20:53:31,2025-10-18T19:53:31.000Z,~ Natasha,Saturday,20,
6015,18/10/2025,20:53:54,2025-10-18T19:53:54.000Z,~ Daniel Garrett,Saturday,20,
6016,18/10/2025,20:54:34,2025-10-18T19:54:34.000Z,Annabel Anderson,Saturday,20,
6017,18/10/2025,21:12:05,2025-10-18T20:12:05.000Z,‪+44 7884 017393‬,Saturday,21,
6018,18/10/2025,21:13:48,2025-10-18T20:13:48.000Z,~ Lauryn,Saturday,21,
6019,18/10/2025,21:22:04,2025-10-18T20:22:04.000Z,~ Harry,Saturday,21,
6020,18/10/2025,21:22:23,2025-10-18T20:22:23.000Z,~ Oli Pollock,Saturday,21,
6021,18/10/2025,21:48:19,2025-10-18T20:48:19.000Z,~ Rhys,Saturday,21,
6022,18/10/2025,21:51:14,2025-10-18T20:51:14.000Z,~ Lydia Rickard,Saturday,21,
6023,18/10/2025,21:58:28,2025-10-18T20:58:28.000Z,~ Henry Pincott,Saturday,21,
6024,18/10/2025,22:21:30,2025-10-18T21:21:30.000Z,~ Nelson,Saturday,22,
6025,18/10/2025,22:24:23,2025-10-18T21:24:23.000Z,‪+44 7545 272965‬,Saturday,22,
6026,18/10/2025,22:30:12,2025-10-18T21:30:12.000Z,Hannah Page,Saturday,22,
6027,18/10/2025,22:41:42,2025-10-18T21:41:42.000Z,~ Riley Shoebridge,Saturday,22,
6028,18/10/2025,22:43:33,2025-10-18T21:43:33.000Z,~ Conor,Saturday,22,
6029,18/10/2025,22:44:33,2025-10-18T21:44:33.000Z,‪+44 7503 572945‬,Saturday,22,
6030,18/10/2025,22:51:34,2025-10-18T21:51:34.000Z,~ Natasha,Saturday,22,
6031,18/10/2025,23:14:13,2025-10-18T22:14:13.000Z,‪+44 7519 803313‬,Saturday,23,
6032,18/10/2025,23:54:36,2025-10-18T22:54:36.000Z,~ Billy,Saturday,23,
6033,19/10/2025,00:06:06,2025-10-18T23:06:06.000Z,~ Baskew,Sunday,0,
6034,19/10/2025,00:09:49,2025-10-18T23:09:49.000Z,‪+44 7734 359695‬,Sunday,0,
6035,19/10/2025,00:12:53,2025-10-18T23:12:53.000Z,~ Alfaro,Sunday,0,
6036,19/10/2025,00:13:37,2025-10-18T23:13:37.000Z,‪+353 86 402 1726‬,Sunday,0,
6037,19/10/2025,00:14:37,2025-10-18T23:14:37.000Z,‪+44 7913 057607‬,Sunday,0,
6038,19/10/2025,00:14:40,2025-10-18T23:14:40.000Z,~ Xabi Legras,Sunday,0,
6039,19/10/2025,00:31:32,2025-10-18T23:31:32.000Z,~ Alfaro,Sunday,0,
6040,19/10/2025,00:31:41,2025-10-18T23:31:41.000Z,~ Xabi Legras,Sunday,0,
6041,19/10/2025,00:50:41,2025-10-18T23:50:41.000Z,~ Xabi Legras,Sunday,0,
6042,19/10/2025,00:57:20,2025-10-18T23:57:20.000Z,Caolán Walsh,Sunday,0,
6043,19/10/2025,01:01:37,2025-10-19T00:01:37.000Z,~ Alfaro,Sunday,1,
6044,19/10/2025,01:02:47,2025-10-19T00:02:47.000Z,~ Baskew,Sunday,1,
6045,19/10/2025,03:28:59,2025-10-19T02:28:59.000Z,~ Xabi Legras,Sunday,3,
6046,19/10/2025,07:22:12,2025-10-19T06:22:12.000Z,~ Xabi Legras,Sunday,7,
6047,19/10/2025,11:46:29,2025-10-19T10:46:29.000Z,~ Kamo,Sunday,11,
6048,19/10/2025,12:47:41,2025-10-19T11:47:41.000Z,~ Andrew Matthews,Sunday,12,
6049,19/10/2025,13:06:40,2025-10-19T12:06:40.000Z,Flo Lewis,Sunday,13,
6050,19/10/2025,13:38:03,2025-10-19T12:38:03.000Z,Flo Lewis,Sunday,13,
6051,19/10/2025,14:00:38,2025-10-19T13:00:38.000Z,~ Brett,Sunday,14,
6052,19/10/2025,14:04:54,2025-10-19T13:04:54.000Z,Hannah Page,Sunday,14,
6053,19/10/2025,14:24:07,2025-10-19T13:24:07.000Z,Flo Lewis,Sunday,14,
6054,19/10/2025,14:39:05,2025-10-19T13:39:05.000Z,Anya Trevor-Palleres,Sunday,14,
6055,19/10/2025,14:51:12,2025-10-19T13:51:12.000Z,Hannah Page,Sunday,14,
6056,19/10/2025,15:09:10,2025-10-19T14:09:10.000Z,Anya Trevor-Palleres,Sunday,15,
6057,19/10/2025,15:16:38,2025-10-19T14:16:38.000Z,‪+44 7503 572945‬,Sunday,15,
6058,19/10/2025,15:41:46,2025-10-19T14:41:46.000Z,~ Seann,Sunday,15,
6059,19/10/2025,15:43:50,2025-10-19T14:43:50.000Z,‪+353 86 162 9268‬,Sunday,15,
6060,19/10/2025,16:11:51,2025-10-19T15:11:51.000Z,~ Seann,Sunday,16,
6061,19/10/2025,16:38:11,2025-10-19T15:38:11.000Z,~ Lucy Kavanagh,Sunday,16,
6062,19/10/2025,16:46:32,2025-10-19T15:46:32.000Z,~ Conor,Sunday,16,
6063,19/10/2025,16:52:49,2025-10-19T15:52:49.000Z,~ Seann,Sunday,16,
6064,19/10/2025,16:53:51,2025-10-19T15:53:51.000Z,~ Owen,Sunday,16,
6065,19/10/2025,16:59:36,2025-10-19T15:59:36.000Z,Hannah Page,Sunday,16,
6066,19/10/2025,17:00:08,2025-10-19T16:00:08.000Z,‪+44 7757 667533‬,Sunday,17,
6067,19/10/2025,17:20:40,2025-10-19T16:20:40.000Z,Anya Trevor-Palleres,Sunday,17,
6068,19/10/2025,17:28:05,2025-10-19T16:28:05.000Z,‪+44 7376 635466‬,Sunday,17,
6069,19/10/2025,17:28:35,2025-10-19T16:28:35.000Z,Hannah Page,Sunday,17,
6070,19/10/2025,17:31:40,2025-10-19T16:31:40.000Z,‪+353 83 399 5092‬,Sunday,17,
6071,19/10/2025,17:32:09,2025-10-19T16:32:09.000Z,~ Seann,Sunday,17,
6072,19/10/2025,17:34:44,2025-10-19T16:34:44.000Z,Caolán Walsh,Sunday,17,
6073,19/10/2025,17:35:22,2025-10-19T16:35:22.000Z,‪+353 83 399 5092‬,Sunday,17,
6074,19/10/2025,18:04:58,2025-10-19T17:04:58.000Z,‪+353 83 166 4292‬,Sunday,18,
6075,19/10/2025,18:14:54,2025-10-19T17:14:54.000Z,~ Lauryn,Sunday,18,
6076,19/10/2025,18:22:05,2025-10-19T17:22:05.000Z,~ Adam Gaynor,Sunday,18,
6077,19/10/2025,18:30:44,2025-10-19T17:30:44.000Z,~ Emma Henderson,Sunday,18,
6078,19/10/2025,18:48:57,2025-10-19T17:48:57.000Z,~ George Smith,Sunday,18,
6079,19/10/2025,19:10:28,2025-10-19T18:10:28.000Z,Jakey Breen,Sunday,19,
6080,19/10/2025,19:20:54,2025-10-19T18:20:54.000Z,~ Adam Gaynor,Sunday,19,
6081,19/10/2025,19:43:49,2025-10-19T18:43:49.000Z,~ Seann,Sunday,19,
6082,19/10/2025,19:54:18,2025-10-19T18:54:18.000Z,~ Max,Sunday,19,
6083,19/10/2025,20:18:14,2025-10-19T19:18:14.000Z,~ Dave,Sunday,20,
6084,19/10/2025,20:25:34,2025-10-19T19:25:34.000Z,~ Cathal,Sunday,20,
6085,19/10/2025,20:32:25,2025-10-19T19:32:25.000Z,~ Ellis P,Sunday,20,
6086,19/10/2025,20:40:19,2025-10-19T19:40:19.000Z,~ Lloyd Graham,Sunday,20,
6087,19/10/2025,20:53:37,2025-10-19T19:53:37.000Z,~ Martins,Sunday,20,
6088,19/10/2025,20:53:42,2025-10-19T19:53:42.000Z,~ Martins,Sunday,20,
6089,19/10/2025,20:55:09,2025-10-19T19:55:09.000Z,~ Balazs Deli,Sunday,20,
6090,19/10/2025,21:45:05,2025-10-19T20:45:05.000Z,~ Nelson,Sunday,21,
6091,20/10/2025,09:11:08,2025-10-20T08:11:08.000Z,Georgia Jones,Monday,9,
6092,20/10/2025,09:38:24,2025-10-20T08:38:24.000Z,Georgia Jones,Monday,9,
6093,20/10/2025,12:19:47,2025-10-20T11:19:47.000Z,Flo Lewis,Monday,12,
6094,20/10/2025,13:35:53,2025-10-20T12:35:53.000Z,~ Lauryn,Monday,13,
6095,20/10/2025,14:28:33,2025-10-20T13:28:33.000Z,~ Camron Calder,Monday,14,
6096,20/10/2025,15:40:11,2025-10-20T14:40:11.000Z,~ Lauryn,Monday,15,
6097,20/10/2025,15:57:34,2025-10-20T14:57:34.000Z,Flo Lewis,Monday,15,
6098,20/10/2025,17:44:54,2025-10-20T16:44:54.000Z,~ Harry,Monday,17,
6099,20/10/2025,18:09:29,2025-10-20T17:09:29.000Z,~ George,Monday,18,
6100,20/10/2025,18:29:03,2025-10-20T17:29:03.000Z,~ Sam Ross,Monday,18,
6101,20/10/2025,18:32:19,2025-10-20T17:32:19.000Z,~ Seann,Monday,18,
6102,20/10/2025,18:35:14,2025-10-20T17:35:14.000Z,‪+353 85 872 8483‬,Monday,18,
6103,20/10/2025,18:37:03,2025-10-20T17:37:03.000Z,‪+44 7940 778400‬,Monday,18,
6104,20/10/2025,18:39:40,2025-10-20T17:39:40.000Z,~ Natasha,Monday,18,
6105,20/10/2025,19:14:20,2025-10-20T18:14:20.000Z,‪+353 85 872 8483‬,Monday,19,
6106,20/10/2025,19:21:00,2025-10-20T18:21:00.000Z,~ Harry,Monday,19,
6107,20/10/2025,19:27:45,2025-10-20T18:27:45.000Z,~ Natasha,Monday,19,
6108,20/10/2025,19:44:15,2025-10-20T18:44:15.000Z,~ Griff,Monday,19,
6109,20/10/2025,19:52:06,2025-10-20T18:52:06.000Z,‪+353 85 131 0610‬,Monday,19,
6110,20/10/2025,20:07:46,2025-10-20T19:07:46.000Z,~ Daniel Garrett,Monday,20,
6111,20/10/2025,20:33:10,2025-10-20T19:33:10.000Z,~ Balazs Deli,Monday,20,
6112,20/10/2025,21:47:05,2025-10-20T20:47:05.000Z,~ Balazs Deli,Monday,21,
6113,20/10/2025,23:01:21,2025-10-20T22:01:21.000Z,‪+353 89 238 4320‬,Monday,23,
6114,20/10/2025,23:24:13,2025-10-20T22:24:13.000Z,~ Natasha,Monday,23,
6115,21/10/2025,11:13:47,2025-10-21T10:13:47.000Z,Flo Lewis,Tuesday,11,
6116,21/10/2025,12:32:36,2025-10-21T11:32:36.000Z,Bella Cain,Tuesday,12,
6117,21/10/2025,13:11:19,2025-10-21T12:11:19.000Z,Bella Cain,Tuesday,13,
6118,21/10/2025,13:25:56,2025-10-21T12:25:56.000Z,Flo Lewis,Tuesday,13,
6119,21/10/2025,13:34:02,2025-10-21T12:34:02.000Z,~ C,Tuesday,13,
6120,21/10/2025,13:40:45,2025-10-21T12:40:45.000Z,‪+44 7399 882249‬,Tuesday,13,
6121,21/10/2025,13:53:02,2025-10-21T12:53:02.000Z,~ C,Tuesday,13,
6122,21/10/2025,16:03:42,2025-10-21T15:03:42.000Z,Flo Lewis,Tuesday,16,
6123,21/10/2025,16:09:09,2025-10-21T15:09:09.000Z,‪+44 7770 870937‬,Tuesday,16,
6124,21/10/2025,16:36:14,2025-10-21T15:36:14.000Z,‪+44 7770 870937‬,Tuesday,16,
6125,21/10/2025,16:36:37,2025-10-21T15:36:37.000Z,‪+44 7454 754547‬,Tuesday,16,
6126,21/10/2025,16:57:07,2025-10-21T15:57:07.000Z,‪+44 7764 599047‬,Tuesday,16,
6127,21/10/2025,16:57:50,2025-10-21T15:57:50.000Z,‪+44 7436 898881‬,Tuesday,16,
6128,21/10/2025,17:01:12,2025-10-21T16:01:12.000Z,Flo Lewis,Tuesday,17,
6129,21/10/2025,17:35:20,2025-10-21T16:35:20.000Z,‪+44 7436 898881‬,Tuesday,17,
6130,21/10/2025,17:36:19,2025-10-21T16:36:19.000Z,‪+61 432 821 064‬,Tuesday,17,
6131,21/10/2025,17:49:21,2025-10-21T16:49:21.000Z,~ George,Tuesday,17,
6132,21/10/2025,18:03:31,2025-10-21T17:03:31.000Z,~ Lydia Rickard,Tuesday,18,
6133,21/10/2025,18:14:05,2025-10-21T17:14:05.000Z,~ Emma Henderson,Tuesday,18,
6134,21/10/2025,18:14:32,2025-10-21T17:14:32.000Z,‪+44 7530 856137‬,Tuesday,18,
6135,21/10/2025,18:20:56,2025-10-21T17:20:56.000Z,‪+44 7436 898881‬,Tuesday,18,
6136,21/10/2025,18:37:08,2025-10-21T17:37:08.000Z,~ Ellis P,Tuesday,18,
6137,21/10/2025,18:44:16,2025-10-21T17:44:16.000Z,Indie Driscoll,Tuesday,18,
6138,21/10/2025,18:59:37,2025-10-21T17:59:37.000Z,~ Jordan Newman,Tuesday,18,
6139,21/10/2025,19:05:41,2025-10-21T18:05:41.000Z,‪+44 7501 062670‬,Tuesday,19,
6140,21/10/2025,19:14:31,2025-10-21T18:14:31.000Z,~ Emma Henderson,Tuesday,19,
6141,21/10/2025,19:17:50,2025-10-21T18:17:50.000Z,~ Ellis P,Tuesday,19,
6142,21/10/2025,19:28:00,2025-10-21T18:28:00.000Z,‪+44 7436 898881‬,Tuesday,19,
6143,21/10/2025,19:28:54,2025-10-21T18:28:54.000Z,~ Cathal,Tuesday,19,
6144,21/10/2025,19:40:50,2025-10-21T18:40:50.000Z,~ George Smith,Tuesday,19,
6145,21/10/2025,19:48:27,2025-10-21T18:48:27.000Z,~ Rory Oakes,Tuesday,19,
6146,21/10/2025,19:57:14,2025-10-21T18:57:14.000Z,~ Lucy Kavanagh,Tuesday,19,
6147,21/10/2025,20:05:52,2025-10-21T19:05:52.000Z,~ Ellis P,Tuesday,20,
6148,21/10/2025,20:09:24,2025-10-21T19:09:24.000Z,~ Emma Henderson,Tuesday,20,
6149,21/10/2025,20:44:17,2025-10-21T19:44:17.000Z,~ Daniel Garrett,Tuesday,20,
6150,21/10/2025,20:54:06,2025-10-21T19:54:06.000Z,~ George Smith,Tuesday,20,
6151,21/10/2025,20:56:40,2025-10-21T19:56:40.000Z,~ Emma Henderson,Tuesday,20,
6152,21/10/2025,21:00:47,2025-10-21T20:00:47.000Z,Bella Cain,Tuesday,21,
6153,21/10/2025,21:07:01,2025-10-21T20:07:01.000Z,~ Lucy Kavanagh,Tuesday,21,
6154,21/10/2025,21:36:06,2025-10-21T20:36:06.000Z,~ Jordan,Tuesday,21,
6155,21/10/2025,22:05:35,2025-10-21T21:05:35.000Z,~ Lucy Kavanagh,Tuesday,22,
6156,21/10/2025,22:29:51,2025-10-21T21:29:51.000Z,~ Callum Dott,Tuesday,22,
6157,22/10/2025,14:41:05,2025-10-22T13:41:05.000Z,~ Sam,Wednesday,14,
6158,22/10/2025,17:02:00,2025-10-22T16:02:00.000Z,~ Mark Wiszk,Wednesday,17,
6159,22/10/2025,18:25:55,2025-10-22T17:25:55.000Z,~ • J,Wednesday,18,
6160,22/10/2025,19:27:44,2025-10-22T18:27:44.000Z,~ Thomas Hamilton,Wednesday,19,
6161,22/10/2025,19:33:48,2025-10-22T18:33:48.000Z,‪+44 7719 652034‬,Wednesday,19,
6162,22/10/2025,19:48:50,2025-10-22T18:48:50.000Z,~ Max,Wednesday,19,
6163,22/10/2025,19:50:55,2025-10-22T18:50:55.000Z,‪+44 7512 141036‬,Wednesday,19,
6164,22/10/2025,19:56:37,2025-10-22T18:56:37.000Z,~ Rory Oakes,Wednesday,19,
6165,22/10/2025,20:07:12,2025-10-22T19:07:12.000Z,‪+353 87 298 5545‬,Wednesday,20,
6166,22/10/2025,20:07:41,2025-10-22T19:07:41.000Z,‪+44 7594 779227‬,Wednesday,20,
6167,22/10/2025,20:09:39,2025-10-22T19:09:39.000Z,~ Jay,Wednesday,20,
6168,22/10/2025,20:10:34,2025-10-22T19:10:34.000Z,~ Sam,Wednesday,20,
6169,22/10/2025,20:47:55,2025-10-22T19:47:55.000Z,~ Rory Oakes,Wednesday,20,
6170,22/10/2025,20:58:50,2025-10-22T19:58:50.000Z,~ Sam,Wednesday,20,
6171,22/10/2025,21:13:06,2025-10-22T20:13:06.000Z,‪+44 7845 249214‬,Wednesday,21,
6172,22/10/2025,21:22:20,2025-10-22T20:22:20.000Z,~ William,Wednesday,21,
6173,22/10/2025,21:52:52,2025-10-22T20:52:52.000Z,Bella Cain,Wednesday,21,
6174,22/10/2025,21:54:53,2025-10-22T20:54:53.000Z,~ Jay,Wednesday,21,
6175,22/10/2025,21:59:56,2025-10-22T20:59:56.000Z,~ Lydia Rickard,Wednesday,21,
6176,22/10/2025,22:15:12,2025-10-22T21:15:12.000Z,~ Max,Wednesday,22,
6177,22/10/2025,22:23:31,2025-10-22T21:23:31.000Z,~ C,Wednesday,22,
6178,22/10/2025,22:28:51,2025-10-22T21:28:51.000Z,~ Jay,Wednesday,22,
6179,22/10/2025,22:30:03,2025-10-22T21:30:03.000Z,~ Sam,Wednesday,22,
6180,22/10/2025,22:39:26,2025-10-22T21:39:26.000Z,~ Jordan,Wednesday,22,
6181,23/10/2025,01:49:47,2025-10-23T00:49:47.000Z,~ Alfaro,Thursday,1,
6182,23/10/2025,01:50:33,2025-10-23T00:50:33.000Z,~ Xabi Legras,Thursday,1,
6183,23/10/2025,02:58:26,2025-10-23T01:58:26.000Z,~ Alfaro,Thursday,2,
6184,23/10/2025,03:16:46,2025-10-23T02:16:46.000Z,~ Elliot Tawney,Thursday,3,
6185,23/10/2025,03:30:42,2025-10-23T02:30:42.000Z,~ Xabi Legras,Thursday,3,
6186,23/10/2025,03:50:24,2025-10-23T02:50:24.000Z,~ Alfaro,Thursday,3,
6187,23/10/2025,04:02:26,2025-10-23T03:02:26.000Z,~ Xabi Legras,Thursday,4,
6188,23/10/2025,09:23:29,2025-10-23T08:23:29.000Z,Georgia Jones,Thursday,9,
6189,23/10/2025,09:39:43,2025-10-23T08:39:43.000Z,Georgia Jones,Thursday,9,
6190,23/10/2025,10:35:23,2025-10-23T09:35:23.000Z,Georgia Jones,Thursday,10,
6191,23/10/2025,11:01:16,2025-10-23T10:01:16.000Z,Georgia Jones,Thursday,11,
6192,23/10/2025,11:43:16,2025-10-23T10:43:16.000Z,Georgia Jones,Thursday,11,
6193,23/10/2025,12:21:04,2025-10-23T11:21:04.000Z,Georgia Jones,Thursday,12,
6194,23/10/2025,14:37:59,2025-10-23T13:37:59.000Z,Caitlin Driscoll,Thursday,14,
6195,23/10/2025,15:38:59,2025-10-23T14:38:59.000Z,Bella Cain,Thursday,15,
6196,23/10/2025,15:42:25,2025-10-23T14:42:25.000Z,‪+44 7399 882249‬,Thursday,15,
6197,23/10/2025,16:31:29,2025-10-23T15:31:29.000Z,~ Davescma@gmail.com,Thursday,16,
6198,23/10/2025,17:01:03,2025-10-23T16:01:03.000Z,‪+44 7770 870937‬,Thursday,17,
6199,23/10/2025,17:07:12,2025-10-23T16:07:12.000Z,‪+44 7436 898881‬,Thursday,17,
6200,23/10/2025,17:19:05,2025-10-23T16:19:05.000Z,~ Alex Moore,Thursday,17,
6201,23/10/2025,17:36:22,2025-10-23T16:36:22.000Z,‪+44 7399 882249‬,Thursday,17,
6202,23/10/2025,17:41:19,2025-10-23T16:41:19.000Z,Bella Cain,Thursday,17,
6203,23/10/2025,17:54:42,2025-10-23T16:54:42.000Z,‪+44 7770 870937‬,Thursday,17,
6204,23/10/2025,17:54:53,2025-10-23T16:54:53.000Z,‪+44 7770 870937‬,Thursday,17,
6205,23/10/2025,18:31:51,2025-10-23T17:31:51.000Z,‪+44 7770 870937‬,Thursday,18,
6206,23/10/2025,18:33:08,2025-10-23T17:33:08.000Z,‪+44 7519 803313‬,Thursday,18,
6207,23/10/2025,18:33:10,2025-10-23T17:33:10.000Z,~ Jon,Thursday,18,
6208,23/10/2025,18:45:16,2025-10-23T17:45:16.000Z,~ Dan Dolderson,Thursday,18,
6209,23/10/2025,18:48:51,2025-10-23T17:48:51.000Z,~ Jordan Newman,Thursday,18,
6210,23/10/2025,18:48:51,2025-10-23T17:48:51.000Z,‪+44 7841 958283‬,Thursday,18,
6211,23/10/2025,18:55:36,2025-10-23T17:55:36.000Z,~ Ted Lyall,Thursday,18,
6212,23/10/2025,18:58:31,2025-10-23T17:58:31.000Z,~ Sam,Thursday,18,
6213,23/10/2025,19:16:44,2025-10-23T18:16:44.000Z,~ Rory Oakes,Thursday,19,
6214,23/10/2025,19:17:15,2025-10-23T18:17:15.000Z,‪+44 7770 870937‬,Thursday,19,
6215,23/10/2025,19:18:35,2025-10-23T18:18:35.000Z,~ Lydia Rickard,Thursday,19,
6216,23/10/2025,19:21:58,2025-10-23T18:21:58.000Z,Flo Lewis,Thursday,19,
6217,23/10/2025,19:40:01,2025-10-23T18:40:01.000Z,~ Ellis P,Thursday,19,
6218,23/10/2025,19:42:25,2025-10-23T18:42:25.000Z,Bella Cain,Thursday,19,
6219,23/10/2025,19:48:03,2025-10-23T18:48:03.000Z,‪+44 7770 870937‬,Thursday,19,
6220,23/10/2025,19:50:28,2025-10-23T18:50:28.000Z,Shay,Thursday,19,
6221,23/10/2025,19:53:44,2025-10-23T18:53:44.000Z,~ Dan Dolderson,Thursday,19,
6222,23/10/2025,19:56:41,2025-10-23T18:56:41.000Z,~ Xabi Legras,Thursday,19,
6223,23/10/2025,19:59:52,2025-10-23T18:59:52.000Z,~ Lydia Rickard,Thursday,19,
6224,23/10/2025,20:10:09,2025-10-23T19:10:09.000Z,~ Gary,Thursday,20,
6225,23/10/2025,20:18:51,2025-10-23T19:18:51.000Z,~ Bobby Burnand,Thursday,20,
6226,23/10/2025,20:20:20,2025-10-23T19:20:20.000Z,~ Seann,Thursday,20,
6227,23/10/2025,20:23:59,2025-10-23T19:23:59.000Z,Bella Cain,Thursday,20,
6228,23/10/2025,20:27:24,2025-10-23T19:27:24.000Z,~ Rory Oakes,Thursday,20,
6229,23/10/2025,20:27:33,2025-10-23T19:27:33.000Z,~ Dan Dolderson,Thursday,20,
6230,23/10/2025,20:31:53,2025-10-23T19:31:53.000Z,~ Ellis P,Thursday,20,
6231,23/10/2025,20:32:18,2025-10-23T19:32:18.000Z,Shay,Thursday,20,
6232,23/10/2025,20:36:15,2025-10-23T19:36:15.000Z,~ Andde Pierre,Thursday,20,
6233,23/10/2025,20:39:40,2025-10-23T19:39:40.000Z,~ kevin o'brien,Thursday,20,
6234,23/10/2025,21:08:28,2025-10-23T20:08:28.000Z,~ Dan Dolderson,Thursday,21,
6235,23/10/2025,21:11:42,2025-10-23T20:11:42.000Z,Shay,Thursday,21,
6236,23/10/2025,21:34:18,2025-10-23T20:34:18.000Z,~ Bobby Burnand,Thursday,21,
6237,23/10/2025,21:47:39,2025-10-23T20:47:39.000Z,Shay,Thursday,21,
6238,23/10/2025,21:52:46,2025-10-23T20:52:46.000Z,~ Floss Adcock,Thursday,21,
6239,23/10/2025,21:52:53,2025-10-23T20:52:53.000Z,~ Andde Pierre,Thursday,21,
6240,23/10/2025,21:55:07,2025-10-23T20:55:07.000Z,~ Max,Thursday,21,
6241,23/10/2025,22:02:48,2025-10-23T21:02:48.000Z,~ Billy,Thursday,22,
6242,23/10/2025,22:03:04,2025-10-23T21:03:04.000Z,‪+44 7868 004451‬,Thursday,22,
6243,23/10/2025,22:05:47,2025-10-23T21:05:47.000Z,‪+44 7495 346089‬,Thursday,22,
6244,23/10/2025,22:06:44,2025-10-23T21:06:44.000Z,~ Ellis P,Thursday,22,
6245,23/10/2025,22:12:41,2025-10-23T21:12:41.000Z,~ Adam Gaynor,Thursday,22,
6246,23/10/2025,22:29:38,2025-10-23T21:29:38.000Z,~ Esther Adcock,Thursday,22,
6247,23/10/2025,22:52:57,2025-10-23T21:52:57.000Z,~ Griff,Thursday,22,
6248,23/10/2025,23:04:16,2025-10-23T22:04:16.000Z,‪+44 7498 991732‬,Thursday,23,
6249,23/10/2025,23:25:36,2025-10-23T22:25:36.000Z,~ Floss Adcock,Thursday,23,
6250,23/10/2025,23:31:20,2025-10-23T22:31:20.000Z,~ • J,Thursday,23,
6251,23/10/2025,23:35:43,2025-10-23T22:35:43.000Z,~ Adam Gaynor,Thursday,23,
6252,23/10/2025,23:36:21,2025-10-23T22:36:21.000Z,~ Lucy Kavanagh,Thursday,23,
6253,23/10/2025,23:46:29,2025-10-23T22:46:29.000Z,~ Esther Adcock,Thursday,23,
6254,24/10/2025,00:11:46,2025-10-23T23:11:46.000Z,~ Conor,Friday,0,
6255,24/10/2025,00:18:52,2025-10-23T23:18:52.000Z,~ Adam Gaynor,Friday,0,
6256,24/10/2025,00:31:36,2025-10-23T23:31:36.000Z,~ Danny Thompson,Friday,0,
6257,24/10/2025,01:56:37,2025-10-24T00:56:37.000Z,~ Alfaro,Friday,1,
6258,24/10/2025,01:57:03,2025-10-24T00:57:03.000Z,~ Xabi Legras,Friday,1,
6259,24/10/2025,02:40:25,2025-10-24T01:40:25.000Z,~ Alfaro,Friday,2,
6260,24/10/2025,02:42:19,2025-10-24T01:42:19.000Z,~ Xabi Legras,Friday,2,
6261,24/10/2025,05:06:38,2025-10-24T04:06:38.000Z,~ Alfaro,Friday,5,
6262,24/10/2025,05:07:39,2025-10-24T04:07:39.000Z,~ Xabi Legras,Friday,5,
6263,24/10/2025,05:15:26,2025-10-24T04:15:26.000Z,Georgia Jones,Friday,5,
6264,24/10/2025,05:30:14,2025-10-24T04:30:14.000Z,~ Alfaro,Friday,5,
6265,24/10/2025,05:30:50,2025-10-24T04:30:50.000Z,~ Xabi Legras,Friday,5,
6266,24/10/2025,05:46:06,2025-10-24T04:46:06.000Z,~ Alfaro,Friday,5,
6267,24/10/2025,05:46:48,2025-10-24T04:46:48.000Z,‪+33 6 77 88 41 46‬,Friday,5,
6268,24/10/2025,05:46:52,2025-10-24T04:46:52.000Z,~ Xabi Legras,Friday,5,
6269,24/10/2025,06:00:21,2025-10-24T05:00:21.000Z,Georgia Jones,Friday,6,
6270,24/10/2025,06:23:04,2025-10-24T05:23:04.000Z,Georgia Jones,Friday,6,
6271,24/10/2025,06:46:44,2025-10-24T05:46:44.000Z,Georgia Jones,Friday,6,
6272,24/10/2025,07:08:36,2025-10-24T06:08:36.000Z,~ Alfaro,Friday,7,
6273,24/10/2025,07:08:57,2025-10-24T06:08:57.000Z,~ Xabi Legras,Friday,7,
6274,24/10/2025,07:30:43,2025-10-24T06:30:43.000Z,~ Alfaro,Friday,7,
6275,24/10/2025,07:44:15,2025-10-24T06:44:15.000Z,Georgia Jones,Friday,7,
6276,24/10/2025,08:36:08,2025-10-24T07:36:08.000Z,Georgia Jones,Friday,8,
6277,24/10/2025,08:40:15,2025-10-24T07:40:15.000Z,‪+61 472 540 912‬,Friday,8,
6278,24/10/2025,10:04:12,2025-10-24T09:04:12.000Z,Georgia Jones,Friday,10,
6279,24/10/2025,11:04:17,2025-10-24T10:04:17.000Z,~ Natasha,Friday,11,
6280,24/10/2025,11:16:18,2025-10-24T10:16:18.000Z,Bella Cain,Friday,11,
6281,24/10/2025,11:17:46,2025-10-24T10:17:46.000Z,~ Will McNamara,Friday,11,
6282,24/10/2025,12:36:47,2025-10-24T11:36:47.000Z,~ Natasha,Friday,12,
6283,24/10/2025,12:49:07,2025-10-24T11:49:07.000Z,Flo Lewis,Friday,12,
6284,24/10/2025,13:29:46,2025-10-24T12:29:46.000Z,Lottie Passmore,Friday,13,
6285,24/10/2025,14:20:07,2025-10-24T13:20:07.000Z,~ Natasha,Friday,14,
6286,24/10/2025,14:20:39,2025-10-24T13:20:39.000Z,‪+44 7954 601914‬,Friday,14,
6287,24/10/2025,15:04:39,2025-10-24T14:04:39.000Z,Lottie Passmore,Friday,15,
6288,24/10/2025,15:07:23,2025-10-24T14:07:23.000Z,‪+44 7488 289142‬,Friday,15,
6289,24/10/2025,15:14:44,2025-10-24T14:14:44.000Z,Bella Cain,Friday,15,
6290,24/10/2025,16:44:26,2025-10-24T15:44:26.000Z,‪+44 7436 898881‬,Friday,16,
6291,24/10/2025,16:45:13,2025-10-24T15:45:13.000Z,~ Bernardi,Friday,16,
6292,24/10/2025,16:52:23,2025-10-24T15:52:23.000Z,~ Jon,Friday,16,
6293,24/10/2025,16:54:32,2025-10-24T15:54:32.000Z,~ Lucy Kavanagh,Friday,16,
6294,24/10/2025,17:12:28,2025-10-24T16:12:28.000Z,‪+44 7594 779227‬,Friday,17,
6295,24/10/2025,17:23:53,2025-10-24T16:23:53.000Z,Hannah Page,Friday,17,
6296,24/10/2025,17:44:32,2025-10-24T16:44:32.000Z,‪+44 7877 598207‬,Friday,17,
6297,24/10/2025,17:46:37,2025-10-24T16:46:37.000Z,~ George Smith,Friday,17,
6298,24/10/2025,17:50:15,2025-10-24T16:50:15.000Z,~ Hugh,Friday,17,
6299,24/10/2025,18:06:41,2025-10-24T17:06:41.000Z,‪+44 7503 572945‬,Friday,18,
6300,24/10/2025,18:09:03,2025-10-24T17:09:03.000Z,~ George Smith,Friday,18,
6301,24/10/2025,18:10:07,2025-10-24T17:10:07.000Z,‪+44 7475 217563‬,Friday,18,
6302,24/10/2025,18:12:20,2025-10-24T17:12:20.000Z,~ Jon Rickard,Friday,18,
6303,24/10/2025,18:16:43,2025-10-24T17:16:43.000Z,~ Dan Dolderson,Friday,18,
6304,24/10/2025,18:46:27,2025-10-24T17:46:27.000Z,‪+44 7841 958283‬,Friday,18,
6305,24/10/2025,18:47:57,2025-10-24T17:47:57.000Z,Hannah Page,Friday,18,
6306,24/10/2025,18:54:21,2025-10-24T17:54:21.000Z,~ Brett,Friday,18,
6307,24/10/2025,19:02:13,2025-10-24T18:02:13.000Z,~ Emma Henderson,Friday,19,
6308,24/10/2025,19:04:40,2025-10-24T18:04:40.000Z,‪+44 7447 721497‬,Friday,19,
6309,24/10/2025,19:06:06,2025-10-24T18:06:06.000Z,~ Oscar,Friday,19,
6310,24/10/2025,19:10:36,2025-10-24T18:10:36.000Z,Flo Lewis,Friday,19,
6311,24/10/2025,19:14:04,2025-10-24T18:14:04.000Z,~ George,Friday,19,
6312,24/10/2025,19:15:29,2025-10-24T18:15:29.000Z,~ George Smith,Friday,19,
6313,24/10/2025,19:16:23,2025-10-24T18:16:23.000Z,~ Ellis P,Friday,19,
6314,24/10/2025,19:33:45,2025-10-24T18:33:45.000Z,~ Brett,Friday,19,
6315,24/10/2025,19:45:33,2025-10-24T18:45:33.000Z,~ Jon,Friday,19,
6316,24/10/2025,20:02:53,2025-10-24T19:02:53.000Z,~ Ellis P,Friday,20,
6317,24/10/2025,20:10:07,2025-10-24T19:10:07.000Z,~ Conor,Friday,20,
6318,24/10/2025,20:15:14,2025-10-24T19:15:14.000Z,Flo Lewis,Friday,20,
6319,24/10/2025,20:31:41,2025-10-24T19:31:41.000Z,~ Conor,Friday,20,
6320,24/10/2025,20:41:15,2025-10-24T19:41:15.000Z,~ George Smith,Friday,20,
6321,24/10/2025,20:59:15,2025-10-24T19:59:15.000Z,Hannah Page,Friday,20,
6322,24/10/2025,21:00:29,2025-10-24T20:00:29.000Z,~ Brett,Friday,21,
6323,24/10/2025,21:40:17,2025-10-24T20:40:17.000Z,~ Owen,Friday,21,
6324,24/10/2025,21:41:06,2025-10-24T20:41:06.000Z,‪+44 7594 779227‬,Friday,21,
6325,24/10/2025,21:43:02,2025-10-24T20:43:02.000Z,~ Lucy Kavanagh,Friday,21,
6326,24/10/2025,22:04:27,2025-10-24T21:04:27.000Z,~ Luke Joyce,Friday,22,
6327,24/10/2025,22:27:12,2025-10-24T21:27:12.000Z,~ Nelson,Friday,22,
6328,24/10/2025,22:42:02,2025-10-24T21:42:02.000Z,~ Balazs Deli,Friday,22,
6329,24/10/2025,23:01:55,2025-10-24T22:01:55.000Z,~ Anna,Friday,23,
6330,25/10/2025,00:17:49,2025-10-24T23:17:49.000Z,~ Nelson,Saturday,0,
6331,25/10/2025,03:48:05,2025-10-25T02:48:05.000Z,Georgia Jones,Saturday,3,
6332,25/10/2025,04:22:00,2025-10-25T03:22:00.000Z,Georgia Jones,Saturday,4,
6333,25/10/2025,06:19:41,2025-10-25T05:19:41.000Z,Georgia Jones,Saturday,6,
6334,25/10/2025,06:44:26,2025-10-25T05:44:26.000Z,Georgia Jones,Saturday,6,
6335,25/10/2025,07:10:07,2025-10-25T06:10:07.000Z,~ Jon,Saturday,7,
6336,25/10/2025,08:30:01,2025-10-25T07:30:01.000Z,~ Jon,Saturday,8,
6337,25/10/2025,10:35:59,2025-10-25T09:35:59.000Z,~ Jon,Saturday,10,
6338,25/10/2025,10:46:53,2025-10-25T09:46:53.000Z,‪+44 7415 250751‬,Saturday,10,
6339,25/10/2025,10:47:43,2025-10-25T09:47:43.000Z,~ James Sutton,Saturday,10,
6340,25/10/2025,12:03:43,2025-10-25T11:03:43.000Z,‪+44 7736 800692‬,Saturday,12,
6341,25/10/2025,12:17:54,2025-10-25T11:17:54.000Z,~ Brett,Saturday,12,
6342,25/10/2025,12:36:04,2025-10-25T11:36:04.000Z,~ Jon,Saturday,12,
6343,25/10/2025,12:55:56,2025-10-25T11:55:56.000Z,‪+61 432 821 064‬,Saturday,12,
6344,25/10/2025,13:25:31,2025-10-25T12:25:31.000Z,‪+44 7482 241070‬,Saturday,13,
6345,25/10/2025,14:15:27,2025-10-25T13:15:27.000Z,~ Jon,Saturday,14,
6346,25/10/2025,14:22:10,2025-10-25T13:22:10.000Z,~ Alex Moore,Saturday,14,
6347,25/10/2025,14:23:48,2025-10-25T13:23:48.000Z,Flo Lewis,Saturday,14,
6348,25/10/2025,14:35:55,2025-10-25T13:35:55.000Z,~ Bane Tepavcevic,Saturday,14,
6349,25/10/2025,14:42:22,2025-10-25T13:42:22.000Z,‪+44 7884 017393‬,Saturday,14,
6350,25/10/2025,14:44:59,2025-10-25T13:44:59.000Z,~ Sam,Saturday,14,
6351,25/10/2025,14:52:10,2025-10-25T13:52:10.000Z,~ Will,Saturday,14,
6352,25/10/2025,14:56:48,2025-10-25T13:56:48.000Z,~ Will,Saturday,14,
6353,25/10/2025,14:57:55,2025-10-25T13:57:55.000Z,~ Sam,Saturday,14,
6354,25/10/2025,14:58:07,2025-10-25T13:58:07.000Z,‪+44 7770 870937‬,Saturday,14,
6355,25/10/2025,14:58:08,2025-10-25T13:58:08.000Z,~ Ellis P,Saturday,14,
6356,25/10/2025,15:05:50,2025-10-25T14:05:50.000Z,~ Max Evans,Saturday,15,
6357,25/10/2025,15:16:30,2025-10-25T14:16:30.000Z,~ Liam,Saturday,15,
6358,25/10/2025,15:17:42,2025-10-25T14:17:42.000Z,~ Will,Saturday,15,
6359,25/10/2025,15:18:25,2025-10-25T14:18:25.000Z,~ Tadhg,Saturday,15,
6360,25/10/2025,15:29:36,2025-10-25T14:29:36.000Z,~ Will,Saturday,15,
6361,25/10/2025,15:31:02,2025-10-25T14:31:02.000Z,‪+44 7714 291577‬,Saturday,15,
6362,25/10/2025,15:34:02,2025-10-25T14:34:02.000Z,~ Brett,Saturday,15,
6363,25/10/2025,15:38:21,2025-10-25T14:38:21.000Z,~ Adam Gaynor,Saturday,15,
6364,25/10/2025,16:00:13,2025-10-25T15:00:13.000Z,~ Ellis P,Saturday,16,
6365,25/10/2025,16:04:48,2025-10-25T15:04:48.000Z,~ Daniel Garrett,Saturday,16,
6366,25/10/2025,16:11:09,2025-10-25T15:11:09.000Z,~ Adam Gaynor,Saturday,16,
6367,25/10/2025,16:19:52,2025-10-25T15:19:52.000Z,~ Sam,Saturday,16,
6368,25/10/2025,16:24:05,2025-10-25T15:24:05.000Z,Hannah Page,Saturday,16,
6369,25/10/2025,16:26:36,2025-10-25T15:26:36.000Z,~ Max Evans,Saturday,16,
6370,25/10/2025,16:27:37,2025-10-25T15:27:37.000Z,Bella Cain,Saturday,16,
6371,25/10/2025,16:29:14,2025-10-25T15:29:14.000Z,~ Brett,Saturday,16,
6372,25/10/2025,16:45:57,2025-10-25T15:45:57.000Z,~ Max,Saturday,16,
6373,25/10/2025,16:47:44,2025-10-25T15:47:44.000Z,~ Kamo,Saturday,16,
6374,25/10/2025,16:54:39,2025-10-25T15:54:39.000Z,~ Daniel Garrett,Saturday,16,
6375,25/10/2025,17:02:07,2025-10-25T16:02:07.000Z,~ Brett,Saturday,17,
6376,25/10/2025,17:12:03,2025-10-25T16:12:03.000Z,Annabel Anderson,Saturday,17,
6377,25/10/2025,17:13:00,2025-10-25T16:13:00.000Z,~ William Burton,Saturday,17,
6378,25/10/2025,17:13:37,2025-10-25T16:13:37.000Z,‪+353 83 351 0742‬,Saturday,17,
6379,25/10/2025,17:16:24,2025-10-25T16:16:24.000Z,‪+44 7954 601914‬,Saturday,17,
6380,25/10/2025,17:21:23,2025-10-25T16:21:23.000Z,~ Fiachra,Saturday,17,
6381,25/10/2025,17:22:09,2025-10-25T16:22:09.000Z,~ Lloyd Graham,Saturday,17,
6382,25/10/2025,17:22:12,2025-10-25T16:22:12.000Z,~ Lloyd Graham,Saturday,17,
6383,25/10/2025,17:23:49,2025-10-25T16:23:49.000Z,~ Tim O’Brien,Saturday,17,
6384,25/10/2025,17:30:56,2025-10-25T16:30:56.000Z,‪+44 7954 601914‬,Saturday,17,
6385,25/10/2025,17:32:40,2025-10-25T16:32:40.000Z,~ Sam Ross,Saturday,17,
6386,25/10/2025,17:34:27,2025-10-25T16:34:27.000Z,~ Brett,Saturday,17,
6387,25/10/2025,17:38:38,2025-10-25T16:38:38.000Z,~ Jon Rickard,Saturday,17,
6388,25/10/2025,17:40:48,2025-10-25T16:40:48.000Z,~ Kamo,Saturday,17,
6389,25/10/2025,17:42:04,2025-10-25T16:42:04.000Z,~ Daniel Garrett,Saturday,17,
6390,25/10/2025,17:43:36,2025-10-25T16:43:36.000Z,‪+44 7503 572945‬,Saturday,17,
6391,25/10/2025,17:45:19,2025-10-25T16:45:19.000Z,~ Natasha,Saturday,17,
6392,25/10/2025,17:49:26,2025-10-25T16:49:26.000Z,~ Ellis P,Saturday,17,
6393,25/10/2025,17:54:41,2025-10-25T16:54:41.000Z,~ Nelson,Saturday,17,
6394,25/10/2025,17:59:35,2025-10-25T16:59:35.000Z,~ Justin,Saturday,17,
6395,25/10/2025,17:59:38,2025-10-25T16:59:38.000Z,~ Oscar,Saturday,17,
6396,25/10/2025,18:00:15,2025-10-25T17:00:15.000Z,~ Kamo,Saturday,18,
6397,25/10/2025,18:02:14,2025-10-25T17:02:14.000Z,‪+44 7469 711068‬,Saturday,18,
6398,25/10/2025,18:17:30,2025-10-25T17:17:30.000Z,~ Brett,Saturday,18,
6399,25/10/2025,18:21:12,2025-10-25T17:21:12.000Z,~ Oscar,Saturday,18,
6400,25/10/2025,18:22:54,2025-10-25T17:22:54.000Z,~ Luke Joyce,Saturday,18,
6401,25/10/2025,18:27:15,2025-10-25T17:27:15.000Z,~ Lydia Rickard,Saturday,18,
6402,25/10/2025,18:27:53,2025-10-25T17:27:53.000Z,~ Dan Dolderson,Saturday,18,
6403,25/10/2025,18:29:10,2025-10-25T17:29:10.000Z,~ Daniel Garrett,Saturday,18,
6404,25/10/2025,18:29:27,2025-10-25T17:29:27.000Z,~ Nelson,Saturday,18,
6405,25/10/2025,18:37:17,2025-10-25T17:37:17.000Z,~ Maddie,Saturday,18,
6406,25/10/2025,18:48:33,2025-10-25T17:48:33.000Z,~ Jon,Saturday,18,
6407,25/10/2025,18:49:39,2025-10-25T17:49:39.000Z,~ Sam Ross,Saturday,18,
6408,25/10/2025,18:50:33,2025-10-25T17:50:33.000Z,~ Jay,Saturday,18,
6409,25/10/2025,18:53:52,2025-10-25T17:53:52.000Z,‪+44 7841 486819‬,Saturday,18,
6410,25/10/2025,19:01:31,2025-10-25T18:01:31.000Z,~ Ellis P,Saturday,19,
6411,25/10/2025,19:01:54,2025-10-25T18:01:54.000Z,~ Harry,Saturday,19,
6412,25/10/2025,19:02:40,2025-10-25T18:02:40.000Z,~ Tom,Saturday,19,
6413,25/10/2025,19:05:13,2025-10-25T18:05:13.000Z,~ Brett,Saturday,19,
6414,25/10/2025,19:11:11,2025-10-25T18:11:11.000Z,~ Emma Henderson,Saturday,19,
6415,25/10/2025,19:13:06,2025-10-25T18:13:06.000Z,~ Daniel Garrett,Saturday,19,
6416,25/10/2025,19:14:44,2025-10-25T18:14:44.000Z,~ Baskew,Saturday,19,
6417,25/10/2025,19:20:44,2025-10-25T18:20:44.000Z,~ Lucy Kavanagh,Saturday,19,
6418,25/10/2025,19:24:39,2025-10-25T18:24:39.000Z,‪+353 87 298 5545‬,Saturday,19,
6419,25/10/2025,19:24:42,2025-10-25T18:24:42.000Z,~ Maddie,Saturday,19,
6420,25/10/2025,19:26:03,2025-10-25T18:26:03.000Z,~ Baskew,Saturday,19,
6421,25/10/2025,19:31:51,2025-10-25T18:31:51.000Z,~ Lucy Kavanagh,Saturday,19,
6422,25/10/2025,19:36:05,2025-10-25T18:36:05.000Z,~ Jay,Saturday,19,
6423,25/10/2025,19:39:18,2025-10-25T18:39:18.000Z,‪+44 7584 633750‬,Saturday,19,
6424,25/10/2025,19:46:35,2025-10-25T18:46:35.000Z,~ Harry,Saturday,19,
6425,25/10/2025,19:50:46,2025-10-25T18:50:46.000Z,~ Jay,Saturday,19,
6426,25/10/2025,19:52:12,2025-10-25T18:52:12.000Z,~ Harry,Saturday,19,
6427,25/10/2025,19:52:53,2025-10-25T18:52:53.000Z,~ Balazs Deli,Saturday,19,
6428,25/10/2025,19:53:16,2025-10-25T18:53:16.000Z,~ Daniel Garrett,Saturday,19,
6429,25/10/2025,19:54:44,2025-10-25T18:54:44.000Z,~ Harry,Saturday,19,
6430,25/10/2025,19:55:52,2025-10-25T18:55:52.000Z,~ George Smith,Saturday,19,
6431,25/10/2025,19:56:21,2025-10-25T18:56:21.000Z,~ Nelson,Saturday,19,
6432,25/10/2025,19:56:35,2025-10-25T18:56:35.000Z,‪+353 83 351 0742‬,Saturday,19,
6433,25/10/2025,19:59:53,2025-10-25T18:59:53.000Z,‪+44 7532 827880‬,Saturday,19,
6434,25/10/2025,20:00:05,2025-10-25T19:00:05.000Z,~ Connor,Saturday,20,
6435,25/10/2025,20:01:42,2025-10-25T19:01:42.000Z,~ C,Saturday,20,
6436,25/10/2025,20:09:02,2025-10-25T19:09:02.000Z,~ Harry MacKeogh,Saturday,20,
6437,25/10/2025,20:09:32,2025-10-25T19:09:32.000Z,~ Daniel Hallam,Saturday,20,
6438,25/10/2025,20:10:11,2025-10-25T19:10:11.000Z,‪+353 83 144 4340‬,Saturday,20,
6439,25/10/2025,20:10:17,2025-10-25T19:10:17.000Z,‪+44 7469 711068‬,Saturday,20,
6440,25/10/2025,20:10:20,2025-10-25T19:10:20.000Z,‪+44 7469 711068‬,Saturday,20,
6441,25/10/2025,20:16:13,2025-10-25T19:16:13.000Z,‪+44 7469 208115‬,Saturday,20,
6442,25/10/2025,20:20:34,2025-10-25T19:20:34.000Z,~ George Smith,Saturday,20,
6443,25/10/2025,20:21:59,2025-10-25T19:21:59.000Z,‪+44 7584 659303‬,Saturday,20,
6444,25/10/2025,20:28:20,2025-10-25T19:28:20.000Z,~ Baskew,Saturday,20,
6445,25/10/2025,20:29:00,2025-10-25T19:29:00.000Z,~ Dan Dolderson,Saturday,20,
6446,25/10/2025,20:30:15,2025-10-25T19:30:15.000Z,‪+353 87 185 0907‬,Saturday,20,
6447,25/10/2025,20:31:22,2025-10-25T19:31:22.000Z,~ Matthew,Saturday,20,
6448,25/10/2025,20:31:45,2025-10-25T19:31:45.000Z,‪+353 83 351 0742‬,Saturday,20,
6449,25/10/2025,20:35:07,2025-10-25T19:35:07.000Z,‪+44 7495 346089‬,Saturday,20,
6450,25/10/2025,20:38:11,2025-10-25T19:38:11.000Z,~ Nelson,Saturday,20,
6451,25/10/2025,20:39:22,2025-10-25T19:39:22.000Z,~ Ellis P,Saturday,20,
6452,25/10/2025,20:43:31,2025-10-25T19:43:31.000Z,‪+353 83 351 0742‬,Saturday,20,
6453,25/10/2025,20:44:24,2025-10-25T19:44:24.000Z,~ George Smith,Saturday,20,
6454,25/10/2025,20:50:14,2025-10-25T19:50:14.000Z,~ Lucy Kavanagh,Saturday,20,
6455,25/10/2025,21:03:12,2025-10-25T20:03:12.000Z,~ Harry,Saturday,21,
6456,25/10/2025,21:03:44,2025-10-25T20:03:44.000Z,~ Jamie,Saturday,21,
6457,25/10/2025,21:04:12,2025-10-25T20:04:12.000Z,~ Balazs Deli,Saturday,21,
6458,25/10/2025,21:07:26,2025-10-25T20:07:26.000Z,‪+44 7584 633750‬,Saturday,21,
6459,25/10/2025,21:09:00,2025-10-25T20:09:00.000Z,~ Max,Saturday,21,
6460,25/10/2025,21:10:38,2025-10-25T20:10:38.000Z,~ George Smith,Saturday,21,
6461,25/10/2025,21:12:18,2025-10-25T20:12:18.000Z,‪+353 89 238 4320‬,Saturday,21,
6462,25/10/2025,21:13:05,2025-10-25T20:13:05.000Z,‪+44 7376 635466‬,Saturday,21,
6463,25/10/2025,21:13:51,2025-10-25T20:13:51.000Z,~ Baskew,Saturday,21,
6464,25/10/2025,21:14:07,2025-10-25T20:14:07.000Z,~ Brett,Saturday,21,
6465,25/10/2025,21:16:24,2025-10-25T20:16:24.000Z,~ Ellis P,Saturday,21,
6466,25/10/2025,21:18:09,2025-10-25T20:18:09.000Z,‪+44 7482 241070‬,Saturday,21,
6467,25/10/2025,21:19:26,2025-10-25T20:19:26.000Z,~ Jon,Saturday,21,
6468,25/10/2025,21:26:15,2025-10-25T20:26:15.000Z,‪+44 7837 945505‬,Saturday,21,
6469,25/10/2025,21:26:42,2025-10-25T20:26:42.000Z,~ Duncan,Saturday,21,
6470,25/10/2025,21:29:27,2025-10-25T20:29:27.000Z,~ Flora,Saturday,21,
6471,25/10/2025,21:29:51,2025-10-25T20:29:51.000Z,~ Sam,Saturday,21,
6472,25/10/2025,21:30:09,2025-10-25T20:30:09.000Z,‪+353 83 351 0742‬,Saturday,21,
6473,25/10/2025,21:30:28,2025-10-25T20:30:28.000Z,‪+353 87 185 0907‬,Saturday,21,
6474,25/10/2025,21:31:32,2025-10-25T20:31:32.000Z,Caitlin Driscoll,Saturday,21,
6475,25/10/2025,21:32:20,2025-10-25T20:32:20.000Z,~ Daniel Hallam,Saturday,21,
6476,25/10/2025,21:32:59,2025-10-25T20:32:59.000Z,~ Callum Dott,Saturday,21,
6477,25/10/2025,21:41:58,2025-10-25T20:41:58.000Z,~ Brett,Saturday,21,
6478,25/10/2025,21:48:38,2025-10-25T20:48:38.000Z,~ George Smith,Saturday,21,
6479,25/10/2025,21:50:26,2025-10-25T20:50:26.000Z,~ Oscar,Saturday,21,
6480,25/10/2025,21:58:55,2025-10-25T20:58:55.000Z,‪+353 83 351 0742‬,Saturday,21,
6481,25/10/2025,22:00:58,2025-10-25T21:00:58.000Z,~ Ellis P,Saturday,22,
6482,25/10/2025,22:06:13,2025-10-25T21:06:13.000Z,~ Justin,Saturday,22,
6483,25/10/2025,22:06:39,2025-10-25T21:06:39.000Z,~ Emma Henderson,Saturday,22,
6484,25/10/2025,22:07:40,2025-10-25T21:07:40.000Z,~ Harry,Saturday,22,
6485,25/10/2025,22:14:05,2025-10-25T21:14:05.000Z,~ Matthew,Saturday,22,
6486,25/10/2025,22:15:10,2025-10-25T21:15:10.000Z,‪+44 7469 711068‬,Saturday,22,
6487,25/10/2025,22:18:02,2025-10-25T21:18:02.000Z,~ Harry MacKeogh,Saturday,22,
6488,25/10/2025,22:20:20,2025-10-25T21:20:20.000Z,~ Tom,Saturday,22,
6489,25/10/2025,22:20:51,2025-10-25T21:20:51.000Z,~ Baskew,Saturday,22,
6490,25/10/2025,22:23:08,2025-10-25T21:23:08.000Z,~ Daniel Garrett,Saturday,22,
6491,25/10/2025,22:23:23,2025-10-25T21:23:23.000Z,~ Ben Norris,Saturday,22,
6492,25/10/2025,22:33:11,2025-10-25T21:33:11.000Z,~ Brett,Saturday,22,
6493,25/10/2025,22:41:56,2025-10-25T21:41:56.000Z,~ Jessie,Saturday,22,
6494,25/10/2025,22:42:50,2025-10-25T21:42:50.000Z,Izzy Hyland-Parys,Saturday,22,
6495,25/10/2025,22:53:58,2025-10-25T21:53:58.000Z,~ Harry,Saturday,22,
6496,25/10/2025,22:54:26,2025-10-25T21:54:26.000Z,~ Duncan,Saturday,22,
6497,25/10/2025,22:54:43,2025-10-25T21:54:43.000Z,~ Ellis P,Saturday,22,
6498,25/10/2025,22:56:19,2025-10-25T21:56:19.000Z,~ Maddie,Saturday,22,
6499,25/10/2025,23:01:59,2025-10-25T22:01:59.000Z,Eleanor Cowell,Saturday,23,
6500,25/10/2025,23:04:17,2025-10-25T22:04:17.000Z,‪+353 89 238 4320‬,Saturday,23,
6501,25/10/2025,23:16:08,2025-10-25T22:16:08.000Z,‪+353 87 393 5544‬,Saturday,23,
6502,25/10/2025,23:20:43,2025-10-25T22:20:43.000Z,~ Daniel Garrett,Saturday,23,
6503,25/10/2025,23:24:19,2025-10-25T22:24:19.000Z,~ Brett,Saturday,23,
6504,25/10/2025,23:42:15,2025-10-25T22:42:15.000Z,‪+44 7532 827880‬,Saturday,23,
6505,25/10/2025,23:45:08,2025-10-25T22:45:08.000Z,~ Conor,Saturday,23,
6506,26/10/2025,00:00:47,2025-10-25T23:00:47.000Z,~ Ellis P,Sunday,0,
6507,26/10/2025,00:03:37,2025-10-25T23:03:37.000Z,~ Max,Sunday,0,
6508,26/10/2025,00:55:29,2025-10-25T23:55:29.000Z,‪+353 86 245 3724‬,Sunday,0,
6509,26/10/2025,01:09:16,2025-10-26T00:09:16.000Z,~ Lauryn,Sunday,1,
6510,26/10/2025,01:42:52,2025-10-26T00:42:52.000Z,~ Tom,Sunday,1,
6511,26/10/2025,01:45:55,2025-10-26T00:45:55.000Z,~ Conor,Sunday,1,
6512,26/10/2025,02:59:21,2025-10-26T02:59:21.000Z,Georgia Jones,Sunday,2,
6513,26/10/2025,03:37:06,2025-10-26T03:37:06.000Z,Georgia Jones,Sunday,3,
6514,26/10/2025,03:37:43,2025-10-26T03:37:43.000Z,Georgia Jones,Sunday,3,
6515,26/10/2025,03:43:50,2025-10-26T03:43:50.000Z,~ Conor,Sunday,3,
6516,26/10/2025,04:23:37,2025-10-26T04:23:37.000Z,Georgia Jones,Sunday,4,
6517,26/10/2025,04:40:53,2025-10-26T04:40:53.000Z,Georgia Jones,Sunday,4,
6518,26/10/2025,04:50:58,2025-10-26T04:50:58.000Z,~ Alfaro,Sunday,4,
6519,26/10/2025,04:53:43,2025-10-26T04:53:43.000Z,~ Lauryn,Sunday,4,
6520,26/10/2025,06:18:38,2025-10-26T06:18:38.000Z,~ Robyn,Sunday,6,
6521,26/10/2025,06:20:22,2025-10-26T06:20:22.000Z,~ Hannah,Sunday,6,
6522,26/10/2025,06:35:31,2025-10-26T06:35:31.000Z,~ Max,Sunday,6,
6523,26/10/2025,06:52:06,2025-10-26T06:52:06.000Z,~ Jon,Sunday,6,
6524,26/10/2025,07:04:18,2025-10-26T07:04:18.000Z,~ Robyn,Sunday,7,
6525,26/10/2025,07:20:45,2025-10-26T07:20:45.000Z,~ James Sutton,Sunday,7,
6526,26/10/2025,07:39:48,2025-10-26T07:39:48.000Z,Georgia Jones,Sunday,7,
6527,26/10/2025,08:13:21,2025-10-26T08:13:21.000Z,~ Will McNamara,Sunday,8,
6528,26/10/2025,12:04:51,2025-10-26T12:04:51.000Z,Livvy,Sunday,12,
6529,26/10/2025,12:21:18,2025-10-26T12:21:18.000Z,~ Bane Tepavcevic,Sunday,12,
6530,26/10/2025,12:21:23,2025-10-26T12:21:23.000Z,~ Bane Tepavcevic,Sunday,12,
6531,26/10/2025,12:24:37,2025-10-26T12:24:37.000Z,~ Will McNamara,Sunday,12,
6532,26/10/2025,12:33:33,2025-10-26T12:33:33.000Z,~ Tim O’Brien,Sunday,12,
6533,26/10/2025,13:12:11,2025-10-26T13:12:11.000Z,~ Alex Moore,Sunday,13,
6534,26/10/2025,13:49:04,2025-10-26T13:49:04.000Z,‪+44 7736 800692‬,Sunday,13,
6535,26/10/2025,13:49:30,2025-10-26T13:49:30.000Z,~ Alex Moore,Sunday,13,
6536,26/10/2025,14:12:09,2025-10-26T14:12:09.000Z,~ Seann,Sunday,14,
6537,26/10/2025,14:13:08,2025-10-26T14:13:08.000Z,~ Jon,Sunday,14,
6538,26/10/2025,14:22:11,2025-10-26T14:22:11.000Z,~ Alex Moore,Sunday,14,
6539,26/10/2025,14:23:29,2025-10-26T14:23:29.000Z,Flo Lewis,Sunday,14,
6540,26/10/2025,15:06:40,2025-10-26T15:06:40.000Z,~ Seann,Sunday,15,
6541,26/10/2025,15:13:33,2025-10-26T15:13:33.000Z,Bella Cain,Sunday,15,
6542,26/10/2025,15:19:15,2025-10-26T15:19:15.000Z,‪+353 87 298 5545‬,Sunday,15,
6543,26/10/2025,16:05:10,2025-10-26T16:05:10.000Z,Annabel Anderson,Sunday,16,
6544,26/10/2025,16:31:12,2025-10-26T16:31:12.000Z,~ Max,Sunday,16,
6545,26/10/2025,16:49:13,2025-10-26T16:49:13.000Z,‪+44 7484 224412‬,Sunday,16,
6546,26/10/2025,16:53:59,2025-10-26T16:53:59.000Z,~ Mark Wiszk,Sunday,16,
6547,26/10/2025,17:06:08,2025-10-26T17:06:08.000Z,Flo Lewis,Sunday,17,
6548,26/10/2025,17:07:23,2025-10-26T17:07:23.000Z,~ Ellis P,Sunday,17,
6549,26/10/2025,17:19:10,2025-10-26T17:19:10.000Z,‪+44 7770 870937‬,Sunday,17,
6550,26/10/2025,17:20:06,2025-10-26T17:20:06.000Z,‪+44 7908 824189‬,Sunday,17,
6551,26/10/2025,17:32:46,2025-10-26T17:32:46.000Z,~ C,Sunday,17,
6552,26/10/2025,17:44:48,2025-10-26T17:44:48.000Z,~ Oliver Graham,Sunday,17,
6553,26/10/2025,17:44:54,2025-10-26T17:44:54.000Z,~ Oliver Graham,Sunday,17,
6554,26/10/2025,17:57:43,2025-10-26T17:57:43.000Z,~ C,Sunday,17,
6555,26/10/2025,17:58:17,2025-10-26T17:58:17.000Z,‪+44 7770 870937‬,Sunday,17,
6556,26/10/2025,18:01:09,2025-10-26T18:01:09.000Z,~ C,Sunday,18,
6557,26/10/2025,18:11:14,2025-10-26T18:11:14.000Z,‪+353 87 298 5545‬,Sunday,18,
6558,26/10/2025,18:11:54,2025-10-26T18:11:54.000Z,‪+353 83 351 0742‬,Sunday,18,
6559,26/10/2025,18:13:24,2025-10-26T18:13:24.000Z,~ Justin,Sunday,18,
6560,26/10/2025,18:35:56,2025-10-26T18:35:56.000Z,~ Tim O’Brien,Sunday,18,
6561,26/10/2025,18:46:28,2025-10-26T18:46:28.000Z,~ Baskew,Sunday,18,
6562,26/10/2025,18:49:49,2025-10-26T18:49:49.000Z,‪+353 87 298 5545‬,Sunday,18,
6563,26/10/2025,18:59:38,2025-10-26T18:59:38.000Z,Bella Cain,Sunday,18,
6564,26/10/2025,19:09:57,2025-10-26T19:09:57.000Z,Caitlin Driscoll,Sunday,19,
6565,26/10/2025,19:17:09,2025-10-26T19:17:09.000Z,~ Ellis P,Sunday,19,
6566,26/10/2025,19:22:20,2025-10-26T19:22:20.000Z,~ Jessie,Sunday,19,
6567,26/10/2025,19:28:43,2025-10-26T19:28:43.000Z,~ Adam RM,Sunday,19,
6568,26/10/2025,20:10:18,2025-10-26T20:10:18.000Z,‪+353 83 351 0742‬,Sunday,20,
6569,26/10/2025,20:12:04,2025-10-26T20:12:04.000Z,~ Mark,Sunday,20,
6570,26/10/2025,20:36:06,2025-10-26T20:36:06.000Z,~ Adam RM,Sunday,20,
6571,26/10/2025,21:13:02,2025-10-26T21:13:02.000Z,~ Baskew,Sunday,21,
6572,26/10/2025,21:21:02,2025-10-26T21:21:02.000Z,‪+353 87 298 5545‬,Sunday,21,
6573,26/10/2025,21:22:48,2025-10-26T21:22:48.000Z,~ Kamo,Sunday,21,
6574,26/10/2025,21:23:23,2025-10-26T21:23:23.000Z,~ Camron Calder,Sunday,21,
6575,26/10/2025,21:35:03,2025-10-26T21:35:03.000Z,~ Jess Westwood,Sunday,21,
6576,26/10/2025,22:24:27,2025-10-26T22:24:27.000Z,~ Daniel Garrett,Sunday,22,
6577,26/10/2025,22:29:08,2025-10-26T22:29:08.000Z,~ Kamo,Sunday,22,
6578,26/10/2025,23:01:51,2025-10-26T23:01:51.000Z,‪+353 87 298 5545‬,Sunday,23,
6579,26/10/2025,23:02:21,2025-10-26T23:02:21.000Z,~ Baskew,Sunday,23,
6580,26/10/2025,23:12:59,2025-10-26T23:12:59.000Z,~ Daniel Garrett,Sunday,23,
6581,27/10/2025,10:58:41,2025-10-27T10:58:41.000Z,~ Natasha,Monday,10,
6582,27/10/2025,13:24:32,2025-10-27T13:24:32.000Z,Flo Lewis,Monday,13,
6583,27/10/2025,14:04:17,2025-10-27T14:04:17.000Z,Annabel Anderson,Monday,14,
6584,27/10/2025,14:50:44,2025-10-27T14:50:44.000Z,Flo Lewis,Monday,14,
6585,27/10/2025,15:23:30,2025-10-27T15:23:30.000Z,~ Natasha,Monday,15,
6586,27/10/2025,17:33:31,2025-10-27T17:33:31.000Z,~ C,Monday,17,
6587,27/10/2025,18:08:40,2025-10-27T18:08:40.000Z,~ Jon Rickard,Monday,18,
6588,27/10/2025,18:09:01,2025-10-27T18:09:01.000Z,~ Nelson,Monday,18,
6589,27/10/2025,18:10:58,2025-10-27T18:10:58.000Z,~ Bane Tepavcevic,Monday,18,
6590,27/10/2025,18:55:38,2025-10-27T18:55:38.000Z,~ Nelson,Monday,18,
6591,27/10/2025,19:49:12,2025-10-27T19:49:12.000Z,~ Nelson,Monday,19,
6592,27/10/2025,19:59:05,2025-10-27T19:59:05.000Z,Annabel Anderson,Monday,19,
6593,27/10/2025,19:59:43,2025-10-27T19:59:43.000Z,~ George,Monday,19,
6594,27/10/2025,20:09:24,2025-10-27T20:09:24.000Z,~ Ellis P,Monday,20,
6595,27/10/2025,20:17:04,2025-10-27T20:17:04.000Z,~ C,Monday,20,
6596,27/10/2025,20:35:09,2025-10-27T20:35:09.000Z,~ C,Monday,20,
6597,27/10/2025,20:46:58,2025-10-27T20:46:58.000Z,‪+44 7983 263603‬,Monday,20,
6598,28/10/2025,14:49:09,2025-10-28T14:49:09.000Z,‪+44 7519 803313‬,Tuesday,14,
6599,28/10/2025,15:05:48,2025-10-28T15:05:48.000Z,~ Hugh,Tuesday,15,
6600,28/10/2025,16:43:26,2025-10-28T16:43:26.000Z,~ Max,Tuesday,16,
6601,28/10/2025,16:48:37,2025-10-28T16:48:37.000Z,~ Hugh,Tuesday,16,
6602,28/10/2025,17:19:13,2025-10-28T17:19:13.000Z,~ Balazs Deli,Tuesday,17,
6603,28/10/2025,17:23:47,2025-10-28T17:23:47.000Z,~ Martins,Tuesday,17,
6604,28/10/2025,17:34:34,2025-10-28T17:34:34.000Z,Caitlin Driscoll,Tuesday,17,
6605,28/10/2025,17:34:36,2025-10-28T17:34:36.000Z,~ Martins,Tuesday,17,
6606,28/10/2025,17:49:53,2025-10-28T17:49:53.000Z,~ Ben,Tuesday,17,
6607,28/10/2025,17:51:38,2025-10-28T17:51:38.000Z,~ Max,Tuesday,17,
6608,28/10/2025,18:21:13,2025-10-28T18:21:13.000Z,~ Marsh,Tuesday,18,
6609,28/10/2025,21:24:52,2025-10-28T21:24:52.000Z,‪+44 7415 250751‬,Tuesday,21,
6610,28/10/2025,21:27:02,2025-10-28T21:27:02.000Z,‪+44 7709 244161‬,Tuesday,21,
6611,28/10/2025,22:37:57,2025-10-28T22:37:57.000Z,~ Esther Adcock,Tuesday,22,
6612,28/10/2025,22:39:28,2025-10-28T22:39:28.000Z,~ Baskew,Tuesday,22,
6613,28/10/2025,23:08:59,2025-10-28T23:08:59.000Z,‪+44 7506 586087‬,Tuesday,23,
6614,28/10/2025,23:35:58,2025-10-28T23:35:58.000Z,~ Nelson,Tuesday,23,
6615,29/10/2025,00:58:14,2025-10-29T00:58:14.000Z,Georgia Jones,Wednesday,0,
6616,29/10/2025,01:29:30,2025-10-29T01:29:30.000Z,Georgia Jones,Wednesday,1,
6617,29/10/2025,03:17:53,2025-10-29T03:17:53.000Z,Georgia Jones,Wednesday,3,
6618,29/10/2025,03:18:41,2025-10-29T03:18:41.000Z,~ James Sutton,Wednesday,3,
6619,29/10/2025,04:57:44,2025-10-29T04:57:44.000Z,Georgia Jones,Wednesday,4,
6620,29/10/2025,05:52:20,2025-10-29T05:52:20.000Z,Georgia Jones,Wednesday,5,
6621,29/10/2025,06:17:14,2025-10-29T06:17:14.000Z,~ Elliot Tawney,Wednesday,6,
6622,29/10/2025,07:04:58,2025-10-29T07:04:58.000Z,~ James Sutton,Wednesday,7,
6623,29/10/2025,07:22:31,2025-10-29T07:22:31.000Z,~ Hannah,Wednesday,7,
6624,29/10/2025,12:26:15,2025-10-29T12:26:15.000Z,Flo Lewis,Wednesday,12,
6625,29/10/2025,13:13:55,2025-10-29T13:13:55.000Z,Flo Lewis,Wednesday,13,
6626,29/10/2025,13:34:17,2025-10-29T13:34:17.000Z,Georgia Jones,Wednesday,13,
6627,29/10/2025,15:37:01,2025-10-29T15:37:01.000Z,~ Bernardi,Wednesday,15,
6628,29/10/2025,15:46:04,2025-10-29T15:46:04.000Z,Georgia Jones,Wednesday,15,
6629,29/10/2025,16:10:33,2025-10-29T16:10:33.000Z,‪+44 7770 870937‬,Wednesday,16,
6630,29/10/2025,16:35:12,2025-10-29T16:35:12.000Z,‪+44 7770 870937‬,Wednesday,16,
6631,29/10/2025,17:45:27,2025-10-29T17:45:27.000Z,~ Oliver Graham,Wednesday,17,
6632,29/10/2025,17:45:38,2025-10-29T17:45:38.000Z,~ Oliver Graham,Wednesday,17,
6633,29/10/2025,17:50:28,2025-10-29T17:50:28.000Z,~ Jake Rooney,Wednesday,17,
6634,29/10/2025,17:56:08,2025-10-29T17:56:08.000Z,~ Marsh,Wednesday,17,
6635,29/10/2025,18:05:44,2025-10-29T18:05:44.000Z,~ George Smith,Wednesday,18,
6636,29/10/2025,18:30:59,2025-10-29T18:30:59.000Z,~ Marsh,Wednesday,18,
6637,29/10/2025,18:34:24,2025-10-29T18:34:24.000Z,‪+44 7503 077500‬,Wednesday,18,
6638,29/10/2025,18:54:46,2025-10-29T18:54:46.000Z,~ Bernardi,Wednesday,18,
6639,29/10/2025,19:01:18,2025-10-29T19:01:18.000Z,Annabel Anderson,Wednesday,19,
6640,29/10/2025,19:03:51,2025-10-29T19:03:51.000Z,~ George Smith,Wednesday,19,
6641,29/10/2025,19:06:49,2025-10-29T19:06:49.000Z,‪+44 7469 711068‬,Wednesday,19,
6642,29/10/2025,19:19:41,2025-10-29T19:19:41.000Z,~ kevin o'brien,Wednesday,19,
6643,29/10/2025,19:19:43,2025-10-29T19:19:43.000Z,~ George Smith,Wednesday,19,
6644,29/10/2025,20:36:49,2025-10-29T20:36:49.000Z,~ George Smith,Wednesday,20,
6645,29/10/2025,20:38:11,2025-10-29T20:38:11.000Z,~ Natasha,Wednesday,20,
6646,29/10/2025,21:09:39,2025-10-29T21:09:39.000Z,~ C,Wednesday,21,
6647,29/10/2025,21:13:53,2025-10-29T21:13:53.000Z,‪+44 7521 936339‬,Wednesday,21,
6648,29/10/2025,21:52:46,2025-10-29T21:52:46.000Z,~ Sam,Wednesday,21,
6649,29/10/2025,22:25:42,2025-10-29T22:25:42.000Z,Hannah Page,Wednesday,22,
6650,30/10/2025,06:37:04,2025-10-30T06:37:04.000Z,~ Elliot Tawney,Thursday,6,
6651,30/10/2025,07:57:21,2025-10-30T07:57:21.000Z,~ Will McNamara,Thursday,7,
6652,30/10/2025,09:07:04,2025-10-30T09:07:04.000Z,Annabel Anderson,Thursday,9,
6653,30/10/2025,09:14:29,2025-10-30T09:14:29.000Z,Shay,Thursday,9,
6654,30/10/2025,09:27:24,2025-10-30T09:27:24.000Z,Hannah Page,Thursday,9,
6655,30/10/2025,09:39:23,2025-10-30T09:39:23.000Z,Annabel Anderson,Thursday,9,
6656,30/10/2025,10:05:49,2025-10-30T10:05:49.000Z,Caitlin Driscoll,Thursday,10,
6657,30/10/2025,10:34:21,2025-10-30T10:34:21.000Z,Flo Lewis,Thursday,10,
6658,30/10/2025,11:19:45,2025-10-30T11:19:45.000Z,Flo Lewis,Thursday,11,
6659,30/10/2025,11:58:53,2025-10-30T11:58:53.000Z,Flo Lewis,Thursday,11,
6660,30/10/2025,12:22:45,2025-10-30T12:22:45.000Z,Flo Lewis,Thursday,12,
6661,30/10/2025,12:51:35,2025-10-30T12:51:35.000Z,~ Sean,Thursday,12,
6662,30/10/2025,12:52:36,2025-10-30T12:52:36.000Z,‪+44 7709 244161‬,Thursday,12,
6663,30/10/2025,12:59:57,2025-10-30T12:59:57.000Z,Flo Lewis,Thursday,12,
6664,30/10/2025,13:00:17,2025-10-30T13:00:17.000Z,‪+44 7709 244161‬,Thursday,13,
6665,30/10/2025,13:22:22,2025-10-30T13:22:22.000Z,‪+44 7545 272965‬,Thursday,13,
6666,30/10/2025,13:38:23,2025-10-30T13:38:23.000Z,Flo Lewis,Thursday,13,
6667,30/10/2025,13:41:53,2025-10-30T13:41:53.000Z,~ Jon Rickard,Thursday,13,
6668,30/10/2025,14:09:01,2025-10-30T14:09:01.000Z,‪+44 7545 272965‬,Thursday,14,
6669,30/10/2025,14:42:03,2025-10-30T14:42:03.000Z,Livvy,Thursday,14,
6670,30/10/2025,15:45:41,2025-10-30T15:45:41.000Z,Georgia Jones,Thursday,15,
6671,30/10/2025,15:45:56,2025-10-30T15:45:56.000Z,Georgia Jones,Thursday,15,
6672,30/10/2025,15:46:10,2025-10-30T15:46:10.000Z,Georgia Jones,Thursday,15,
6673,30/10/2025,15:46:22,2025-10-30T15:46:22.000Z,Georgia Jones,Thursday,15,
6674,30/10/2025,16:09:02,2025-10-30T16:09:02.000Z,‪+44 7770 870937‬,Thursday,16,
6675,30/10/2025,16:37:09,2025-10-30T16:37:09.000Z,‪+44 7770 870937‬,Thursday,16,
6676,30/10/2025,16:49:51,2025-10-30T16:49:51.000Z,~ Max,Thursday,16,
6677,30/10/2025,17:09:23,2025-10-30T17:09:23.000Z,~ Marsh,Thursday,17,
6678,30/10/2025,17:38:20,2025-10-30T17:38:20.000Z,~ C,Thursday,17,
6679,30/10/2025,18:00:03,2025-10-30T18:00:03.000Z,~ C,Thursday,18,
6680,30/10/2025,18:01:24,2025-10-30T18:01:24.000Z,‪+44 7845 249214‬,Thursday,18,
6681,30/10/2025,18:07:14,2025-10-30T18:07:14.000Z,~ Connor,Thursday,18,
6682,30/10/2025,18:29:52,2025-10-30T18:29:52.000Z,~ Sam,Thursday,18,
6683,30/10/2025,18:30:30,2025-10-30T18:30:30.000Z,~ C,Thursday,18,
6684,30/10/2025,18:36:08,2025-10-30T18:36:08.000Z,~ Andde Pierre,Thursday,18,
6685,30/10/2025,18:46:22,2025-10-30T18:46:22.000Z,‪+44 7468 526767‬,Thursday,18,
6686,30/10/2025,18:47:18,2025-10-30T18:47:18.000Z,~ Connor,Thursday,18,
6687,30/10/2025,18:47:18,2025-10-30T18:47:18.000Z,~ Connor,Thursday,18,
6688,30/10/2025,19:09:44,2025-10-30T19:09:44.000Z,‪+44 7501 062670‬,Thursday,19,
6689,30/10/2025,19:19:23,2025-10-30T19:19:23.000Z,~ Bernardi,Thursday,19,
6690,30/10/2025,20:10:22,2025-10-30T20:10:22.000Z,Izzy Hyland-Parys,Thursday,20,
6691,30/10/2025,20:17:42,2025-10-30T20:17:42.000Z,~ Andde Pierre,Thursday,20,
6692,30/10/2025,20:25:51,2025-10-30T20:25:51.000Z,~ Ellis P,Thursday,20,
6693,30/10/2025,20:33:43,2025-10-30T20:33:43.000Z,~ Sean,Thursday,20,
6694,30/10/2025,20:43:47,2025-10-30T20:43:47.000Z,~ Ellis P,Thursday,20,
6695,30/10/2025,21:25:06,2025-10-30T21:25:06.000Z,~ Andde Pierre,Thursday,21,
6696,30/10/2025,21:39:05,2025-10-30T21:39:05.000Z,‪+353 87 349 8340‬,Thursday,21,
6697,30/10/2025,21:42:35,2025-10-30T21:42:35.000Z,‪+44 7709 244161‬,Thursday,21,
6698,30/10/2025,21:51:27,2025-10-30T21:51:27.000Z,‪+353 83 166 4292‬,Thursday,21,
6699,30/10/2025,22:03:10,2025-10-30T22:03:10.000Z,~ Kamo,Thursday,22,
6700,30/10/2025,22:06:45,2025-10-30T22:06:45.000Z,~ Ted Lyall,Thursday,22,
6701,30/10/2025,22:20:15,2025-10-30T22:20:15.000Z,~ Ellis P,Thursday,22,
6702,30/10/2025,22:25:14,2025-10-30T22:25:14.000Z,‪+44 7378 350684‬,Thursday,22,
6703,30/10/2025,22:42:15,2025-10-30T22:42:15.000Z,~ Martins,Thursday,22,
6704,30/10/2025,22:42:20,2025-10-30T22:42:20.000Z,~ Martins,Thursday,22,
6705,31/10/2025,01:05:42,2025-10-31T01:05:42.000Z,Annabel Anderson,Friday,1,
6706,31/10/2025,01:28:49,2025-10-31T01:28:49.000Z,Shay,Friday,1,
6707,31/10/2025,04:31:44,2025-10-31T04:31:44.000Z,Shay,Friday,4,
6708,31/10/2025,05:03:30,2025-10-31T05:03:30.000Z,Shay,Friday,5,
6709,31/10/2025,06:36:39,2025-10-31T06:36:39.000Z,Flo Lewis,Friday,6,
6710,31/10/2025,10:01:44,2025-10-31T10:01:44.000Z,Georgia Jones,Friday,10,
6711,31/10/2025,12:33:10,2025-10-31T12:33:10.000Z,~ Jordan Newman,Friday,12,
6712,31/10/2025,12:58:06,2025-10-31T12:58:06.000Z,Shay,Friday,12,
6713,31/10/2025,13:15:20,2025-10-31T13:15:20.000Z,Shay,Friday,13,
6714,31/10/2025,13:15:37,2025-10-31T13:15:37.000Z,Hannah Page,Friday,13,
6715,31/10/2025,13:17:41,2025-10-31T13:17:41.000Z,~ Maddie,Friday,13,
6716,31/10/2025,13:33:38,2025-10-31T13:33:38.000Z,~ Maddie,Friday,13,
6717,31/10/2025,13:38:59,2025-10-31T13:38:59.000Z,Georgia Jones,Friday,13,
6718,31/10/2025,14:02:26,2025-10-31T14:02:26.000Z,Flo Lewis,Friday,14,
6719,31/10/2025,14:10:22,2025-10-31T14:10:22.000Z,Eleanor Cowell,Friday,14,
6720,31/10/2025,14:24:22,2025-10-31T14:24:22.000Z,Annabel Anderson,Friday,14,
6721,31/10/2025,14:25:15,2025-10-31T14:25:15.000Z,Flo Lewis,Friday,14,
6722,31/10/2025,14:38:47,2025-10-31T14:38:47.000Z,Shay,Friday,14,
6723,31/10/2025,15:06:56,2025-10-31T15:06:56.000Z,Flo Lewis,Friday,15,
6724,31/10/2025,15:14:32,2025-10-31T15:14:32.000Z,Hannah Page,Friday,15,
6725,31/10/2025,15:27:02,2025-10-31T15:27:02.000Z,Shay,Friday,15,
6726,31/10/2025,16:09:46,2025-10-31T16:09:46.000Z,~ Harry,Friday,16,
6727,31/10/2025,16:12:39,2025-10-31T16:12:39.000Z,~ Nelson,Friday,16,
6728,31/10/2025,16:26:34,2025-10-31T16:26:34.000Z,Shay,Friday,16,
6729,31/10/2025,16:34:40,2025-10-31T16:34:40.000Z,‪+44 7469 711068‬,Friday,16,
6730,31/10/2025,16:38:01,2025-10-31T16:38:01.000Z,Georgia Jones,Friday,16,
6731,31/10/2025,16:56:22,2025-10-31T16:56:22.000Z,Shay,Friday,16,
6732,31/10/2025,17:04:34,2025-10-31T17:04:34.000Z,~ Seann,Friday,17,
6733,31/10/2025,17:05:24,2025-10-31T17:05:24.000Z,~ Brett,Friday,17,
6734,31/10/2025,17:19:00,2025-10-31T17:19:00.000Z,~ Daniel Garrett,Friday,17,
6735,31/10/2025,17:38:22,2025-10-31T17:38:22.000Z,Annabel Anderson,Friday,17,
6736,31/10/2025,17:39:57,2025-10-31T17:39:57.000Z,~ • J,Friday,17,
6737,31/10/2025,17:40:06,2025-10-31T17:40:06.000Z,~ Emma Henderson,Friday,17,
6738,31/10/2025,17:54:50,2025-10-31T17:54:50.000Z,Shay,Friday,17,
6739,31/10/2025,18:02:11,2025-10-31T18:02:11.000Z,‪+44 7597 728319‬,Friday,18,
6740,31/10/2025,18:08:44,2025-10-31T18:08:44.000Z,~ Daniel Garrett,Friday,18,
6741,31/10/2025,18:17:00,2025-10-31T18:17:00.000Z,~ Conor,Friday,18,
6742,31/10/2025,18:17:31,2025-10-31T18:17:31.000Z,~ Maddie,Friday,18,
6743,31/10/2025,18:22:13,2025-10-31T18:22:13.000Z,Flo Lewis,Friday,18,
6744,31/10/2025,18:33:38,2025-10-31T18:33:38.000Z,Eleanor Cowell,Friday,18,
6745,31/10/2025,18:39:14,2025-10-31T18:39:14.000Z,~ Kamo,Friday,18,
6746,31/10/2025,18:48:21,2025-10-31T18:48:21.000Z,~ Reiss Krygier-Mclaren,Friday,18,
6747,31/10/2025,18:49:23,2025-10-31T18:49:23.000Z,‪+44 7597 728319‬,Friday,18,
6748,31/10/2025,18:50:57,2025-10-31T18:50:57.000Z,~ Ellis P,Friday,18,
6749,31/10/2025,18:58:27,2025-10-31T18:58:27.000Z,~ Conor,Friday,18,
6750,31/10/2025,19:02:41,2025-10-31T19:02:41.000Z,~ Kamo,Friday,19,
6751,31/10/2025,19:14:01,2025-10-31T19:14:01.000Z,~ Reiss Krygier-Mclaren,Friday,19,
6752,31/10/2025,19:20:12,2025-10-31T19:20:12.000Z,~ Lydia Rickard,Friday,19,
6753,31/10/2025,19:46:50,2025-10-31T19:46:50.000Z,~ Marsh,Friday,19,
6754,31/10/2025,19:49:46,2025-10-31T19:49:46.000Z,~ Brett,Friday,19,
6755,31/10/2025,19:50:36,2025-10-31T19:50:36.000Z,‪+44 7402 796848‬,Friday,19,
6756,31/10/2025,19:52:46,2025-10-31T19:52:46.000Z,~ Ellis P,Friday,19,
6757,31/10/2025,20:02:34,2025-10-31T20:02:34.000Z,~ Lydia Rickard,Friday,20,
6758,31/10/2025,20:03:17,2025-10-31T20:03:17.000Z,~ Kamo,Friday,20,
6759,31/10/2025,20:05:42,2025-10-31T20:05:42.000Z,~ Nelson,Friday,20,
6760,31/10/2025,20:24:14,2025-10-31T20:24:14.000Z,‪+44 7402 796848‬,Friday,20,
6761,31/10/2025,20:29:28,2025-10-31T20:29:28.000Z,‪+44 7545 272965‬,Friday,20,
6762,31/10/2025,20:32:05,2025-10-31T20:32:05.000Z,‪+44 7469 711068‬,Friday,20,
6763,31/10/2025,20:41:24,2025-10-31T20:41:24.000Z,‪+44 7511 056564‬,Friday,20,
6764,31/10/2025,20:48:13,2025-10-31T20:48:13.000Z,~ Brett,Friday,20,
6765,31/10/2025,20:48:42,2025-10-31T20:48:42.000Z,‪+44 7787 343419‬,Friday,20,
6766,31/10/2025,20:49:19,2025-10-31T20:49:19.000Z,‪+44 7469 711068‬,Friday,20,
6767,31/10/2025,20:53:03,2025-10-31T20:53:03.000Z,~ Ellis P,Friday,20,
6768,31/10/2025,20:54:20,2025-10-31T20:54:20.000Z,~ Seann,Friday,20,
6769,31/10/2025,21:00:41,2025-10-31T21:00:41.000Z,~ Lauryn,Friday,21,
6770,31/10/2025,21:01:46,2025-10-31T21:01:46.000Z,‪+44 7443 457273‬,Friday,21,
6771,31/10/2025,21:04:45,2025-10-31T21:04:45.000Z,~ C,Friday,21,
6772,31/10/2025,21:05:42,2025-10-31T21:05:42.000Z,~ Rhys,Friday,21,
6773,31/10/2025,21:07:11,2025-10-31T21:07:11.000Z,‪+44 7545 272965‬,Friday,21,
6774,31/10/2025,21:24:36,2025-10-31T21:24:36.000Z,‪+44 7884 580953‬,Friday,21,
6775,31/10/2025,21:25:21,2025-10-31T21:25:21.000Z,~ Marsh,Friday,21,
6776,31/10/2025,21:33:09,2025-10-31T21:33:09.000Z,~ Lauryn,Friday,21,
6777,31/10/2025,21:41:59,2025-10-31T21:41:59.000Z,‪+44 7709 244161‬,Friday,21,
6778,31/10/2025,21:52:18,2025-10-31T21:52:18.000Z,~ Cathal,Friday,21,
6779,31/10/2025,21:53:14,2025-10-31T21:53:14.000Z,‪+44 7854 065224‬,Friday,21,
6780,31/10/2025,21:53:40,2025-10-31T21:53:40.000Z,~ Ellis P,Friday,21,
6781,31/10/2025,22:23:03,2025-10-31T22:23:03.000Z,~ Reiss Krygier-Mclaren,Friday,22,
6782,31/10/2025,22:25:54,2025-10-31T22:25:54.000Z,~ Lauryn,Friday,22,
6783,31/10/2025,22:30:42,2025-10-31T22:30:42.000Z,~ Sam,Friday,22,
6784,31/10/2025,23:07:25,2025-10-31T23:07:25.000Z,~ Balazs Deli,Friday,23,
6785,31/10/2025,23:28:21,2025-10-31T23:28:21.000Z,~ kevin o'brien,Friday,23,
6786,31/10/2025,23:29:22,2025-10-31T23:29:22.000Z,~ Griff,Friday,23,
6787,31/10/2025,23:31:00,2025-10-31T23:31:00.000Z,~ Lauryn,Friday,23,
6788,01/11/2025,00:10:03,2025-11-01T00:10:03.000Z,~ Lauryn,Saturday,0,
6789,01/11/2025,00:45:23,2025-11-01T00:45:23.000Z,~ Sean,Saturday,0,
6790,01/11/2025,00:56:30,2025-11-01T00:56:30.000Z,Caolán Walsh,Saturday,0,
6791,01/11/2025,01:28:18,2025-11-01T01:28:18.000Z,Caolán Walsh,Saturday,1,
6792,01/11/2025,06:22:31,2025-11-01T06:22:31.000Z,~ Jon,Saturday,6,
6793,01/11/2025,07:24:29,2025-11-01T07:24:29.000Z,Flo Lewis,Saturday,7,
6794,01/11/2025,07:35:57,2025-11-01T07:35:57.000Z,~ Jon,Saturday,7,
6795,01/11/2025,07:45:31,2025-11-01T07:45:31.000Z,Annabel Anderson,Saturday,7,
6796,01/11/2025,08:39:40,2025-11-01T08:39:40.000Z,Flo Lewis,Saturday,8,
6797,01/11/2025,08:53:49,2025-11-01T08:53:49.000Z,Hannah Page,Saturday,8,
6798,01/11/2025,09:16:44,2025-11-01T09:16:44.000Z,Annabel Anderson,Saturday,9,
6799,01/11/2025,09:48:54,2025-11-01T09:48:54.000Z,Bella Cain,Saturday,9,
6800,01/11/2025,09:50:19,2025-11-01T09:50:19.000Z,~ Jon,Saturday,9,
6801,01/11/2025,09:54:05,2025-11-01T09:54:05.000Z,Bella Cain,Saturday,9,
6802,01/11/2025,09:58:00,2025-11-01T09:58:00.000Z,Joe Zalas,Saturday,9,
6803,01/11/2025,10:09:32,2025-11-01T10:09:32.000Z,Flo Lewis,Saturday,10,
6804,01/11/2025,10:11:16,2025-11-01T10:11:16.000Z,Indie Driscoll,Saturday,10,
6805,01/11/2025,10:58:29,2025-11-01T10:58:29.000Z,Caitlin Driscoll,Saturday,10,
6806,01/11/2025,11:18:29,2025-11-01T11:18:29.000Z,Shay,Saturday,11,
6807,01/11/2025,11:27:01,2025-11-01T11:27:01.000Z,‪+44 7545 272965‬,Saturday,11,
6808,01/11/2025,12:01:48,2025-11-01T12:01:48.000Z,Bella Cain,Saturday,12,
6809,01/11/2025,12:06:18,2025-11-01T12:06:18.000Z,Joe Zalas,Saturday,12,
6810,01/11/2025,12:07:33,2025-11-01T12:07:33.000Z,~ Robyn,Saturday,12,
6811,01/11/2025,12:31:12,2025-11-01T12:31:12.000Z,Hannah Page,Saturday,12,
6812,01/11/2025,12:37:29,2025-11-01T12:37:29.000Z,~ Jon,Saturday,12,
6813,01/11/2025,12:58:26,2025-11-01T12:58:26.000Z,~ Jon,Saturday,12,
6814,01/11/2025,13:19:07,2025-11-01T13:19:07.000Z,Hannah Page,Saturday,13,
6815,01/11/2025,13:52:05,2025-11-01T13:52:05.000Z,Hannah Page,Saturday,13,
6816,01/11/2025,13:53:40,2025-11-01T13:53:40.000Z,Millie Brooke,Saturday,13,
6817,01/11/2025,13:55:47,2025-11-01T13:55:47.000Z,~ Brett,Saturday,13,
6818,01/11/2025,14:26:02,2025-11-01T14:26:02.000Z,~ Jon,Saturday,14,
6819,01/11/2025,14:31:20,2025-11-01T14:31:20.000Z,‪+44 7443 457273‬,Saturday,14,
6820,01/11/2025,14:35:06,2025-11-01T14:35:06.000Z,~ Harry,Saturday,14,
6821,01/11/2025,14:44:52,2025-11-01T14:44:52.000Z,Hannah Page,Saturday,14,
6822,01/11/2025,15:00:21,2025-11-01T15:00:21.000Z,~ Henry Pincott,Saturday,15,
6823,01/11/2025,15:01:30,2025-11-01T15:01:30.000Z,‪+44 7876 802561‬,Saturday,15,
6824,01/11/2025,15:03:58,2025-11-01T15:03:58.000Z,~ Seann,Saturday,15,
6825,01/11/2025,15:05:52,2025-11-01T15:05:52.000Z,‪+44 7532 827880‬,Saturday,15,
6826,01/11/2025,15:07:49,2025-11-01T15:07:49.000Z,~ Jon,Saturday,15,
6827,01/11/2025,15:19:21,2025-11-01T15:19:21.000Z,+447736933767,Saturday,15,
6828,01/11/2025,15:20:22,2025-11-01T15:20:22.000Z,+447736933767,Saturday,15,
6829,01/11/2025,15:21:08,2025-11-01T15:21:08.000Z,‪+44 7492 090133‬,Saturday,15,
6830,01/11/2025,15:21:12,2025-11-01T15:21:12.000Z,‪+44 7492 090133‬,Saturday,15,
6831,01/11/2025,15:25:43,2025-11-01T15:25:43.000Z,Flo Lewis,Saturday,15,
6832,01/11/2025,15:34:19,2025-11-01T15:34:19.000Z,‪+44 7443 457273‬,Saturday,15,
6833,01/11/2025,15:36:45,2025-11-01T15:36:45.000Z,~ Brett,Saturday,15,
6834,01/11/2025,15:40:17,2025-11-01T15:40:17.000Z,‪+44 7368 282566‬,Saturday,15,
6835,01/11/2025,15:44:55,2025-11-01T15:44:55.000Z,Bella Cain,Saturday,15,
6836,01/11/2025,15:45:34,2025-11-01T15:45:34.000Z,Flo Lewis,Saturday,15,
6837,01/11/2025,15:46:11,2025-11-01T15:46:11.000Z,Annabel Anderson,Saturday,15,
6838,01/11/2025,15:47:20,2025-11-01T15:47:20.000Z,+447736933767,Saturday,15,
6839,01/11/2025,15:47:37,2025-11-01T15:47:37.000Z,Eleanor Cowell,Saturday,15,
6840,01/11/2025,15:52:49,2025-11-01T15:52:49.000Z,~ Bane Tepavcevic,Saturday,15,
6841,01/11/2025,15:53:02,2025-11-01T15:53:02.000Z,~ Bane Tepavcevic,Saturday,15,
6842,01/11/2025,16:02:01,2025-11-01T16:02:01.000Z,Eleanor Cowell,Saturday,16,
6843,01/11/2025,16:02:50,2025-11-01T16:02:50.000Z,‪+44 7860 813096‬,Saturday,16,
6844,01/11/2025,16:05:28,2025-11-01T16:05:28.000Z,~ Ellis P,Saturday,16,
6845,01/11/2025,16:06:20,2025-11-01T16:06:20.000Z,~ Will Anderson,Saturday,16,
6846,01/11/2025,16:08:25,2025-11-01T16:08:25.000Z,~ Jon,Saturday,16,
6847,01/11/2025,16:17:15,2025-11-01T16:17:15.000Z,Lottie Passmore,Saturday,16,
6848,01/11/2025,16:20:13,2025-11-01T16:20:13.000Z,Annabel Anderson,Saturday,16,
6849,01/11/2025,16:25:03,2025-11-01T16:25:03.000Z,Caitlin Driscoll,Saturday,16,
6850,01/11/2025,16:25:21,2025-11-01T16:25:21.000Z,‪+44 7841 958283‬,Saturday,16,
6851,01/11/2025,16:32:31,2025-11-01T16:32:31.000Z,Flo Lewis,Saturday,16,
6852,01/11/2025,16:44:50,2025-11-01T16:44:50.000Z,~ Marsh,Saturday,16,
6853,01/11/2025,16:46:22,2025-11-01T16:46:22.000Z,Millie Brooke,Saturday,16,
6854,01/11/2025,16:47:54,2025-11-01T16:47:54.000Z,‪+44 7876 802561‬,Saturday,16,
6855,01/11/2025,17:13:58,2025-11-01T17:13:58.000Z,Caitlin Driscoll,Saturday,17,
6856,01/11/2025,17:14:48,2025-11-01T17:14:48.000Z,~ Lucy Kavanagh,Saturday,17,
6857,01/11/2025,17:15:31,2025-11-01T17:15:31.000Z,‪+44 7799 091139‬,Saturday,17,
6858,01/11/2025,17:15:48,2025-11-01T17:15:48.000Z,‪+44 7492 090133‬,Saturday,17,
6859,01/11/2025,17:16:04,2025-11-01T17:16:04.000Z,‪+44 7492 090133‬,Saturday,17,
6860,01/11/2025,17:35:48,2025-11-01T17:35:48.000Z,~ Craig,Saturday,17,
6861,01/11/2025,17:40:57,2025-11-01T17:40:57.000Z,‪+44 7305 934292‬,Saturday,17,
6862,01/11/2025,17:43:48,2025-11-01T17:43:48.000Z,~ Bane Tepavcevic,Saturday,17,
6863,01/11/2025,17:49:56,2025-11-01T17:49:56.000Z,~ Ellis P,Saturday,17,
6864,01/11/2025,17:50:50,2025-11-01T17:50:50.000Z,‪+44 7378 350684‬,Saturday,17,
6865,01/11/2025,17:52:21,2025-11-01T17:52:21.000Z,~ Adam Gaynor,Saturday,17,
6866,01/11/2025,18:00:43,2025-11-01T18:00:43.000Z,Shay,Saturday,18,
6867,01/11/2025,18:19:00,2025-11-01T18:19:00.000Z,~ Marsh,Saturday,18,
6868,01/11/2025,18:19:05,2025-11-01T18:19:05.000Z,~ Ellis P,Saturday,18,
6869,01/11/2025,18:26:38,2025-11-01T18:26:38.000Z,~ Daniel Garrett,Saturday,18,
6870,01/11/2025,18:34:14,2025-11-01T18:34:14.000Z,~ Dave,Saturday,18,
6871,01/11/2025,18:59:34,2025-11-01T18:59:34.000Z,~ Ellis P,Saturday,18,
6872,01/11/2025,19:03:40,2025-11-01T19:03:40.000Z,~ Daniel Garrett,Saturday,19,
6873,01/11/2025,19:20:55,2025-11-01T19:20:55.000Z,Jakey Breen,Saturday,19,
6874,01/11/2025,19:25:45,2025-11-01T19:25:45.000Z,~ Bernardi,Saturday,19,
6875,01/11/2025,19:37:29,2025-11-01T19:37:29.000Z,~ Jon,Saturday,19,
6876,01/11/2025,19:40:52,2025-11-01T19:40:52.000Z,~ Daniel Garrett,Saturday,19,
6877,01/11/2025,19:59:02,2025-11-01T19:59:02.000Z,~ Bernardi,Saturday,19,
6878,01/11/2025,20:14:34,2025-11-01T20:14:34.000Z,‪+44 7492 090133‬,Saturday,20,
6879,01/11/2025,20:14:37,2025-11-01T20:14:37.000Z,‪+44 7492 090133‬,Saturday,20,
6880,01/11/2025,20:20:13,2025-11-01T20:20:13.000Z,~ Daniel Garrett,Saturday,20,
6881,01/11/2025,20:25:54,2025-11-01T20:25:54.000Z,~ Jordan Newman,Saturday,20,
6882,01/11/2025,20:26:39,2025-11-01T20:26:39.000Z,~ Ellis P,Saturday,20,
6883,01/11/2025,20:42:48,2025-11-01T20:42:48.000Z,~ Bernardi,Saturday,20,
6884,01/11/2025,20:46:24,2025-11-01T20:46:24.000Z,~ Oona Turtiainen,Saturday,20,
6885,01/11/2025,21:12:19,2025-11-01T21:12:19.000Z,~ Daniel Garrett,Saturday,21,
6886,01/11/2025,21:21:46,2025-11-01T21:21:46.000Z,~ Conor,Saturday,21,
6887,01/11/2025,21:23:18,2025-11-01T21:23:18.000Z,‪+44 7492 090133‬,Saturday,21,
6888,01/11/2025,21:23:21,2025-11-01T21:23:21.000Z,‪+44 7492 090133‬,Saturday,21,
6889,01/11/2025,21:24:08,2025-11-01T21:24:08.000Z,~ Dave,Saturday,21,
6890,01/11/2025,21:27:48,2025-11-01T21:27:48.000Z,~ Joe Buchanan,Saturday,21,
6891,01/11/2025,21:33:11,2025-11-01T21:33:11.000Z,~ Adam Gaynor,Saturday,21,
6892,01/11/2025,21:38:25,2025-11-01T21:38:25.000Z,‪+44 7492 090133‬,Saturday,21,
6893,01/11/2025,21:38:27,2025-11-01T21:38:27.000Z,‪+44 7492 090133‬,Saturday,21,
6894,01/11/2025,21:41:04,2025-11-01T21:41:04.000Z,‪+44 7492 090133‬,Saturday,21,
6895,01/11/2025,21:41:07,2025-11-01T21:41:07.000Z,‪+44 7492 090133‬,Saturday,21,
6896,01/11/2025,21:52:59,2025-11-01T21:52:59.000Z,‪+44 7854 065224‬,Saturday,21,
6897,01/11/2025,21:53:48,2025-11-01T21:53:48.000Z,~ Duncan,Saturday,21,
6898,01/11/2025,21:56:38,2025-11-01T21:56:38.000Z,~ Bernardi,Saturday,21,
6899,01/11/2025,22:00:45,2025-11-01T22:00:45.000Z,~ Conor,Saturday,22,
6900,01/11/2025,22:11:37,2025-11-01T22:11:37.000Z,~ Ellen Cummings,Saturday,22,
6901,01/11/2025,22:14:22,2025-11-01T22:14:22.000Z,~ Daniel Garrett,Saturday,22,
6902,01/11/2025,22:22:15,2025-11-01T22:22:15.000Z,‪+353 87 350 6710‬,Saturday,22,
6903,01/11/2025,22:49:23,2025-11-01T22:49:23.000Z,~ Daniel Garrett,Saturday,22,
6904,01/11/2025,23:02:53,2025-11-01T23:02:53.000Z,~ DT,Saturday,23,
6905,01/11/2025,23:19:59,2025-11-01T23:19:59.000Z,~ Nelson,Saturday,23,
6906,01/11/2025,23:23:35,2025-11-01T23:23:35.000Z,~ Luke Joyce,Saturday,23,
6907,01/11/2025,23:38:58,2025-11-01T23:38:58.000Z,~ Daniel Garrett,Saturday,23,
6908,02/11/2025,00:26:06,2025-11-02T00:26:06.000Z,~ Daniel Garrett,Sunday,0,
6909,02/11/2025,00:51:23,2025-11-02T00:51:23.000Z,‪+353 85 160 7084‬,Sunday,0,
6910,02/11/2025,01:24:00,2025-11-02T01:24:00.000Z,‪+353 85 160 7084‬,Sunday,1,
6911,02/11/2025,01:46:02,2025-11-02T01:46:02.000Z,~ Alfaro,Sunday,1,
6912,02/11/2025,01:47:45,2025-11-02T01:47:45.000Z,~ Xabi Legras,Sunday,1,
6913,02/11/2025,01:47:57,2025-11-02T01:47:57.000Z,~ Kamo,Sunday,1,
6914,02/11/2025,02:08:17,2025-11-02T02:08:17.000Z,~ Xabi Legras,Sunday,2,
6915,02/11/2025,02:08:37,2025-11-02T02:08:37.000Z,~ Alfaro,Sunday,2,
6916,02/11/2025,02:14:11,2025-11-02T02:14:11.000Z,‪+353 85 160 7084‬,Sunday,2,
6917,02/11/2025,02:22:46,2025-11-02T02:22:46.000Z,~ Xabi Legras,Sunday,2,
6918,02/11/2025,02:23:13,2025-11-02T02:23:13.000Z,~ Alfaro,Sunday,2,
6919,02/11/2025,02:43:29,2025-11-02T02:43:29.000Z,~ Xabi Legras,Sunday,2,
6920,02/11/2025,02:44:13,2025-11-02T02:44:13.000Z,~ Alfaro,Sunday,2,
6921,02/11/2025,02:58:54,2025-11-02T02:58:54.000Z,~ Xabi Legras,Sunday,2,
6922,02/11/2025,03:20:47,2025-11-02T03:20:47.000Z,~ Alfaro,Sunday,3,
6923,02/11/2025,03:34:27,2025-11-02T03:34:27.000Z,‪+61 423 846 864‬,Sunday,3,
6924,02/11/2025,03:43:10,2025-11-02T03:43:10.000Z,~ Xabi Legras,Sunday,3,
6925,02/11/2025,03:43:22,2025-11-02T03:43:22.000Z,~ Alfaro,Sunday,3,
6926,02/11/2025,04:42:11,2025-11-02T04:42:11.000Z,~ Alfaro,Sunday,4,
6927,02/11/2025,05:26:36,2025-11-02T05:26:36.000Z,~ Alfaro,Sunday,5,
6928,02/11/2025,06:26:38,2025-11-02T06:26:38.000Z,~ Xabi Legras,Sunday,6,
6929,02/11/2025,06:28:17,2025-11-02T06:28:17.000Z,~ Xabi Legras,Sunday,6,
6930,02/11/2025,07:15:44,2025-11-02T07:15:44.000Z,~ Will McNamara,Sunday,7,
6931,02/11/2025,09:43:56,2025-11-02T09:43:56.000Z,~ Will McNamara,Sunday,9,
6932,02/11/2025,10:07:18,2025-11-02T10:07:18.000Z,Flo Lewis,Sunday,10,
6933,02/11/2025,10:12:07,2025-11-02T10:12:07.000Z,Hannah Page,Sunday,10,
6934,02/11/2025,10:21:57,2025-11-02T10:21:57.000Z,Indie Driscoll,Sunday,10,
6935,02/11/2025,10:41:12,2025-11-02T10:41:12.000Z,Georgia Jones,Sunday,10,
6936,02/11/2025,10:45:35,2025-11-02T10:45:35.000Z,‪+44 7799 091139‬,Sunday,10,
6937,02/11/2025,11:03:16,2025-11-02T11:03:16.000Z,Shay,Sunday,11,
6938,02/11/2025,11:07:35,2025-11-02T11:07:35.000Z,~ Will McNamara,Sunday,11,
6939,02/11/2025,11:34:17,2025-11-02T11:34:17.000Z,Shay,Sunday,11,
6940,02/11/2025,11:37:52,2025-11-02T11:37:52.000Z,‪+44 7912 055406‬,Sunday,11,
6941,02/11/2025,12:04:19,2025-11-02T12:04:19.000Z,Annabel Anderson,Sunday,12,
6942,02/11/2025,12:12:43,2025-11-02T12:12:43.000Z,Shay,Sunday,12,
6943,02/11/2025,13:04:58,2025-11-02T13:04:58.000Z,Joe Farmer,Sunday,13,
6944,02/11/2025,13:14:29,2025-11-02T13:14:29.000Z,‪+44 7912 055406‬,Sunday,13,
6945,02/11/2025,13:22:24,2025-11-02T13:22:24.000Z,‪+44 7305 934292‬,Sunday,13,
6946,02/11/2025,13:25:33,2025-11-02T13:25:33.000Z,‪+44 7469 711068‬,Sunday,13,
6947,02/11/2025,14:19:32,2025-11-02T14:19:32.000Z,‪+44 7860 813096‬,Sunday,14,
6948,02/11/2025,14:22:38,2025-11-02T14:22:38.000Z,‪+44 7557 048707‬,Sunday,14,
6949,02/11/2025,15:01:39,2025-11-02T15:01:39.000Z,~ Seann,Sunday,15,
6950,02/11/2025,15:09:06,2025-11-02T15:09:06.000Z,Shay,Sunday,15,
6951,02/11/2025,15:20:20,2025-11-02T15:20:20.000Z,Annabel Anderson,Sunday,15,
6952,02/11/2025,15:22:25,2025-11-02T15:22:25.000Z,Eleanor Cowell,Sunday,15,
6953,02/11/2025,15:44:40,2025-11-02T15:44:40.000Z,Conall Caverly,Sunday,15,
6954,02/11/2025,15:56:21,2025-11-02T15:56:21.000Z,Hannah Page,Sunday,15,
6955,02/11/2025,16:18:27,2025-11-02T16:18:27.000Z,Flo Lewis,Sunday,16,
6956,02/11/2025,16:19:02,2025-11-02T16:19:02.000Z,~ Ellis P,Sunday,16,
6957,02/11/2025,16:23:24,2025-11-02T16:23:24.000Z,~ Tom,Sunday,16,
6958,02/11/2025,16:28:41,2025-11-02T16:28:41.000Z,Bella Cain,Sunday,16,
6959,02/11/2025,17:12:34,2025-11-02T17:12:34.000Z,~ Ellis P,Sunday,17,
6960,02/11/2025,19:02:48,2025-11-02T19:02:48.000Z,~ Ellis P,Sunday,19,
6961,02/11/2025,19:31:07,2025-11-02T19:31:07.000Z,~ Nelson,Sunday,19,
6962,17/11/2025,18:37:56,2025-11-17T18:37:56.000Z,~ Harry,Monday,18,
6963,17/11/2025,18:51:52,2025-11-17T18:51:52.000Z,~ Ben,Monday,18,
6964,17/11/2025,19:58:14,2025-11-17T19:58:14.000Z,~ Lucy Kavanagh,Monday,19,
6965,17/11/2025,20:41:43,2025-11-17T20:41:43.000Z,~ Lucy Kavanagh,Monday,20,
6966,17/11/2025,23:54:41,2025-11-17T23:54:41.000Z,~ Lucy Kavanagh,Monday,23,
6967,18/11/2025,01:16:01,2025-11-18T01:16:01.000Z,~ Lucy Kavanagh,Tuesday,1,
6968,18/11/2025,17:46:49,2025-11-18T17:46:49.000Z,Livvy,Tuesday,17,
6969,18/11/2025,18:48:05,2025-11-18T18:48:05.000Z,~ Davescma@gmail.com,Tuesday,18,-0000001-PHOTO-2025-11-18-18-48-05.jpg
6970,18/11/2025,19:25:42,2025-11-18T19:25:42.000Z,~ Emma Henderson,Tuesday,19,00000001-PHOTO-2025-11-18-19-25-42.jpg
6971,18/11/2025,19:40:28,2025-11-18T19:40:28.000Z,~ C,Tuesday,19,00000002-PHOTO-2025-11-18-19-40-28.jpg
6972,18/11/2025,19:42:31,2025-11-18T19:42:31.000Z,~ C,Tuesday,19,00000003-PHOTO-2025-11-18-19-42-31.jpg
6973,18/11/2025,19:57:06,2025-11-18T19:57:06.000Z,~ Emma Henderson,Tuesday,19,00000004-PHOTO-2025-11-18-19-57-06.jpg
6974,18/11/2025,20:34:51,2025-11-18T20:34:51.000Z,~ Emma Henderson,Tuesday,20,00000005-PHOTO-2025-11-18-20-34-51.jpg
6975,18/11/2025,21:02:44,2025-11-18T21:02:44.000Z,~ Emma Henderson,Tuesday,21,00000006-PHOTO-2025-11-18-21-02-44.jpg
6976,18/11/2025,21:40:25,2025-11-18T21:40:25.000Z,~ Lauryn,Tuesday,21,00000007-PHOTO-2025-11-18-21-40-25.jpg
6977,18/11/2025,21:59:26,2025-11-18T21:59:26.000Z,~ Emma Henderson,Tuesday,21,00000008-PHOTO-2025-11-18-21-59-26.jpg
6978,18/11/2025,21:59:51,2025-11-18T21:59:51.000Z,~ Harry,Tuesday,21,00000009-PHOTO-2025-11-18-21-59-51.jpg
6979,18/11/2025,22:09:04,2025-11-18T22:09:04.000Z,~ Harry,Tuesday,22,00000010-PHOTO-2025-11-18-22-09-04.jpg
6980,19/11/2025,16:50:50,2025-11-19T16:50:50.000Z,Caolán Walsh,Wednesday,16,00000011-PHOTO-2025-11-19-16-50-50.jpg
6981,19/11/2025,18:07:47,2025-11-19T18:07:47.000Z,Caolán Walsh,Wednesday,18,00000012-PHOTO-2025-11-19-18-07-47.jpg
6982,19/11/2025,18:52:35,2025-11-19T18:52:35.000Z,~ Davescma@gmail.com,Wednesday,18,00000015-PHOTO-2025-11-19-18-52-35.jpg
6983,19/11/2025,18:54:36,2025-11-19T18:54:36.000Z,~ James,Wednesday,18,00000016-PHOTO-2025-11-19-18-54-36.jpg
6984,19/11/2025,18:55:37,2025-11-19T18:55:37.000Z,Caolán Walsh,Wednesday,18,00000017-PHOTO-2025-11-19-18-55-37.jpg
6985,19/11/2025,19:21:25,2025-11-19T19:21:25.000Z,~ Reiss Krygier-Mclaren,Wednesday,19,00000018-PHOTO-2025-11-19-19-21-25.jpg
6986,19/11/2025,19:44:28,2025-11-19T19:44:28.000Z,Caolán Walsh,Wednesday,19,00000019-PHOTO-2025-11-19-19-44-28.jpg
6987,19/11/2025,19:49:21,2025-11-19T19:49:21.000Z,~ Sam,Wednesday,19,00000020-PHOTO-2025-11-19-19-49-21.jpg
6988,19/11/2025,22:51:02,2025-11-19T22:51:02.000Z,~ Bernardi,Wednesday,22,00000022-PHOTO-2025-11-19-22-51-02.jpg
6989,20/11/2025,16:57:39,2025-11-20T16:57:39.000Z,~ Sam Ross,Thursday,16,00000037-PHOTO-2025-11-20-16-57-39.jpg
6990,20/11/2025,17:21:52,2025-11-20T17:21:52.000Z,~ Jon,Thursday,17,00000038-PHOTO-2025-11-20-17-21-52.jpg
6991,20/11/2025,17:32:24,2025-11-20T17:32:24.000Z,~ Sam Ross,Thursday,17,00000039-PHOTO-2025-11-20-17-32-24.jpg
6992,20/11/2025,17:41:13,2025-11-20T17:41:13.000Z,Bella Cain,Thursday,17,00000040-PHOTO-2025-11-20-17-41-13.jpg
6993,20/11/2025,17:58:09,2025-11-20T17:58:09.000Z,~ Joseph Turner,Thursday,17,00000041-PHOTO-2025-11-20-17-58-09.jpg
6994,20/11/2025,18:16:28,2025-11-20T18:16:28.000Z,~ Susanna,Thursday,18,00000042-PHOTO-2025-11-20-18-16-28.jpg
6995,20/11/2025,18:16:35,2025-11-20T18:16:35.000Z,~ Sam Ross,Thursday,18,00000043-PHOTO-2025-11-20-18-16-35.jpg
6996,20/11/2025,19:14:12,2025-11-20T19:14:12.000Z,~ Susanna,Thursday,19,00000044-PHOTO-2025-11-20-19-14-12.jpg
6997,20/11/2025,19:58:50,2025-11-20T19:58:50.000Z,~ Roshan Ehzuvan,Thursday,19,00000045-PHOTO-2025-11-20-19-58-50.jpg
6998,20/11/2025,20:26:23,2025-11-20T20:26:23.000Z,~ Susanna,Thursday,20,00000046-PHOTO-2025-11-20-20-26-23.jpg
6999,20/11/2025,20:27:03,2025-11-20T20:27:03.000Z,~ Lorne,Thursday,20,00000047-PHOTO-2025-11-20-20-27-03.jpg
7000,20/11/2025,20:27:42,2025-11-20T20:27:42.000Z,~ Andrew Golding,Thursday,20,00000048-PHOTO-2025-11-20-20-27-42.jpg
7001,20/11/2025,20:28:42,2025-11-20T20:28:42.000Z,~ Ellie-Jay,Thursday,20,00000049-PHOTO-2025-11-20-20-28-42.jpg
7002,20/11/2025,20:28:43,2025-11-20T20:28:43.000Z,~ Ellie-Jay,Thursday,20,00000050-VIDEO-2025-11-20-20-28-43.mp4
7003,20/11/2025,20:52:43,2025-11-20T20:52:43.000Z,~ Sam,Thursday,20,00000052-PHOTO-2025-11-20-20-52-43.jpg
7004,20/11/2025,20:53:59,2025-11-20T20:53:59.000Z,~ Lorne,Thursday,20,00000053-PHOTO-2025-11-20-20-53-59.jpg
7005,20/11/2025,21:08:01,2025-11-20T21:08:01.000Z,~ Joe Fitzpatrick,Thursday,21,00000054-PHOTO-2025-11-20-21-08-01.jpg
7006,20/11/2025,21:51:15,2025-11-20T21:51:15.000Z,~ Sam,Thursday,21,00000055-PHOTO-2025-11-20-21-51-15.jpg
7007,20/11/2025,22:09:06,2025-11-20T22:09:06.000Z,Livvy,Thursday,22,00000056-PHOTO-2025-11-20-22-09-06.jpg
7008,20/11/2025,22:19:51,2025-11-20T22:19:51.000Z,~ Lucy Kavanagh,Thursday,22,00000057-PHOTO-2025-11-20-22-19-51.jpg
7009,20/11/2025,23:34:28,2025-11-20T23:34:28.000Z,~ kevin o'brien,Thursday,23,00000058-PHOTO-2025-11-20-23-34-28.jpg
7010,20/11/2025,23:45:40,2025-11-20T23:45:40.000Z,~ Lea,Thursday,23,00000059-PHOTO-2025-11-20-23-45-40.jpg
7011,21/11/2025,11:55:20,2025-11-21T11:55:20.000Z,~ James Sutton,Friday,11,00000060-PHOTO-2025-11-21-11-55-20.jpg
7012,21/11/2025,14:35:49,2025-11-21T14:35:49.000Z,~ Brett,Friday,14,00000061-PHOTO-2025-11-21-14-35-49.jpg
7013,21/11/2025,14:39:15,2025-11-21T14:39:15.000Z,~ Harry,Friday,14,00000062-PHOTO-2025-11-21-14-39-15.jpg
7014,21/11/2025,15:50:27,2025-11-21T15:50:27.000Z,~ Lydia Rickard,Friday,15,00000063-PHOTO-2025-11-21-15-50-27.jpg
7015,21/11/2025,16:35:51,2025-11-21T16:35:51.000Z,~ Josh hudson,Friday,16,00000064-PHOTO-2025-11-21-16-35-51.jpg
7016,21/11/2025,16:39:15,2025-11-21T16:39:15.000Z,~ Lucy Kavanagh,Friday,16,00000065-PHOTO-2025-11-21-16-39-15.jpg
7017,21/11/2025,16:53:46,2025-11-21T16:53:46.000Z,~ Brett,Friday,16,00000066-PHOTO-2025-11-21-16-53-46.jpg
7018,21/11/2025,16:54:21,2025-11-21T16:54:21.000Z,~ Jon,Friday,16,00000067-PHOTO-2025-11-21-16-54-21.jpg
7019,21/11/2025,17:17:35,2025-11-21T17:17:35.000Z,~ Harry,Friday,17,00000068-PHOTO-2025-11-21-17-17-35.jpg
7020,21/11/2025,17:52:04,2025-11-21T17:52:04.000Z,~ Lea,Friday,17,00000069-PHOTO-2025-11-21-17-52-04.jpg
7021,21/11/2025,17:55:09,2025-11-21T17:55:09.000Z,~ Andrew Matthews,Friday,17,00000070-PHOTO-2025-11-21-17-55-09.jpg
7022,21/11/2025,17:55:52,2025-11-21T17:55:52.000Z,~ Rachel,Friday,17,00000072-PHOTO-2025-11-21-17-55-52.jpg
7023,21/11/2025,17:58:30,2025-11-21T17:58:30.000Z,~ Seann,Friday,17,00000073-PHOTO-2025-11-21-17-58-30.jpg
7024,21/11/2025,17:59:04,2025-11-21T17:59:04.000Z,~ James,Friday,17,00000074-PHOTO-2025-11-21-17-59-04.jpg
7025,21/11/2025,18:04:45,2025-11-21T18:04:45.000Z,~ Brett,Friday,18,00000075-PHOTO-2025-11-21-18-04-45.jpg
7026,21/11/2025,18:40:45,2025-11-21T18:40:45.000Z,~ Lydia Rickard,Friday,18,00000076-PHOTO-2025-11-21-18-40-45.jpg
7027,21/11/2025,18:47:17,2025-11-21T18:47:17.000Z,~ Gregor,Friday,18,00000078-PHOTO-2025-11-21-18-47-17.jpg
7028,21/11/2025,18:47:18,2025-11-21T18:47:18.000Z,~ Gregor,Friday,18,00000079-PHOTO-2025-11-21-18-47-18.jpg
7029,21/11/2025,18:59:28,2025-11-21T18:59:28.000Z,~ Reiss Krygier-Mclaren,Friday,18,00000081-PHOTO-2025-11-21-18-59-28.jpg
7030,21/11/2025,19:00:51,2025-11-21T19:00:51.000Z,~ Jess,Friday,19,00000082-PHOTO-2025-11-21-19-00-51.jpg
7031,21/11/2025,20:05:10,2025-11-21T20:05:10.000Z,~ Ben,Friday,20,00000083-PHOTO-2025-11-21-20-05-10.jpg
7032,21/11/2025,20:06:31,2025-11-21T20:06:31.000Z,~ Seann,Friday,20,00000084-PHOTO-2025-11-21-20-06-31.jpg
7033,21/11/2025,20:19:38,2025-11-21T20:19:38.000Z,~ Jack Wilson,Friday,20,00000085-PHOTO-2025-11-21-20-19-38.jpg
7034,21/11/2025,20:44:29,2025-11-21T20:44:29.000Z,~ Charlotte,Friday,20,00000086-PHOTO-2025-11-21-20-44-29.jpg
7035,21/11/2025,20:49:40,2025-11-21T20:49:40.000Z,~ Hugh,Friday,20,00000087-PHOTO-2025-11-21-20-49-40.jpg
7036,21/11/2025,20:59:32,2025-11-21T20:59:32.000Z,~ Sean,Friday,20,00000088-PHOTO-2025-11-21-20-59-32.jpg
7037,21/11/2025,21:00:47,2025-11-21T21:00:47.000Z,~ William,Friday,21,00000089-PHOTO-2025-11-21-21-00-47.jpg
7038,21/11/2025,21:17:06,2025-11-21T21:17:06.000Z,~ Gregor,Friday,21,00000090-PHOTO-2025-11-21-21-17-06.jpg
7039,21/11/2025,21:55:06,2025-11-21T21:55:06.000Z,~ Sean,Friday,21,00000091-PHOTO-2025-11-21-21-55-06.jpg
7040,21/11/2025,21:56:34,2025-11-21T21:56:34.000Z,~ Reiss Krygier-Mclaren,Friday,21,00000092-PHOTO-2025-11-21-21-56-34.jpg
7041,21/11/2025,22:01:47,2025-11-21T22:01:47.000Z,~ kevin o'brien,Friday,22,00000093-PHOTO-2025-11-21-22-01-47.jpg
7042,21/11/2025,22:01:58,2025-11-21T22:01:58.000Z,~ Gregor,Friday,22,00000094-PHOTO-2025-11-21-22-01-58.jpg
7043,21/11/2025,23:32:44,2025-11-21T23:32:44.000Z,~ Luke Clements,Friday,23,00000095-PHOTO-2025-11-21-23-32-44.jpg
7044,21/11/2025,23:51:18,2025-11-21T23:51:18.000Z,~ Natasha,Friday,23,00000096-PHOTO-2025-11-21-23-51-18.jpg
7045,22/11/2025,00:03:09,2025-11-22T00:03:09.000Z,~ Xabi Legras,Saturday,0,00000097-PHOTO-2025-11-22-00-03-09.jpg
7046,22/11/2025,00:25:57,2025-11-22T00:25:57.000Z,~ Xabi Legras,Saturday,0,00000099-PHOTO-2025-11-22-00-25-57.jpg
7047,22/11/2025,00:50:31,2025-11-22T00:50:31.000Z,~ Xabi Legras,Saturday,0,00000101-PHOTO-2025-11-22-00-50-31.jpg
7048,22/11/2025,01:29:15,2025-11-22T01:29:15.000Z,~ Xabi Legras,Saturday,1,00000103-PHOTO-2025-11-22-01-29-15.jpg
7049,22/11/2025,02:04:07,2025-11-22T02:04:07.000Z,~ Xabi Legras,Saturday,2,00000105-PHOTO-2025-11-22-02-04-07.jpg
7050,22/11/2025,02:30:19,2025-11-22T02:30:19.000Z,~ Xabi Legras,Saturday,2,00000107-PHOTO-2025-11-22-02-30-19.jpg
7051,22/11/2025,02:37:22,2025-11-22T02:37:22.000Z,~ Oscar,Saturday,2,00000109-PHOTO-2025-11-22-02-37-22.jpg
7052,22/11/2025,02:45:51,2025-11-22T02:45:51.000Z,~ Oscar,Saturday,2,00000110-PHOTO-2025-11-22-02-45-51.jpg
7053,22/11/2025,02:54:40,2025-11-22T02:54:40.000Z,~ Xabi Legras,Saturday,2,00000111-PHOTO-2025-11-22-02-54-40.jpg
7054,22/11/2025,02:58:36,2025-11-22T02:58:36.000Z,~ Oscar,Saturday,2,00000113-PHOTO-2025-11-22-02-58-36.jpg
7055,22/11/2025,03:25:44,2025-11-22T03:25:44.000Z,~ Xabi Legras,Saturday,3,00000114-PHOTO-2025-11-22-03-25-44.jpg
7056,22/11/2025,03:59:01,2025-11-22T03:59:01.000Z,~ Xabi Legras,Saturday,3,00000116-PHOTO-2025-11-22-03-59-01.jpg
7057,22/11/2025,04:12:42,2025-11-22T04:12:42.000Z,~ Xabi Legras,Saturday,4,00000118-PHOTO-2025-11-22-04-12-42.jpg
7058,22/11/2025,04:21:46,2025-11-22T04:21:46.000Z,~ Xabi Legras,Saturday,4,00000120-PHOTO-2025-11-22-04-21-46.jpg
7059,22/11/2025,04:36:27,2025-11-22T04:36:27.000Z,~ Xabi Legras,Saturday,4,00000122-PHOTO-2025-11-22-04-36-27.jpg
7060,22/11/2025,05:22:16,2025-11-22T05:22:16.000Z,~ Alfaro,Saturday,5,00000124-PHOTO-2025-11-22-05-22-16.jpg
7061,22/11/2025,05:52:41,2025-11-22T05:52:41.000Z,Lottie Passmore,Saturday,5,00000127-PHOTO-2025-11-22-05-52-41.jpg
7062,22/11/2025,08:33:31,2025-11-22T08:33:31.000Z,~ Jon,Saturday,8,00000128-PHOTO-2025-11-22-08-33-31.jpg
7063,22/11/2025,09:21:55,2025-11-22T09:21:55.000Z,~ • J,Saturday,9,00000129-PHOTO-2025-11-22-09-21-55.jpg
7064,22/11/2025,11:13:47,2025-11-22T11:13:47.000Z,~ Jon,Saturday,11,00000130-PHOTO-2025-11-22-11-13-47.jpg
7065,22/11/2025,12:05:35,2025-11-22T12:05:35.000Z,~ Jon,Saturday,12,00000131-PHOTO-2025-11-22-12-05-35.jpg
7066,22/11/2025,12:09:28,2025-11-22T12:09:28.000Z,~ Ross Colville,Saturday,12,00000132-PHOTO-2025-11-22-12-09-28.jpg
7067,22/11/2025,12:11:21,2025-11-22T12:11:21.000Z,~ Jamie Gelly,Saturday,12,00000133-PHOTO-2025-11-22-12-11-21.jpg
7068,22/11/2025,12:23:30,2025-11-22T12:23:30.000Z,~ Brett,Saturday,12,00000134-PHOTO-2025-11-22-12-23-30.jpg
7069,22/11/2025,12:26:21,2025-11-22T12:26:21.000Z,~ Brett,Saturday,12,00000135-PHOTO-2025-11-22-12-26-21.jpg
7070,22/11/2025,12:57:49,2025-11-22T12:57:49.000Z,~ Brett,Saturday,12,00000136-PHOTO-2025-11-22-12-57-49.jpg
7071,22/11/2025,13:00:27,2025-11-22T13:00:27.000Z,~ Jon,Saturday,13,00000137-PHOTO-2025-11-22-13-00-27.jpg
7072,22/11/2025,13:33:26,2025-11-22T13:33:26.000Z,~ Gregor,Saturday,13,00000138-PHOTO-2025-11-22-13-33-26.jpg
7073,22/11/2025,13:41:00,2025-11-22T13:41:00.000Z,~ Brett,Saturday,13,00000139-PHOTO-2025-11-22-13-41-00.jpg
7074,22/11/2025,13:45:05,2025-11-22T13:45:05.000Z,~ Thomas Hamilton,Saturday,13,00000140-PHOTO-2025-11-22-13-45-05.jpg
7075,22/11/2025,13:47:35,2025-11-22T13:47:35.000Z,~ Harry,Saturday,13,00000141-PHOTO-2025-11-22-13-47-35.jpg
7076,22/11/2025,14:02:14,2025-11-22T14:02:14.000Z,~ Bernardi,Saturday,14,00000142-PHOTO-2025-11-22-14-02-14.jpg
7077,22/11/2025,14:05:09,2025-11-22T14:05:09.000Z,~ Cillian,Saturday,14,00000143-PHOTO-2025-11-22-14-05-09.jpg
7078,22/11/2025,14:11:40,2025-11-22T14:11:40.000Z,~ Ross Colville,Saturday,14,00000144-PHOTO-2025-11-22-14-11-40.jpg
7079,22/11/2025,14:12:51,2025-11-22T14:12:51.000Z,~ Jamie Gelly,Saturday,14,00000145-PHOTO-2025-11-22-14-12-51.jpg
7080,22/11/2025,14:13:09,2025-11-22T14:13:09.000Z,~ Cameron Grant,Saturday,14,00000146-PHOTO-2025-11-22-14-13-09.jpg
7081,22/11/2025,14:17:04,2025-11-22T14:17:04.000Z,~ Noah,Saturday,14,00000147-PHOTO-2025-11-22-14-17-04.jpg
7082,22/11/2025,14:30:54,2025-11-22T14:30:54.000Z,~ Nigel,Saturday,14,00000148-PHOTO-2025-11-22-14-30-54.jpg
7083,22/11/2025,14:36:56,2025-11-22T14:36:56.000Z,~ Ross Colville,Saturday,14,00000149-PHOTO-2025-11-22-14-36-56.jpg
7084,22/11/2025,14:42:23,2025-11-22T14:42:23.000Z,~ Jamie Gelly,Saturday,14,00000150-PHOTO-2025-11-22-14-42-23.jpg
7085,22/11/2025,14:46:04,2025-11-22T14:46:04.000Z,~ Noah,Saturday,14,00000151-PHOTO-2025-11-22-14-46-04.jpg
7086,22/11/2025,14:46:28,2025-11-22T14:46:28.000Z,~ Cillian,Saturday,14,00000152-PHOTO-2025-11-22-14-46-28.jpg
7087,22/11/2025,14:54:54,2025-11-22T14:54:54.000Z,~ Lea,Saturday,14,00000153-PHOTO-2025-11-22-14-54-54.jpg
7088,22/11/2025,14:59:24,2025-11-22T14:59:24.000Z,~ Brett,Saturday,14,00000154-PHOTO-2025-11-22-14-59-24.jpg
7089,22/11/2025,15:01:56,2025-11-22T15:01:56.000Z,~ Thomas Hamilton,Saturday,15,00000155-PHOTO-2025-11-22-15-01-56.jpg
7090,22/11/2025,15:07:26,2025-11-22T15:07:26.000Z,~ Jon,Saturday,15,00000156-PHOTO-2025-11-22-15-07-26.jpg
7091,22/11/2025,15:13:12,2025-11-22T15:13:12.000Z,~ Bernardi,Saturday,15,00000157-PHOTO-2025-11-22-15-13-12.jpg
7092,22/11/2025,15:13:59,2025-11-22T15:13:59.000Z,~ Ellis P,Saturday,15,00000158-PHOTO-2025-11-22-15-13-59.jpg
7093,22/11/2025,15:14:37,2025-11-22T15:14:37.000Z,~ Gregor,Saturday,15,00000159-PHOTO-2025-11-22-15-14-37.jpg
7094,22/11/2025,15:25:38,2025-11-22T15:25:38.000Z,~ Brett,Saturday,15,00000160-PHOTO-2025-11-22-15-25-38.jpg
7095,22/11/2025,15:29:58,2025-11-22T15:29:58.000Z,~ Jon,Saturday,15,00000161-PHOTO-2025-11-22-15-29-58.jpg
7096,22/11/2025,15:55:58,2025-11-22T15:55:58.000Z,~ Cillian,Saturday,15,00000162-PHOTO-2025-11-22-15-55-58.jpg
7097,22/11/2025,15:57:51,2025-11-22T15:57:51.000Z,~ Seann,Saturday,15,00000163-PHOTO-2025-11-22-15-57-51.jpg
7098,22/11/2025,16:13:27,2025-11-22T16:13:27.000Z,~ Tom,Saturday,16,00000164-PHOTO-2025-11-22-16-13-27.jpg
7099,22/11/2025,16:17:34,2025-11-22T16:17:34.000Z,~ Sam,Saturday,16,00000165-PHOTO-2025-11-22-16-17-34.jpg
7100,22/11/2025,16:18:49,2025-11-22T16:18:49.000Z,~ Brett,Saturday,16,00000167-PHOTO-2025-11-22-16-18-49.jpg
7101,22/11/2025,16:20:12,2025-11-22T16:20:12.000Z,~ Tim O’Brien,Saturday,16,00000168-PHOTO-2025-11-22-16-20-12.jpg
7102,22/11/2025,16:28:20,2025-11-22T16:28:20.000Z,~ Marsh,Saturday,16,00000169-PHOTO-2025-11-22-16-28-20.jpg
7103,22/11/2025,16:28:30,2025-11-22T16:28:30.000Z,~ Emma Henderson,Saturday,16,00000170-PHOTO-2025-11-22-16-28-30.jpg
7104,22/11/2025,16:28:59,2025-11-22T16:28:59.000Z,~ Ross Colville,Saturday,16,00000171-PHOTO-2025-11-22-16-28-59.jpg
7105,22/11/2025,16:29:20,2025-11-22T16:29:20.000Z,~ Ellis P,Saturday,16,00000172-PHOTO-2025-11-22-16-29-20.jpg
7106,22/11/2025,16:32:43,2025-11-22T16:32:43.000Z,~ Lydia Rickard,Saturday,16,00000173-PHOTO-2025-11-22-16-32-43.jpg
7107,22/11/2025,16:36:52,2025-11-22T16:36:52.000Z,~ Sam,Saturday,16,00000174-PHOTO-2025-11-22-16-36-52.jpg
7108,22/11/2025,16:49:00,2025-11-22T16:49:00.000Z,~ Seann,Saturday,16,00000175-PHOTO-2025-11-22-16-49-00.jpg
7109,22/11/2025,16:55:32,2025-11-22T16:55:32.000Z,~ Lewis Shiels,Saturday,16,00000176-PHOTO-2025-11-22-16-55-32.jpg
7110,22/11/2025,16:58:11,2025-11-22T16:58:11.000Z,~ Ross Colville,Saturday,16,00000177-PHOTO-2025-11-22-16-58-11.jpg
7111,22/11/2025,16:58:24,2025-11-22T16:58:24.000Z,~ Jamie Gelly,Saturday,16,00000178-PHOTO-2025-11-22-16-58-24.jpg
7112,22/11/2025,17:00:01,2025-11-22T17:00:01.000Z,~ Joe Daniels,Saturday,17,00000179-PHOTO-2025-11-22-17-00-01.jpg
7113,22/11/2025,17:01:10,2025-11-22T17:01:10.000Z,~ Brett,Saturday,17,00000180-PHOTO-2025-11-22-17-01-10.jpg
7114,22/11/2025,17:08:18,2025-11-22T17:08:18.000Z,~ Daniel Garrett,Saturday,17,00000182-PHOTO-2025-11-22-17-08-18.jpg
7115,22/11/2025,17:09:03,2025-11-22T17:09:03.000Z,~ Flora,Saturday,17,00000183-PHOTO-2025-11-22-17-09-03.jpg
7116,22/11/2025,17:16:31,2025-11-22T17:16:31.000Z,~ Keir Skinner,Saturday,17,00000184-PHOTO-2025-11-22-17-16-31.jpg
7117,22/11/2025,17:17:52,2025-11-22T17:17:52.000Z,~ David Bradford,Saturday,17,00000185-PHOTO-2025-11-22-17-17-52.jpg
7118,22/11/2025,17:18:40,2025-11-22T17:18:40.000Z,~ Anna,Saturday,17,00000186-PHOTO-2025-11-22-17-18-40.jpg
7119,22/11/2025,17:28:34,2025-11-22T17:28:34.000Z,~ Ross Colville,Saturday,17,00000187-PHOTO-2025-11-22-17-28-34.jpg
7120,22/11/2025,17:29:40,2025-11-22T17:29:40.000Z,~ Jamie Gelly,Saturday,17,00000188-PHOTO-2025-11-22-17-29-40.jpg
7121,22/11/2025,17:38:54,2025-11-22T17:38:54.000Z,~ Daniel Garrett,Saturday,17,00000189-PHOTO-2025-11-22-17-38-54.jpg
7122,22/11/2025,17:53:27,2025-11-22T17:53:27.000Z,~ Sam,Saturday,17,00000190-PHOTO-2025-11-22-17-53-27.jpg
7123,22/11/2025,17:54:43,2025-11-22T17:54:43.000Z,~ Marsh,Saturday,17,00000191-PHOTO-2025-11-22-17-54-43.jpg
7124,22/11/2025,18:08:24,2025-11-22T18:08:24.000Z,~ George,Saturday,18,00000194-PHOTO-2025-11-22-18-08-24.jpg
7125,22/11/2025,18:21:00,2025-11-22T18:21:00.000Z,~ Emma Henderson,Saturday,18,00000195-PHOTO-2025-11-22-18-21-00.jpg
7126,22/11/2025,18:21:42,2025-11-22T18:21:42.000Z,~ Daniel Garrett,Saturday,18,00000196-PHOTO-2025-11-22-18-21-42.jpg
7127,22/11/2025,18:25:40,2025-11-22T18:25:40.000Z,~ Will Anderson,Saturday,18,00000197-PHOTO-2025-11-22-18-25-40.jpg
7128,22/11/2025,18:31:11,2025-11-22T18:31:11.000Z,~ Seann,Saturday,18,00000220-PHOTO-2025-11-22-18-31-11.jpg
7129,22/11/2025,18:31:35,2025-11-22T18:31:35.000Z,~ Ellis P,Saturday,18,00000221-PHOTO-2025-11-22-18-31-35.jpg
7130,22/11/2025,18:31:53,2025-11-22T18:31:53.000Z,~ Darragh,Saturday,18,00000222-PHOTO-2025-11-22-18-31-53.jpg
7131,22/11/2025,18:35:02,2025-11-22T18:35:02.000Z,~ kevin o'brien,Saturday,18,00000223-PHOTO-2025-11-22-18-35-02.jpg
7132,22/11/2025,18:36:18,2025-11-22T18:36:18.000Z,~ Baskew,Saturday,18,00000224-PHOTO-2025-11-22-18-36-18.jpg
7133,22/11/2025,18:40:08,2025-11-22T18:40:08.000Z,~ Duncan,Saturday,18,00000225-PHOTO-2025-11-22-18-40-08.jpg
7134,22/11/2025,18:42:59,2025-11-22T18:42:59.000Z,~ Flora,Saturday,18,00000226-PHOTO-2025-11-22-18-42-59.jpg
7135,22/11/2025,18:55:24,2025-11-22T18:55:24.000Z,~ Ben Burton,Saturday,18,00000227-PHOTO-2025-11-22-18-55-24.jpg
7136,22/11/2025,19:00:59,2025-11-22T19:00:59.000Z,~ Ross Colville,Saturday,19,00000228-PHOTO-2025-11-22-19-00-59.jpg
7137,22/11/2025,19:02:57,2025-11-22T19:02:57.000Z,~ David Barrett,Saturday,19,00000229-PHOTO-2025-11-22-19-02-57.jpg
7138,22/11/2025,19:06:52,2025-11-22T19:06:52.000Z,~ Darragh,Saturday,19,00000230-PHOTO-2025-11-22-19-06-52.jpg
7139,22/11/2025,19:10:28,2025-11-22T19:10:28.000Z,~ Lydia Rickard,Saturday,19,00000231-PHOTO-2025-11-22-19-10-28.jpg
7140,22/11/2025,19:10:45,2025-11-22T19:10:45.000Z,~ Duncan,Saturday,19,00000232-PHOTO-2025-11-22-19-10-45.jpg
7141,22/11/2025,19:11:44,2025-11-22T19:11:44.000Z,~ Lea,Saturday,19,00000233-PHOTO-2025-11-22-19-11-44.jpg
7142,22/11/2025,19:17:28,2025-11-22T19:17:28.000Z,~ Kilian,Saturday,19,00000234-PHOTO-2025-11-22-19-17-28.jpg
7143,22/11/2025,19:20:19,2025-11-22T19:20:19.000Z,~ Billy,Saturday,19,
7144,22/11/2025,19:30:52,2025-11-22T19:30:52.000Z,~ Daniel Garrett,Saturday,19,
7145,22/11/2025,19:44:22,2025-11-22T19:44:22.000Z,~ Fiachra,Saturday,19,
7146,22/11/2025,19:44:35,2025-11-22T19:44:35.000Z,~ Tim O’Brien,Saturday,19,
7147,22/11/2025,19:55:19,2025-11-22T19:55:19.000Z,~ Seann,Saturday,19,
7148,22/11/2025,19:58:27,2025-11-22T19:58:27.000Z,~ Reiss Krygier-Mclaren,Saturday,19,
7149,22/11/2025,20:02:41,2025-11-22T20:02:41.000Z,~ Lydia Rickard,Saturday,20,
7150,22/11/2025,20:09:51,2025-11-22T20:09:51.000Z,~ Daniel Garrett,Saturday,20,
7151,22/11/2025,20:11:28,2025-11-22T20:11:28.000Z,~ Mark Hernan,Saturday,20,
7152,22/11/2025,20:12:03,2025-11-22T20:12:03.000Z,~ David Barrett,Saturday,20,
7153,22/11/2025,20:22:31,2025-11-22T20:22:31.000Z,~ Enda Carberry,Saturday,20,
7154,22/11/2025,20:23:45,2025-11-22T20:23:45.000Z,~ Lorne,Saturday,20,
7155,22/11/2025,20:23:48,2025-11-22T20:23:48.000Z,~ Cameron,Saturday,20,
7156,22/11/2025,20:25:51,2025-11-22T20:25:51.000Z,~ Keir Skinner,Saturday,20,
7157,22/11/2025,20:27:59,2025-11-22T20:27:59.000Z,~ Mark,Saturday,20,
7158,22/11/2025,20:28:29,2025-11-22T20:28:29.000Z,~ Mark,Saturday,20,
7159,22/11/2025,20:35:57,2025-11-22T20:35:57.000Z,~ David Bradford,Saturday,20,
7160,22/11/2025,20:42:07,2025-11-22T20:42:07.000Z,~ Enda Carberry,Saturday,20,
7161,22/11/2025,20:52:56,2025-11-22T20:52:56.000Z,~ Adam RM,Saturday,20,
7162,22/11/2025,20:54:14,2025-11-22T20:54:14.000Z,~ Lydia Rickard,Saturday,20,
7163,22/11/2025,21:00:15,2025-11-22T21:00:15.000Z,~ Daniel Garrett,Saturday,21,00000255-PHOTO-2025-11-22-21-00-15.jpg
7164,22/11/2025,21:08:06,2025-11-22T21:08:06.000Z,~ Rory Oakes,Saturday,21,00000256-PHOTO-2025-11-22-21-08-06.jpg
7165,22/11/2025,21:19:48,2025-11-22T21:19:48.000Z,~ Enda Carberry,Saturday,21,
7166,22/11/2025,21:26:22,2025-11-22T21:26:22.000Z,~ David Barrett,Saturday,21,00000259-PHOTO-2025-11-22-21-26-22.jpg
7167,22/11/2025,21:27:11,2025-11-22T21:27:11.000Z,~ Evie,Saturday,21,00000260-PHOTO-2025-11-22-21-27-11.jpg
7168,22/11/2025,21:32:50,2025-11-22T21:32:50.000Z,~ Sam,Saturday,21,00000261-PHOTO-2025-11-22-21-32-50.jpg
7169,22/11/2025,21:34:50,2025-11-22T21:34:50.000Z,~ Emma Henderson,Saturday,21,00000262-PHOTO-2025-11-22-21-34-50.jpg
7170,22/11/2025,21:38:53,2025-11-22T21:38:53.000Z,~ Daniel Garrett,Saturday,21,00000263-PHOTO-2025-11-22-21-38-53.jpg
7171,22/11/2025,21:42:14,2025-11-22T21:42:14.000Z,~ Mark,Saturday,21,00000264-PHOTO-2025-11-22-21-42-14.jpg
7172,22/11/2025,21:48:11,2025-11-22T21:48:11.000Z,~ Enda Carberry,Saturday,21,00000265-PHOTO-2025-11-22-21-48-11.jpg
7173,22/11/2025,21:49:10,2025-11-22T21:49:10.000Z,~ Enda Carberry,Saturday,21,00000266-PHOTO-2025-11-22-21-49-10.jpg
7174,22/11/2025,21:49:41,2025-11-22T21:49:41.000Z,~ Ross Colville,Saturday,21,00000267-PHOTO-2025-11-22-21-49-41.jpg
7175,22/11/2025,22:06:40,2025-11-22T22:06:40.000Z,~ Max Moran,Saturday,22,00000269-PHOTO-2025-11-22-22-06-40.jpg
7176,22/11/2025,22:11:06,2025-11-22T22:11:06.000Z,~ Sam,Saturday,22,00000271-PHOTO-2025-11-22-22-11-06.jpg
7177,22/11/2025,22:15:23,2025-11-22T22:15:23.000Z,~ Enda Carberry,Saturday,22,00000273-PHOTO-2025-11-22-22-15-23.jpg
7178,22/11/2025,22:17:36,2025-11-22T22:17:36.000Z,~ Maeve,Saturday,22,00000274-PHOTO-2025-11-22-22-17-36.jpg
7179,22/11/2025,22:25:18,2025-11-22T22:25:18.000Z,~ Jamie Gelly,Saturday,22,00000275-PHOTO-2025-11-22-22-25-18.jpg
7180,22/11/2025,22:37:30,2025-11-22T22:37:30.000Z,~ Daniel Garrett,Saturday,22,00000276-PHOTO-2025-11-22-22-37-30.jpg
7181,22/11/2025,22:39:00,2025-11-22T22:39:00.000Z,~ Enda Carberry,Saturday,22,00000277-PHOTO-2025-11-22-22-39-00.jpg
7182,22/11/2025,22:39:12,2025-11-22T22:39:12.000Z,~ Anna,Saturday,22,00000278-PHOTO-2025-11-22-22-39-12.jpg
7183,22/11/2025,22:58:31,2025-11-22T22:58:31.000Z,~ James,Saturday,22,00000281-PHOTO-2025-11-22-22-58-31.jpg
7184,22/11/2025,22:58:49,2025-11-22T22:58:49.000Z,~ Alex,Saturday,22,00000280-PHOTO-2025-11-22-22-58-49.jpg
7185,22/11/2025,22:58:54,2025-11-22T22:58:54.000Z,~ Bobo,Saturday,22,00000282-PHOTO-2025-11-22-22-58-54.jpg
7186,22/11/2025,23:00:01,2025-11-22T23:00:01.000Z,~ Bobo,Saturday,23,00000283-PHOTO-2025-11-22-23-00-01.jpg
7187,22/11/2025,23:22:06,2025-11-22T23:22:06.000Z,~ Ross Colville,Saturday,23,00000284-PHOTO-2025-11-22-23-22-06.jpg
7188,22/11/2025,23:27:05,2025-11-22T23:27:05.000Z,~ Darragh,Saturday,23,00000285-PHOTO-2025-11-22-23-27-05.jpg
7189,22/11/2025,23:44:54,2025-11-22T23:44:54.000Z,~ David Barrett,Saturday,23,00000286-PHOTO-2025-11-22-23-44-54.jpg
7190,23/11/2025,00:26:45,2025-11-23T00:26:45.000Z,~ Evie,Sunday,0,00000287-PHOTO-2025-11-23-00-26-45.jpg
7191,23/11/2025,00:28:04,2025-11-23T00:28:04.000Z,~ Jamie Gelly,Sunday,0,00000288-PHOTO-2025-11-23-00-28-04.jpg
7192,23/11/2025,00:44:39,2025-11-23T00:44:39.000Z,~ Jack Brady,Sunday,0,00000289-PHOTO-2025-11-23-00-44-39.jpg
7193,23/11/2025,01:14:05,2025-11-23T01:14:05.000Z,~ Xabi Legras,Sunday,1,00000291-PHOTO-2025-11-23-01-14-05.jpg
7194,23/11/2025,01:14:50,2025-11-23T01:14:50.000Z,~ Niklass Ivasins,Sunday,1,00000293-PHOTO-2025-11-23-01-14-50.jpg
7195,23/11/2025,01:20:06,2025-11-23T01:20:06.000Z,~ Flora,Sunday,1,00000294-PHOTO-2025-11-23-01-20-06.jpg
7196,23/11/2025,05:51:58,2025-11-23T05:51:58.000Z,~ Jon,Sunday,5,00000295-PHOTO-2025-11-23-05-51-58.jpg
7197,23/11/2025,08:56:31,2025-11-23T08:56:31.000Z,~ Jon,Sunday,8,00000296-PHOTO-2025-11-23-08-56-31.jpg
7198,23/11/2025,11:36:37,2025-11-23T11:36:37.000Z,~ Jon,Sunday,11,00000297-PHOTO-2025-11-23-11-36-37.jpg
7199,23/11/2025,11:54:10,2025-11-23T11:54:10.000Z,~ Harry,Sunday,11,00000298-PHOTO-2025-11-23-11-54-10.jpg
7200,23/11/2025,12:18:21,2025-11-23T12:18:21.000Z,~ Harry,Sunday,12,00000299-PHOTO-2025-11-23-12-18-21.jpg
7201,23/11/2025,12:29:06,2025-11-23T12:29:06.000Z,~ Jack Rusted,Sunday,12,00000300-PHOTO-2025-11-23-12-29-06.jpg
7202,23/11/2025,12:35:17,2025-11-23T12:35:17.000Z,~ Jon,Sunday,12,00000301-PHOTO-2025-11-23-12-35-17.jpg
7203,23/11/2025,13:38:51,2025-11-23T13:38:51.000Z,~ T,Sunday,13,00000306-PHOTO-2025-11-23-13-38-51.jpg
7204,23/11/2025,13:42:02,2025-11-23T13:42:02.000Z,~ Seann,Sunday,13,00000307-PHOTO-2025-11-23-13-42-02.jpg
7205,23/11/2025,14:18:21,2025-11-23T14:18:21.000Z,~ Seann,Sunday,14,00000308-PHOTO-2025-11-23-14-18-21.jpg
7206,23/11/2025,14:23:41,2025-11-23T14:23:41.000Z,~ Harri,Sunday,14,00000309-PHOTO-2025-11-23-14-23-41.jpg
7207,23/11/2025,14:24:11,2025-11-23T14:24:11.000Z,~ Bane Tepavcevic,Sunday,14,00000310-PHOTO-2025-11-23-14-24-11.jpg
7208,23/11/2025,14:24:28,2025-11-23T14:24:28.000Z,~ Bane Tepavcevic,Sunday,14,00000311-PHOTO-2025-11-23-14-24-28.jpg
7209,23/11/2025,14:28:06,2025-11-23T14:28:06.000Z,~ Ross Colville,Sunday,14,00000312-PHOTO-2025-11-23-14-28-06.jpg
7210,23/11/2025,15:41:48,2025-11-23T15:41:48.000Z,~ Enda Carberry,Sunday,15,00000313-PHOTO-2025-11-23-15-41-48.jpg
7211,23/11/2025,15:44:15,2025-11-23T15:44:15.000Z,~ Ivo Slot,Sunday,15,00000314-PHOTO-2025-11-23-15-44-15.jpg
7212,23/11/2025,15:46:24,2025-11-23T15:46:24.000Z,~ kevin o'brien,Sunday,15,00000315-PHOTO-2025-11-23-15-46-24.jpg
7213,23/11/2025,15:48:19,2025-11-23T15:48:19.000Z,~ Jake Rooney,Sunday,15,00000317-PHOTO-2025-11-23-15-48-19.jpg
7214,23/11/2025,15:48:22,2025-11-23T15:48:22.000Z,~ Ross Colville,Sunday,15,00000318-PHOTO-2025-11-23-15-48-22.jpg
7215,23/11/2025,16:02:06,2025-11-23T16:02:06.000Z,~ Natasha,Sunday,16,00000320-PHOTO-2025-11-23-16-02-06.jpg
7216,23/11/2025,16:15:18,2025-11-23T16:15:18.000Z,~ Lucy Kavanagh,Sunday,16,00000321-PHOTO-2025-11-23-16-15-18.jpg
7217,23/11/2025,16:21:19,2025-11-23T16:21:19.000Z,~ Noah,Sunday,16,00000322-PHOTO-2025-11-23-16-21-19.jpg
7218,23/11/2025,16:27:05,2025-11-23T16:27:05.000Z,~ Becky,Sunday,16,00000323-PHOTO-2025-11-23-16-27-05.jpg
7219,23/11/2025,16:29:04,2025-11-23T16:29:04.000Z,~ Ellis P,Sunday,16,00000324-PHOTO-2025-11-23-16-29-04.jpg
7220,23/11/2025,16:29:20,2025-11-23T16:29:20.000Z,~ Harri,Sunday,16,00000325-PHOTO-2025-11-23-16-29-20.jpg
7221,23/11/2025,16:53:10,2025-11-23T16:53:10.000Z,~ Noah,Sunday,16,00000328-PHOTO-2025-11-23-16-53-10.jpg
7222,23/11/2025,16:56:44,2025-11-23T16:56:44.000Z,~ Seann,Sunday,16,00000329-PHOTO-2025-11-23-16-56-44.jpg
7223,23/11/2025,17:10:38,2025-11-23T17:10:38.000Z,~ Noah,Sunday,17,
7224,23/11/2025,17:13:17,2025-11-23T17:13:17.000Z,~ Ellis P,Sunday,17,00000331-PHOTO-2025-11-23-17-13-17.jpg
7225,23/11/2025,17:13:53,2025-11-23T17:13:53.000Z,~ Enda Carberry,Sunday,17,
7226,23/11/2025,17:14:08,2025-11-23T17:14:08.000Z,~ David Barrett,Sunday,17,
7227,23/11/2025,17:19:37,2025-11-23T17:19:37.000Z,~ Ross Colville,Sunday,17,00000334-PHOTO-2025-11-23-17-19-37.jpg
7228,23/11/2025,17:22:55,2025-11-23T17:22:55.000Z,~ jed,Sunday,17,00000335-PHOTO-2025-11-23-17-22-55.jpg
7229,23/11/2025,17:26:49,2025-11-23T17:26:49.000Z,~ Roshan Ehzuvan,Sunday,17,00000336-PHOTO-2025-11-23-17-26-49.jpg
7230,23/11/2025,17:38:45,2025-11-23T17:38:45.000Z,~ Natasha,Sunday,17,00000338-PHOTO-2025-11-23-17-38-45.jpg
7231,23/11/2025,17:41:40,2025-11-23T17:41:40.000Z,~ Gregor,Sunday,17,00000339-PHOTO-2025-11-23-17-41-40.jpg
7232,23/11/2025,18:07:27,2025-11-23T18:07:27.000Z,~ Enda Carberry,Sunday,18,00000340-PHOTO-2025-11-23-18-07-27.jpg
7233,23/11/2025,18:07:48,2025-11-23T18:07:48.000Z,~ David Barrett,Sunday,18,00000341-PHOTO-2025-11-23-18-07-48.jpg
7234,23/11/2025,18:09:25,2025-11-23T18:09:25.000Z,~ Conor,Sunday,18,00000342-PHOTO-2025-11-23-18-09-25.jpg
7235,23/11/2025,18:17:11,2025-11-23T18:17:11.000Z,~ Nelson,Sunday,18,00000343-PHOTO-2025-11-23-18-17-11.jpg
7236,23/11/2025,18:18:14,2025-11-23T18:18:14.000Z,~ Lauryn,Sunday,18,00000344-PHOTO-2025-11-23-18-18-14.jpg
7237,23/11/2025,18:18:32,2025-11-23T18:18:32.000Z,~ Lucy Kavanagh,Sunday,18,00000345-PHOTO-2025-11-23-18-18-32.jpg
7238,23/11/2025,18:26:35,2025-11-23T18:26:35.000Z,~ Marc,Sunday,18,00000346-PHOTO-2025-11-23-18-26-35.jpg
7239,23/11/2025,18:35:15,2025-11-23T18:35:15.000Z,~ Becky,Sunday,18,00000347-PHOTO-2025-11-23-18-35-15.jpg
7240,23/11/2025,18:58:24,2025-11-23T18:58:24.000Z,~ Conor,Sunday,18,00000350-PHOTO-2025-11-23-18-58-24.jpg
7241,23/11/2025,19:00:07,2025-11-23T19:00:07.000Z,~ Seann,Sunday,19,00000351-PHOTO-2025-11-23-19-00-07.jpg
7242,23/11/2025,19:15:42,2025-11-23T19:15:42.000Z,~ Ross Colville,Sunday,19,00000352-PHOTO-2025-11-23-19-15-42.jpg
7243,23/11/2025,19:29:16,2025-11-23T19:29:16.000Z,~ Dave,Sunday,19,00000353-PHOTO-2025-11-23-19-29-16.jpg
7244,23/11/2025,19:30:33,2025-11-23T19:30:33.000Z,~ Marc,Sunday,19,00000354-PHOTO-2025-11-23-19-30-33.jpg
7245,23/11/2025,19:50:37,2025-11-23T19:50:37.000Z,~ Ellis P,Sunday,19,00000355-PHOTO-2025-11-23-19-50-37.jpg
7246,23/11/2025,19:59:27,2025-11-23T19:59:27.000Z,~ Seann,Sunday,19,00000357-PHOTO-2025-11-23-19-59-27.jpg
7247,23/11/2025,20:12:00,2025-11-23T20:12:00.000Z,~ Conor,Sunday,20,00000358-PHOTO-2025-11-23-20-12-00.jpg
7248,23/11/2025,20:25:06,2025-11-23T20:25:06.000Z,~ Ross Colville,Sunday,20,00000359-PHOTO-2025-11-23-20-25-06.jpg
7249,23/11/2025,20:29:50,2025-11-23T20:29:50.000Z,~ Hannah McGagh,Sunday,20,00000360-PHOTO-2025-11-23-20-29-50.jpg
7250,23/11/2025,20:33:47,2025-11-23T20:33:47.000Z,~ Enda Carberry,Sunday,20,00000361-PHOTO-2025-11-23-20-33-47.jpg
7251,23/11/2025,21:02:06,2025-11-23T21:02:06.000Z,~ Marc,Sunday,21,00000362-PHOTO-2025-11-23-21-02-06.jpg
7252,23/11/2025,21:04:23,2025-11-23T21:04:23.000Z,~ Becky,Sunday,21,00000363-PHOTO-2025-11-23-21-04-23.jpg
7253,23/11/2025,21:42:03,2025-11-23T21:42:03.000Z,~ Adam Daly,Sunday,21,00000364-PHOTO-2025-11-23-21-42-03.jpg
7254,23/11/2025,21:50:20,2025-11-23T21:50:20.000Z,~ Jamma,Sunday,21,00000366-PHOTO-2025-11-23-21-50-20.jpg
7255,23/11/2025,22:10:18,2025-11-23T22:10:18.000Z,~ C,Sunday,22,00000367-PHOTO-2025-11-23-22-10-18.jpg
7256,23/11/2025,22:20:09,2025-11-23T22:20:09.000Z,~ jed,Sunday,22,00000368-PHOTO-2025-11-23-22-20-09.jpg
7257,24/11/2025,08:05:24,2025-11-24T08:05:24.000Z,~ Jamma,Monday,8,00000369-PHOTO-2025-11-24-08-05-24.jpg
7258,24/11/2025,08:07:54,2025-11-24T08:07:54.000Z,~ Marc,Monday,8,00000370-PHOTO-2025-11-24-08-07-54.jpg
7259,24/11/2025,08:12:04,2025-11-24T08:12:04.000Z,~ Harry,Monday,8,00000371-PHOTO-2025-11-24-08-12-04.jpg
7260,24/11/2025,08:43:00,2025-11-24T08:43:00.000Z,~ Jamma,Monday,8,00000372-PHOTO-2025-11-24-08-43-00.jpg
7261,24/11/2025,08:43:23,2025-11-24T08:43:23.000Z,~ Marc,Monday,8,00000373-PHOTO-2025-11-24-08-43-23.jpg
7262,24/11/2025,09:04:06,2025-11-24T09:04:06.000Z,~ Jack Rusted,Monday,9,00000375-PHOTO-2025-11-24-09-04-06.jpg
7263,24/11/2025,09:04:09,2025-11-24T09:04:09.000Z,~ Jack Rusted,Monday,9,00000376-VIDEO-2025-11-24-09-04-09.mp4
7264,24/11/2025,09:04:25,2025-11-24T09:04:25.000Z,~ Jack Rusted,Monday,9,00000377-PHOTO-2025-11-24-09-04-25.jpg
7265,24/11/2025,09:33:12,2025-11-24T09:33:12.000Z,~ Jamma,Monday,9,00000378-PHOTO-2025-11-24-09-33-12.jpg
7266,24/11/2025,09:33:55,2025-11-24T09:33:55.000Z,~ Marc,Monday,9,00000379-PHOTO-2025-11-24-09-33-55.jpg
7267,24/11/2025,09:59:40,2025-11-24T09:59:40.000Z,~ Jack Rusted,Monday,9,00000380-PHOTO-2025-11-24-09-59-40.jpg
7268,24/11/2025,10:19:56,2025-11-24T10:19:56.000Z,~ Jamma,Monday,10,00000381-PHOTO-2025-11-24-10-19-56.jpg
7269,24/11/2025,10:32:16,2025-11-24T10:32:16.000Z,~ Jack Rusted,Monday,10,00000382-PHOTO-2025-11-24-10-32-16.jpg
7270,24/11/2025,10:36:22,2025-11-24T10:36:22.000Z,~ Jack Rusted,Monday,10,00000383-PHOTO-2025-11-24-10-36-22.jpg
7271,24/11/2025,10:36:26,2025-11-24T10:36:26.000Z,~ Jack Rusted,Monday,10,00000384-VIDEO-2025-11-24-10-36-26.mp4
7272,24/11/2025,16:04:07,2025-11-24T16:04:07.000Z,~ Natasha,Monday,16,00000385-PHOTO-2025-11-24-16-04-07.jpg
7273,24/11/2025,16:21:54,2025-11-24T16:21:54.000Z,~ Jamma,Monday,16,00000387-PHOTO-2025-11-24-16-21-54.jpg
7274,24/11/2025,16:29:32,2025-11-24T16:29:32.000Z,~ Marc,Monday,16,00000388-PHOTO-2025-11-24-16-29-32.jpg
7275,24/11/2025,18:02:53,2025-11-24T18:02:53.000Z,~ Jamma,Monday,18,00000390-PHOTO-2025-11-24-18-02-53.jpg
7276,24/11/2025,18:19:45,2025-11-24T18:19:45.000Z,~ Adam Daly,Monday,18,00000391-PHOTO-2025-11-24-18-19-45.jpg
7277,24/11/2025,18:20:13,2025-11-24T18:20:13.000Z,~ Marc,Monday,18,00000392-PHOTO-2025-11-24-18-20-13.jpg
7278,24/11/2025,18:20:20,2025-11-24T18:20:20.000Z,~ Hannah McGagh,Monday,18,00000393-PHOTO-2025-11-24-18-20-20.jpg
7279,24/11/2025,18:36:26,2025-11-24T18:36:26.000Z,~ Callum Dott,Monday,18,00000394-PHOTO-2025-11-24-18-36-26.jpg
7280,24/11/2025,19:15:42,2025-11-24T19:15:42.000Z,~ Jamma,Monday,19,00000395-PHOTO-2025-11-24-19-15-42.jpg
7281,24/11/2025,19:18:45,2025-11-24T19:18:45.000Z,~ Darragh,Monday,19,00000396-PHOTO-2025-11-24-19-18-45.jpg
7282,24/11/2025,19:19:56,2025-11-24T19:19:56.000Z,~ Marc,Monday,19,00000397-PHOTO-2025-11-24-19-19-56.jpg
7283,24/11/2025,19:41:59,2025-11-24T19:41:59.000Z,~ Mark,Monday,19,00000398-PHOTO-2025-11-24-19-41-59.jpg
7284,24/11/2025,19:42:32,2025-11-24T19:42:32.000Z,~ Claire,Monday,19,00000399-PHOTO-2025-11-24-19-42-32.jpg
7285,24/11/2025,19:59:24,2025-11-24T19:59:24.000Z,~ Enda Carberry,Monday,19,00000400-PHOTO-2025-11-24-19-59-24.jpg
7286,24/11/2025,20:02:16,2025-11-24T20:02:16.000Z,~ caodán connolly,Monday,20,00000401-PHOTO-2025-11-24-20-02-16.jpg
7287,24/11/2025,20:04:49,2025-11-24T20:04:49.000Z,~ Seann,Monday,20,00000404-PHOTO-2025-11-24-20-04-49.jpg
7288,24/11/2025,20:24:19,2025-11-24T20:24:19.000Z,~ Mark,Monday,20,00000405-PHOTO-2025-11-24-20-24-19.jpg
7289,24/11/2025,20:30:41,2025-11-24T20:30:41.000Z,~ Adam,Monday,20,00000406-PHOTO-2025-11-24-20-30-41.jpg
7290,24/11/2025,20:31:38,2025-11-24T20:31:38.000Z,~ James Lloyd,Monday,20,00000407-PHOTO-2025-11-24-20-31-38.jpg
7291,24/11/2025,20:50:27,2025-11-24T20:50:27.000Z,~ Jamma,Monday,20,00000408-PHOTO-2025-11-24-20-50-27.jpg
7292,24/11/2025,20:54:30,2025-11-24T20:54:30.000Z,~ Enda Carberry,Monday,20,00000409-PHOTO-2025-11-24-20-54-30.jpg
7293,24/11/2025,21:04:33,2025-11-24T21:04:33.000Z,~ Callum Dott,Monday,21,00000410-PHOTO-2025-11-24-21-04-33.jpg
7294,24/11/2025,21:06:08,2025-11-24T21:06:08.000Z,~ Marc,Monday,21,00000411-PHOTO-2025-11-24-21-06-08.jpg
7295,24/11/2025,21:24:42,2025-11-24T21:24:42.000Z,~ Adam,Monday,21,00000413-PHOTO-2025-11-24-21-24-42.jpg
7296,24/11/2025,21:25:09,2025-11-24T21:25:09.000Z,~ caodán connolly,Monday,21,00000414-PHOTO-2025-11-24-21-25-09.jpg
7297,24/11/2025,21:26:09,2025-11-24T21:26:09.000Z,~ Becky,Monday,21,00000415-PHOTO-2025-11-24-21-26-09.jpg
7298,24/11/2025,21:48:13,2025-11-24T21:48:13.000Z,~ Enda Carberry,Monday,21,00000416-PHOTO-2025-11-24-21-48-13.jpg
7299,24/11/2025,22:30:05,2025-11-24T22:30:05.000Z,~ Enda Carberry,Monday,22,00000417-PHOTO-2025-11-24-22-30-05.jpg
7300,24/11/2025,23:00:17,2025-11-24T23:00:17.000Z,~ Darragh,Monday,23,00000418-PHOTO-2025-11-24-23-00-17.jpg
7301,24/11/2025,23:00:46,2025-11-24T23:00:46.000Z,~ Jamma,Monday,23,00000419-PHOTO-2025-11-24-23-00-46.jpg
7302,24/11/2025,23:04:37,2025-11-24T23:04:37.000Z,~ caodán connolly,Monday,23,00000421-PHOTO-2025-11-24-23-04-37.jpg
7303,24/11/2025,23:06:59,2025-11-24T23:06:59.000Z,~ Helen,Monday,23,00000422-PHOTO-2025-11-24-23-06-59.jpg
7304,24/11/2025,23:28:36,2025-11-24T23:28:36.000Z,~ Enda Carberry,Monday,23,00000423-PHOTO-2025-11-24-23-28-36.jpg
7305,25/11/2025,13:18:12,2025-11-25T13:18:12.000Z,~ Marc,Tuesday,13,00000424-PHOTO-2025-11-25-13-18-12.jpg
7306,25/11/2025,13:57:03,2025-11-25T13:57:03.000Z,~ Jamma,Tuesday,13,00000425-PHOTO-2025-11-25-13-57-03.jpg
7307,25/11/2025,14:42:02,2025-11-25T14:42:02.000Z,~ Marc,Tuesday,14,00000426-PHOTO-2025-11-25-14-42-02.jpg
7308,25/11/2025,14:44:51,2025-11-25T14:44:51.000Z,~ T,Tuesday,14,00000427-PHOTO-2025-11-25-14-44-51.jpg
7309,25/11/2025,15:05:38,2025-11-25T15:05:38.000Z,~ Seb,Tuesday,15,00000428-PHOTO-2025-11-25-15-05-38.jpg
7310,25/11/2025,15:26:33,2025-11-25T15:26:33.000Z,~ Marc,Tuesday,15,00000429-PHOTO-2025-11-25-15-26-33.jpg
7311,25/11/2025,15:33:44,2025-11-25T15:33:44.000Z,~ Ross Colville,Tuesday,15,00000430-PHOTO-2025-11-25-15-33-44.jpg
7312,25/11/2025,16:25:40,2025-11-25T16:25:40.000Z,~ Maeve,Tuesday,16,00000431-PHOTO-2025-11-25-16-25-40.jpg
7313,25/11/2025,16:31:29,2025-11-25T16:31:29.000Z,~ Adam,Tuesday,16,00000432-PHOTO-2025-11-25-16-31-29.jpg
7314,25/11/2025,16:32:07,2025-11-25T16:32:07.000Z,~ Ross Colville,Tuesday,16,00000433-PHOTO-2025-11-25-16-32-07.jpg
7315,25/11/2025,17:14:04,2025-11-25T17:14:04.000Z,~ Natasha,Tuesday,17,00000434-PHOTO-2025-11-25-17-14-04.jpg
7316,25/11/2025,18:07:06,2025-11-25T18:07:06.000Z,~ Maeve,Tuesday,18,00000435-PHOTO-2025-11-25-18-07-06.jpg
7317,25/11/2025,18:24:06,2025-11-25T18:24:06.000Z,~ Ross Colville,Tuesday,18,00000436-PHOTO-2025-11-25-18-24-06.jpg
7318,25/11/2025,18:46:14,2025-11-25T18:46:14.000Z,~ Jamma,Tuesday,18,00000438-PHOTO-2025-11-25-18-46-14.jpg
7319,25/11/2025,18:47:06,2025-11-25T18:47:06.000Z,~ Cathal,Tuesday,18,00000440-PHOTO-2025-11-25-18-47-06.jpg
7320,25/11/2025,18:48:21,2025-11-25T18:48:21.000Z,~ Marc,Tuesday,18,00000441-PHOTO-2025-11-25-18-48-21.jpg
7321,25/11/2025,18:55:14,2025-11-25T18:55:14.000Z,~ Natasha,Tuesday,18,00000442-PHOTO-2025-11-25-18-55-14.jpg
7322,25/11/2025,19:00:05,2025-11-25T19:00:05.000Z,~ kevin o'brien,Tuesday,19,00000443-PHOTO-2025-11-25-19-00-05.jpg
7323,25/11/2025,19:01:01,2025-11-25T19:01:01.000Z,~ caodán connolly,Tuesday,19,00000444-PHOTO-2025-11-25-19-01-01.jpg
7324,25/11/2025,19:37:19,2025-11-25T19:37:19.000Z,~ Jamma,Tuesday,19,00000446-PHOTO-2025-11-25-19-37-19.jpg
7325,25/11/2025,19:45:07,2025-11-25T19:45:07.000Z,~ Cathal,Tuesday,19,00000447-PHOTO-2025-11-25-19-45-07.jpg
7326,25/11/2025,20:55:43,2025-11-25T20:55:43.000Z,~ Will Anderson,Tuesday,20,00000448-PHOTO-2025-11-25-20-55-43.jpg
7327,25/11/2025,22:38:22,2025-11-25T22:38:22.000Z,~ Will Anderson,Tuesday,22,00000449-PHOTO-2025-11-25-22-38-22.jpg
7328,26/11/2025,09:50:31,2025-11-26T09:50:31.000Z,~ Jamma,Wednesday,9,00000450-PHOTO-2025-11-26-09-50-31.jpg
7329,26/11/2025,13:56:49,2025-11-26T13:56:49.000Z,~ Jamma,Wednesday,13,00000451-PHOTO-2025-11-26-13-56-49.jpg
7330,26/11/2025,14:29:03,2025-11-26T14:29:03.000Z,Caolán Walsh,Wednesday,14,00000452-PHOTO-2025-11-26-14-29-03.jpg
7331,26/11/2025,15:49:15,2025-11-26T15:49:15.000Z,~ Bernardi,Wednesday,15,00000454-PHOTO-2025-11-26-15-49-15.jpg
7332,26/11/2025,16:03:37,2025-11-26T16:03:37.000Z,Caolán Walsh,Wednesday,16,00000455-PHOTO-2025-11-26-16-03-37.jpg
7333,26/11/2025,16:39:14,2025-11-26T16:39:14.000Z,~ Sam Ross,Wednesday,16,00000456-PHOTO-2025-11-26-16-39-14.jpg
7334,26/11/2025,16:59:04,2025-11-26T16:59:04.000Z,~ Jamma,Wednesday,16,00000458-PHOTO-2025-11-26-16-59-04.jpg
7335,26/11/2025,17:05:34,2025-11-26T17:05:34.000Z,~ Cathal,Wednesday,17,00000459-PHOTO-2025-11-26-17-05-34.jpg
7336,26/11/2025,17:18:54,2025-11-26T17:18:54.000Z,~ Sam Ross,Wednesday,17,00000461-PHOTO-2025-11-26-17-18-54.jpg
7337,26/11/2025,17:24:06,2025-11-26T17:24:06.000Z,~ Marc,Wednesday,17,00000462-PHOTO-2025-11-26-17-24-06.jpg
7338,26/11/2025,17:24:07,2025-11-26T17:24:07.000Z,~ Marc,Wednesday,17,00000463-VIDEO-2025-11-26-17-24-07.mp4
7339,26/11/2025,18:16:14,2025-11-26T18:16:14.000Z,Caolán Walsh,Wednesday,18,00000466-PHOTO-2025-11-26-18-16-14.jpg
7340,26/11/2025,18:16:45,2025-11-26T18:16:45.000Z,~ Adam,Wednesday,18,00000467-PHOTO-2025-11-26-18-16-45.jpg
7341,26/11/2025,18:28:20,2025-11-26T18:28:20.000Z,~ Jamma,Wednesday,18,00000468-PHOTO-2025-11-26-18-28-20.jpg
7342,26/11/2025,18:29:44,2025-11-26T18:29:44.000Z,~ Sam Ross,Wednesday,18,00000469-PHOTO-2025-11-26-18-29-44.jpg
7343,26/11/2025,19:13:19,2025-11-26T19:13:19.000Z,~ Andde Pierre,Wednesday,19,00000472-PHOTO-2025-11-26-19-13-19.jpg
7344,26/11/2025,19:22:13,2025-11-26T19:22:13.000Z,~ Sam Ross,Wednesday,19,00000473-PHOTO-2025-11-26-19-22-13.jpg
7345,26/11/2025,19:22:53,2025-11-26T19:22:53.000Z,~ jed,Wednesday,19,00000474-PHOTO-2025-11-26-19-22-53.jpg
7346,26/11/2025,19:24:59,2025-11-26T19:24:59.000Z,~ Jamma,Wednesday,19,00000475-PHOTO-2025-11-26-19-24-59.jpg
7347,26/11/2025,19:25:18,2025-11-26T19:25:18.000Z,~ Marc,Wednesday,19,00000476-PHOTO-2025-11-26-19-25-18.jpg
7348,26/11/2025,19:25:30,2025-11-26T19:25:30.000Z,~ Marc,Wednesday,19,00000477-VIDEO-2025-11-26-19-25-30.mp4
7349,26/11/2025,19:54:10,2025-11-26T19:54:10.000Z,~ Enda Carberry,Wednesday,19,00000478-PHOTO-2025-11-26-19-54-10.jpg
7350,26/11/2025,19:55:42,2025-11-26T19:55:42.000Z,~ Gruff stead,Wednesday,19,00000479-PHOTO-2025-11-26-19-55-42.jpg
7351,26/11/2025,19:55:44,2025-11-26T19:55:44.000Z,~ Gruff stead,Wednesday,19,00000480-VIDEO-2025-11-26-19-55-44.mp4
7352,26/11/2025,19:59:25,2025-11-26T19:59:25.000Z,~ Charlotte,Wednesday,19,00000482-PHOTO-2025-11-26-19-59-25.jpg
7353,26/11/2025,20:12:13,2025-11-26T20:12:13.000Z,~ Sean,Wednesday,20,00000483-PHOTO-2025-11-26-20-12-13.jpg
7354,26/11/2025,20:42:28,2025-11-26T20:42:28.000Z,~ Marc,Wednesday,20,00000484-PHOTO-2025-11-26-20-42-28.jpg
7355,26/11/2025,20:42:58,2025-11-26T20:42:58.000Z,~ Enda Carberry,Wednesday,20,00000485-PHOTO-2025-11-26-20-42-58.jpg
7356,26/11/2025,20:44:39,2025-11-26T20:44:39.000Z,~ Hannah McGagh,Wednesday,20,00000486-PHOTO-2025-11-26-20-44-39.jpg
7357,26/11/2025,21:05:38,2025-11-26T21:05:38.000Z,~ Gruff stead,Wednesday,21,00000487-PHOTO-2025-11-26-21-05-38.jpg
7358,26/11/2025,21:05:41,2025-11-26T21:05:41.000Z,~ Gruff stead,Wednesday,21,00000489-VIDEO-2025-11-26-21-05-41.mp4
7359,26/11/2025,21:06:32,2025-11-26T21:06:32.000Z,~ Harri,Wednesday,21,00000490-PHOTO-2025-11-26-21-06-32.jpg
7360,26/11/2025,21:22:57,2025-11-26T21:22:57.000Z,~ Jamma,Wednesday,21,00000491-PHOTO-2025-11-26-21-22-57.jpg
7361,26/11/2025,21:24:15,2025-11-26T21:24:15.000Z,~ Harri,Wednesday,21,00000492-PHOTO-2025-11-26-21-24-15.jpg
7362,26/11/2025,21:52:57,2025-11-26T21:52:57.000Z,~ Evan Flaherty,Wednesday,21,00000493-PHOTO-2025-11-26-21-52-57.jpg
7363,26/11/2025,22:10:39,2025-11-26T22:10:39.000Z,~ Harri,Wednesday,22,00000494-PHOTO-2025-11-26-22-10-39.jpg
7364,26/11/2025,23:00:56,2025-11-26T23:00:56.000Z,~ Evan Flaherty,Wednesday,23,00000495-PHOTO-2025-11-26-23-00-56.jpg
7365,27/11/2025,11:43:05,2025-11-27T11:43:05.000Z,~ Jamma,Thursday,11,00000496-PHOTO-2025-11-27-11-43-05.jpg
7366,27/11/2025,12:52:44,2025-11-27T12:52:44.000Z,~ Jamma,Thursday,12,00000497-PHOTO-2025-11-27-12-52-44.jpg
7367,27/11/2025,13:11:16,2025-11-27T13:11:16.000Z,~ Evie,Thursday,13,00000498-PHOTO-2025-11-27-13-11-16.jpg
7368,27/11/2025,13:21:27,2025-11-27T13:21:27.000Z,~ Peter Diaz,Thursday,13,00000499-PHOTO-2025-11-27-13-21-27.jpg
7369,27/11/2025,13:36:08,2025-11-27T13:36:08.000Z,~ James Lloyd,Thursday,13,00000500-PHOTO-2025-11-27-13-36-08.jpg
7370,27/11/2025,14:16:23,2025-11-27T14:16:23.000Z,~ Marc,Thursday,14,00000501-PHOTO-2025-11-27-14-16-23.jpg
7371,27/11/2025,14:27:56,2025-11-27T14:27:56.000Z,~ Evie,Thursday,14,00000502-PHOTO-2025-11-27-14-27-56.jpg
7372,27/11/2025,14:31:34,2025-11-27T14:31:34.000Z,~ Archie Smith,Thursday,14,00000503-PHOTO-2025-11-27-14-31-34.jpg
7373,27/11/2025,15:09:25,2025-11-27T15:09:25.000Z,~ Jamma,Thursday,15,00000504-PHOTO-2025-11-27-15-09-25.jpg
7374,27/11/2025,15:56:14,2025-11-27T15:56:14.000Z,~ Jamma,Thursday,15,00000505-PHOTO-2025-11-27-15-56-14.jpg
7375,27/11/2025,16:03:32,2025-11-27T16:03:32.000Z,~ Hugh,Thursday,16,00000506-PHOTO-2025-11-27-16-03-32.jpg
7376,27/11/2025,16:17:38,2025-11-27T16:17:38.000Z,~ Jamma,Thursday,16,00000507-PHOTO-2025-11-27-16-17-38.jpg
7377,27/11/2025,16:25:59,2025-11-27T16:25:59.000Z,~ Enda Carberry,Thursday,16,00000508-PHOTO-2025-11-27-16-25-59.jpg
7378,27/11/2025,17:15:12,2025-11-27T17:15:12.000Z,~ Dan Dolderson,Thursday,17,00000509-PHOTO-2025-11-27-17-15-12.jpg
7379,27/11/2025,17:15:39,2025-11-27T17:15:39.000Z,~ Dan Dolderson,Thursday,17,00000510-VIDEO-2025-11-27-17-15-39.mp4
7380,27/11/2025,17:22:24,2025-11-27T17:22:24.000Z,~ Jon,Thursday,17,00000511-PHOTO-2025-11-27-17-22-24.jpg
7381,27/11/2025,17:26:49,2025-11-27T17:26:49.000Z,~ Dan Dolderson,Thursday,17,00000512-PHOTO-2025-11-27-17-26-49.jpg
7382,27/11/2025,17:26:51,2025-11-27T17:26:51.000Z,~ Dan Dolderson,Thursday,17,00000513-VIDEO-2025-11-27-17-26-51.mp4
7383,27/11/2025,17:28:21,2025-11-27T17:28:21.000Z,~ Joe Daniels,Thursday,17,00000514-PHOTO-2025-11-27-17-28-21.jpg
7384,27/11/2025,17:49:35,2025-11-27T17:49:35.000Z,~ Lydia Rickard,Thursday,17,00000515-PHOTO-2025-11-27-17-49-35.jpg
7385,27/11/2025,18:11:57,2025-11-27T18:11:57.000Z,~ Ross Cowie,Thursday,18,00000516-PHOTO-2025-11-27-18-11-57.jpg
7386,27/11/2025,18:11:58,2025-11-27T18:11:58.000Z,~ Ross Cowie,Thursday,18,00000517-VIDEO-2025-11-27-18-11-58.mp4
7387,27/11/2025,18:13:05,2025-11-27T18:13:05.000Z,~ Brett,Thursday,18,00000519-PHOTO-2025-11-27-18-13-05.jpg
7388,27/11/2025,18:15:43,2025-11-27T18:15:43.000Z,~ Ivo Slot,Thursday,18,00000520-PHOTO-2025-11-27-18-15-43.jpg
7389,27/11/2025,18:32:46,2025-11-27T18:32:46.000Z,~ Brett,Thursday,18,00000522-PHOTO-2025-11-27-18-32-46.jpg
7390,27/11/2025,18:41:46,2025-11-27T18:41:46.000Z,~ Lea,Thursday,18,00000523-PHOTO-2025-11-27-18-41-46.jpg
7391,27/11/2025,19:10:05,2025-11-27T19:10:05.000Z,~ Brett,Thursday,19,00000524-PHOTO-2025-11-27-19-10-05.jpg
7392,27/11/2025,19:10:54,2025-11-27T19:10:54.000Z,~ Finn,Thursday,19,00000525-PHOTO-2025-11-27-19-10-54.jpg
7393,27/11/2025,19:13:53,2025-11-27T19:13:53.000Z,Caolán Walsh,Thursday,19,00000526-PHOTO-2025-11-27-19-13-53.jpg
7394,27/11/2025,19:24:23,2025-11-27T19:24:23.000Z,~ Ellis P,Thursday,19,00000527-PHOTO-2025-11-27-19-24-23.jpg
7395,27/11/2025,19:29:52,2025-11-27T19:29:52.000Z,~ Lydia Rickard,Thursday,19,00000528-PHOTO-2025-11-27-19-29-52.jpg
7396,27/11/2025,19:34:28,2025-11-27T19:34:28.000Z,~ Emma Henderson,Thursday,19,00000529-PHOTO-2025-11-27-19-34-28.jpg
7397,27/11/2025,19:48:24,2025-11-27T19:48:24.000Z,~ Brett,Thursday,19,00000530-PHOTO-2025-11-27-19-48-24.jpg
7398,27/11/2025,20:06:42,2025-11-27T20:06:42.000Z,~ Graeme S,Thursday,20,00000531-PHOTO-2025-11-27-20-06-42.jpg
7399,27/11/2025,20:07:48,2025-11-27T20:07:48.000Z,~ Darragh,Thursday,20,00000532-PHOTO-2025-11-27-20-07-48.jpg
7400,27/11/2025,20:08:13,2025-11-27T20:08:13.000Z,~ Seann,Thursday,20,00000533-PHOTO-2025-11-27-20-08-13.jpg
7401,27/11/2025,20:12:00,2025-11-27T20:12:00.000Z,~ Evie,Thursday,20,00000534-PHOTO-2025-11-27-20-12-00.jpg
7402,27/11/2025,20:33:24,2025-11-27T20:33:24.000Z,~ Tom,Thursday,20,00000535-PHOTO-2025-11-27-20-33-24.jpg
7403,27/11/2025,20:35:35,2025-11-27T20:35:35.000Z,~ Ellis P,Thursday,20,00000536-PHOTO-2025-11-27-20-35-35.jpg
7404,27/11/2025,20:59:24,2025-11-27T20:59:24.000Z,~ Ross Cowie,Thursday,20,00000537-PHOTO-2025-11-27-20-59-24.jpg
7405,27/11/2025,21:09:38,2025-11-27T21:09:38.000Z,~ Hugh,Thursday,21,00000538-PHOTO-2025-11-27-21-09-38.jpg
7406,27/11/2025,21:20:43,2025-11-27T21:20:43.000Z,~ Sam,Thursday,21,00000539-PHOTO-2025-11-27-21-20-43.jpg
7407,27/11/2025,21:23:40,2025-11-27T21:23:40.000Z,~ Lydia Rickard,Thursday,21,00000540-PHOTO-2025-11-27-21-23-40.jpg
7408,27/11/2025,21:34:06,2025-11-27T21:34:06.000Z,Conall Caverly,Thursday,21,00000541-PHOTO-2025-11-27-21-34-06.jpg
7409,27/11/2025,21:39:12,2025-11-27T21:39:12.000Z,~ Sam Ross,Thursday,21,00000542-PHOTO-2025-11-27-21-39-12.jpg
7410,27/11/2025,21:39:14,2025-11-27T21:39:14.000Z,~ Sam Ross,Thursday,21,00000543-VIDEO-2025-11-27-21-39-14.mp4
7411,27/11/2025,21:49:07,2025-11-27T21:49:07.000Z,~ Marc,Thursday,21,00000544-PHOTO-2025-11-27-21-49-07.jpg
7412,27/11/2025,22:38:59,2025-11-27T22:38:59.000Z,Conall Caverly,Thursday,22,00000546-PHOTO-2025-11-27-22-38-59.jpg
7413,27/11/2025,23:09:57,2025-11-27T23:09:57.000Z,~ Sam,Thursday,23,00000548-PHOTO-2025-11-27-23-09-57.jpg
7414,27/11/2025,23:21:44,2025-11-27T23:21:44.000Z,~ Martins,Thursday,23,00000549-PHOTO-2025-11-27-23-21-44.jpg
7415,27/11/2025,23:34:38,2025-11-27T23:34:38.000Z,Caolán Walsh,Thursday,23,00000554-PHOTO-2025-11-27-23-34-38.jpg
7416,28/11/2025,00:30:59,2025-11-28T00:30:59.000Z,~ Martins,Friday,0,00000555-PHOTO-2025-11-28-00-30-59.jpg
7417,28/11/2025,10:17:45,2025-11-28T10:17:45.000Z,~ Jack Rusted,Friday,10,00000556-PHOTO-2025-11-28-10-17-45.jpg
7418,28/11/2025,10:17:52,2025-11-28T10:17:52.000Z,~ Jack Rusted,Friday,10,00000557-VIDEO-2025-11-28-10-17-52.mp4
7419,28/11/2025,11:34:38,2025-11-28T11:34:38.000Z,~ Jamma,Friday,11,00000558-PHOTO-2025-11-28-11-34-38.jpg
7420,28/11/2025,14:18:27,2025-11-28T14:18:27.000Z,~ Noah,Friday,14,00000560-PHOTO-2025-11-28-14-18-27.jpg
7421,28/11/2025,17:21:30,2025-11-28T17:21:30.000Z,~ Cameron Dryden,Friday,17,00000561-PHOTO-2025-11-28-17-21-30.jpg
7422,28/11/2025,17:47:52,2025-11-28T17:47:52.000Z,~ Lily Merrett,Friday,17,00000563-PHOTO-2025-11-28-17-47-52.jpg
7423,28/11/2025,17:48:18,2025-11-28T17:48:18.000Z,~ Sean,Friday,17,00000564-PHOTO-2025-11-28-17-48-18.jpg
7424,28/11/2025,18:02:57,2025-11-28T18:02:57.000Z,~ Seann,Friday,18,00000565-PHOTO-2025-11-28-18-02-57.jpg
7425,28/11/2025,18:03:53,2025-11-28T18:03:53.000Z,~ Stella Buddell,Friday,18,00000566-PHOTO-2025-11-28-18-03-53.jpg
7426,28/11/2025,18:04:16,2025-11-28T18:04:16.000Z,~ Billy,Friday,18,00000567-PHOTO-2025-11-28-18-04-16.jpg
7427,28/11/2025,18:09:48,2025-11-28T18:09:48.000Z,~ yoni,Friday,18,00000568-PHOTO-2025-11-28-18-09-48.jpg
7428,28/11/2025,18:16:58,2025-11-28T18:16:58.000Z,~ Ollie Cohen,Friday,18,00000569-PHOTO-2025-11-28-18-16-58.jpg
7429,28/11/2025,18:17:30,2025-11-28T18:17:30.000Z,~ Steven,Friday,18,00000570-PHOTO-2025-11-28-18-17-30.jpg
7430,28/11/2025,18:25:39,2025-11-28T18:25:39.000Z,~ Harri,Friday,18,00000572-PHOTO-2025-11-28-18-25-39.jpg
7431,28/11/2025,18:32:36,2025-11-28T18:32:36.000Z,~ Sean,Friday,18,00000573-PHOTO-2025-11-28-18-32-36.jpg
7432,28/11/2025,18:34:00,2025-11-28T18:34:00.000Z,~ Billy,Friday,18,00000574-PHOTO-2025-11-28-18-34-00.jpg
7433,28/11/2025,18:45:42,2025-11-28T18:45:42.000Z,~ Harri,Friday,18,00000578-PHOTO-2025-11-28-18-45-42.jpg
7434,28/11/2025,18:53:05,2025-11-28T18:53:05.000Z,~ Alex Lillie,Friday,18,00000579-PHOTO-2025-11-28-18-53-05.jpg
7435,28/11/2025,18:53:38,2025-11-28T18:53:38.000Z,~ Susanna,Friday,18,00000580-PHOTO-2025-11-28-18-53-38.jpg
7436,28/11/2025,18:58:56,2025-11-28T18:58:56.000Z,~ Ruairi,Friday,18,00000581-PHOTO-2025-11-28-18-58-56.jpg
7437,28/11/2025,19:02:14,2025-11-28T19:02:14.000Z,~ Jon Rickard,Friday,19,00000582-PHOTO-2025-11-28-19-02-14.jpg
7438,28/11/2025,19:02:25,2025-11-28T19:02:25.000Z,~ Jon Rickard,Friday,19,00000583-VIDEO-2025-11-28-19-02-25.mp4
7439,28/11/2025,19:03:49,2025-11-28T19:03:49.000Z,~ Stella Buddell,Friday,19,00000584-PHOTO-2025-11-28-19-03-49.jpg
7440,28/11/2025,19:16:56,2025-11-28T19:16:56.000Z,~ Lily Merrett,Friday,19,00000585-PHOTO-2025-11-28-19-16-56.jpg
7441,28/11/2025,19:21:59,2025-11-28T19:21:59.000Z,~ Ruby Gribben,Friday,19,00000586-PHOTO-2025-11-28-19-21-59.jpg
7442,28/11/2025,19:22:55,2025-11-28T19:22:55.000Z,~ Harry,Friday,19,00000587-PHOTO-2025-11-28-19-22-55.jpg
7443,28/11/2025,19:30:25,2025-11-28T19:30:25.000Z,~ Jon Rickard,Friday,19,00000588-PHOTO-2025-11-28-19-30-25.jpg
7444,28/11/2025,19:30:28,2025-11-28T19:30:28.000Z,~ Jon Rickard,Friday,19,00000589-VIDEO-2025-11-28-19-30-28.mp4
7445,28/11/2025,19:33:06,2025-11-28T19:33:06.000Z,~ Harri,Friday,19,00000592-PHOTO-2025-11-28-19-33-06.jpg
7446,28/11/2025,19:45:43,2025-11-28T19:45:43.000Z,~ Susanna,Friday,19,00000594-PHOTO-2025-11-28-19-45-43.jpg
7447,28/11/2025,19:47:50,2025-11-28T19:47:50.000Z,~ Kit Bonham Carter,Friday,19,00000595-PHOTO-2025-11-28-19-47-50.jpg
7448,28/11/2025,19:53:21,2025-11-28T19:53:21.000Z,~ Oscar,Friday,19,00000596-PHOTO-2025-11-28-19-53-21.jpg
7449,28/11/2025,19:53:31,2025-11-28T19:53:31.000Z,~ Oscar,Friday,19,00000597-PHOTO-2025-11-28-19-53-31.jpg
7450,28/11/2025,20:00:48,2025-11-28T20:00:48.000Z,~ David Barrett,Friday,20,00000598-PHOTO-2025-11-28-20-00-48.jpg
7451,28/11/2025,20:02:02,2025-11-28T20:02:02.000Z,~ Stella Buddell,Friday,20,00000599-PHOTO-2025-11-28-20-02-02.jpg
7452,28/11/2025,20:09:39,2025-11-28T20:09:39.000Z,~ Ellis P,Friday,20,00000600-PHOTO-2025-11-28-20-09-39.jpg
7453,28/11/2025,20:26:48,2025-11-28T20:26:48.000Z,~ Kit Bonham Carter,Friday,20,00000601-PHOTO-2025-11-28-20-26-48.jpg
7454,28/11/2025,20:26:48,2025-11-28T20:26:48.000Z,~ Oscar,Friday,20,00000602-PHOTO-2025-11-28-20-26-48.jpg
7455,28/11/2025,20:26:55,2025-11-28T20:26:55.000Z,~ Oscar,Friday,20,00000604-PHOTO-2025-11-28-20-26-55.jpg
7456,28/11/2025,20:29:28,2025-11-28T20:29:28.000Z,~ David Barrett,Friday,20,00000605-PHOTO-2025-11-28-20-29-28.jpg
7457,28/11/2025,20:30:43,2025-11-28T20:30:43.000Z,~ Kilian,Friday,20,00000606-PHOTO-2025-11-28-20-30-43.jpg
7458,28/11/2025,20:33:39,2025-11-28T20:33:39.000Z,~ Susanna,Friday,20,00000608-PHOTO-2025-11-28-20-33-39.jpg
7459,28/11/2025,20:41:57,2025-11-28T20:41:57.000Z,~ Natasha,Friday,20,00000610-PHOTO-2025-11-28-20-41-57.jpg
7460,28/11/2025,20:42:59,2025-11-28T20:42:59.000Z,~ Reiss Krygier-Mclaren,Friday,20,00000612-PHOTO-2025-11-28-20-42-59.jpg
7461,28/11/2025,20:44:57,2025-11-28T20:44:57.000Z,~ Conor,Friday,20,00000613-PHOTO-2025-11-28-20-44-57.jpg
7462,28/11/2025,20:52:12,2025-11-28T20:52:12.000Z,~ Becky,Friday,20,00000614-PHOTO-2025-11-28-20-52-12.jpg
7463,28/11/2025,20:53:13,2025-11-28T20:53:13.000Z,~ Maddy,Friday,20,00000615-PHOTO-2025-11-28-20-53-13.jpg
7464,28/11/2025,21:07:02,2025-11-28T21:07:02.000Z,~ Callum Colville,Friday,21,00000616-PHOTO-2025-11-28-21-07-02.jpg
7465,28/11/2025,21:08:13,2025-11-28T21:08:13.000Z,~ David Bradford,Friday,21,00000617-PHOTO-2025-11-28-21-08-13.jpg
7466,28/11/2025,21:08:20,2025-11-28T21:08:20.000Z,~ David Barrett,Friday,21,00000618-PHOTO-2025-11-28-21-08-20.jpg
7467,28/11/2025,21:17:20,2025-11-28T21:17:20.000Z,~ Noah,Friday,21,00000620-PHOTO-2025-11-28-21-17-20.jpg
7468,28/11/2025,21:18:31,2025-11-28T21:18:31.000Z,~ Will Anderson,Friday,21,00000621-PHOTO-2025-11-28-21-18-31.jpg
7469,28/11/2025,21:25:37,2025-11-28T21:25:37.000Z,~ Susanna,Friday,21,00000622-PHOTO-2025-11-28-21-25-37.jpg
7470,28/11/2025,21:27:17,2025-11-28T21:27:17.000Z,~ Ross Cowie,Friday,21,00000623-PHOTO-2025-11-28-21-27-17.jpg
7471,28/11/2025,21:27:20,2025-11-28T21:27:20.000Z,~ Ross Cowie,Friday,21,00000624-VIDEO-2025-11-28-21-27-20.mp4
7472,28/11/2025,21:27:41,2025-11-28T21:27:41.000Z,~ Callum Colville,Friday,21,00000627-PHOTO-2025-11-28-21-27-41.jpg
7473,28/11/2025,21:30:31,2025-11-28T21:30:31.000Z,~ Guy,Friday,21,00000628-PHOTO-2025-11-28-21-30-31.jpg
7474,28/11/2025,21:34:16,2025-11-28T21:34:16.000Z,~ Stanley Bonham-carter,Friday,21,00000629-PHOTO-2025-11-28-21-34-16.jpg
7475,28/11/2025,21:35:45,2025-11-28T21:35:45.000Z,~ Reiss Krygier-Mclaren,Friday,21,00000630-PHOTO-2025-11-28-21-35-45.jpg
7476,28/11/2025,21:42:31,2025-11-28T21:42:31.000Z,~ orlagh,Friday,21,00000633-PHOTO-2025-11-28-21-42-31.jpg
7477,28/11/2025,21:45:18,2025-11-28T21:45:18.000Z,~ Helen,Friday,21,00000635-PHOTO-2025-11-28-21-45-18.jpg
7478,28/11/2025,21:52:21,2025-11-28T21:52:21.000Z,~ Becky,Friday,21,00000636-PHOTO-2025-11-28-21-52-21.jpg
7479,28/11/2025,21:54:30,2025-11-28T21:54:30.000Z,~ Guy,Friday,21,00000637-PHOTO-2025-11-28-21-54-30.jpg
7480,28/11/2025,22:00:47,2025-11-28T22:00:47.000Z,~ David Barrett,Friday,22,00000638-PHOTO-2025-11-28-22-00-47.jpg
7481,28/11/2025,22:07:28,2025-11-28T22:07:28.000Z,~ Callum Colville,Friday,22,00000639-PHOTO-2025-11-28-22-07-28.jpg
7482,28/11/2025,22:16:46,2025-11-28T22:16:46.000Z,~ Ross Cowie,Friday,22,00000640-PHOTO-2025-11-28-22-16-46.jpg
7483,28/11/2025,22:16:47,2025-11-28T22:16:47.000Z,~ Ross Cowie,Friday,22,00000641-VIDEO-2025-11-28-22-16-47.mp4
7484,28/11/2025,22:17:37,2025-11-28T22:17:37.000Z,~ Rory McInally,Friday,22,00000643-PHOTO-2025-11-28-22-17-37.jpg
7485,28/11/2025,22:17:53,2025-11-28T22:17:53.000Z,~ Natasha,Friday,22,00000644-PHOTO-2025-11-28-22-17-53.jpg
7486,28/11/2025,22:18:00,2025-11-28T22:18:00.000Z,~ Jack Brady,Friday,22,00000645-PHOTO-2025-11-28-22-18-00.jpg
7487,28/11/2025,22:18:16,2025-11-28T22:18:16.000Z,~ Enda Carberry,Friday,22,00000646-PHOTO-2025-11-28-22-18-16.jpg
7488,28/11/2025,22:29:49,2025-11-28T22:29:49.000Z,~ Billy,Friday,22,00000647-PHOTO-2025-11-28-22-29-49.jpg
7489,28/11/2025,22:33:23,2025-11-28T22:33:23.000Z,~ Will Anderson,Friday,22,00000648-PHOTO-2025-11-28-22-33-23.jpg
7490,28/11/2025,22:36:38,2025-11-28T22:36:38.000Z,~ Reiss Krygier-Mclaren,Friday,22,00000649-PHOTO-2025-11-28-22-36-38.jpg
7491,28/11/2025,22:39:29,2025-11-28T22:39:29.000Z,~ Jack Brady,Friday,22,00000650-PHOTO-2025-11-28-22-39-29.jpg
7492,28/11/2025,22:39:39,2025-11-28T22:39:39.000Z,~ Enda Carberry,Friday,22,00000651-PHOTO-2025-11-28-22-39-39.jpg
7493,28/11/2025,22:40:42,2025-11-28T22:40:42.000Z,~ Ross Cowie,Friday,22,00000652-PHOTO-2025-11-28-22-40-42.jpg
7494,28/11/2025,22:40:44,2025-11-28T22:40:44.000Z,~ Ross Cowie,Friday,22,00000653-VIDEO-2025-11-28-22-40-44.mp4
7495,28/11/2025,23:00:14,2025-11-28T23:00:14.000Z,~ Elliot Tawney,Friday,23,00000654-PHOTO-2025-11-28-23-00-14.jpg
7496,28/11/2025,23:18:12,2025-11-28T23:18:12.000Z,~ David Barrett,Friday,23,00000655-PHOTO-2025-11-28-23-18-12.jpg
7497,28/11/2025,23:20:19,2025-11-28T23:20:19.000Z,~ Adam Daly,Friday,23,00000656-PHOTO-2025-11-28-23-20-19.jpg
7498,28/11/2025,23:21:01,2025-11-28T23:21:01.000Z,~ Hannah McGagh,Friday,23,00000657-PHOTO-2025-11-28-23-21-01.jpg
7499,28/11/2025,23:21:18,2025-11-28T23:21:18.000Z,~ Jack Brady,Friday,23,00000658-PHOTO-2025-11-28-23-21-18.jpg
7500,28/11/2025,23:22:27,2025-11-28T23:22:27.000Z,~ Enda Carberry,Friday,23,00000659-PHOTO-2025-11-28-23-22-27.jpg
7501,28/11/2025,23:26:09,2025-11-28T23:26:09.000Z,~ Becky,Friday,23,00000660-PHOTO-2025-11-28-23-26-09.jpg
7502,28/11/2025,23:29:01,2025-11-28T23:29:01.000Z,~ Oscar,Friday,23,00000663-PHOTO-2025-11-28-23-29-01.jpg
7503,28/11/2025,23:29:06,2025-11-28T23:29:06.000Z,~ Oscar,Friday,23,00000664-PHOTO-2025-11-28-23-29-06.jpg
7504,28/11/2025,23:40:01,2025-11-28T23:40:01.000Z,~ Enda Carberry,Friday,23,00000666-PHOTO-2025-11-28-23-40-01.jpg
7505,28/11/2025,23:40:40,2025-11-28T23:40:40.000Z,~ Stanley Bonham-carter,Friday,23,00000667-PHOTO-2025-11-28-23-40-40.jpg
7506,28/11/2025,23:57:11,2025-11-28T23:57:11.000Z,~ Alfaro,Friday,23,00000670-PHOTO-2025-11-28-23-57-11.jpg
7507,28/11/2025,23:58:50,2025-11-28T23:58:50.000Z,~ Alexander Adams,Friday,23,00000672-PHOTO-2025-11-28-23-58-50.jpg
7508,28/11/2025,23:58:58,2025-11-28T23:58:58.000Z,~ jack Inglis,Friday,23,00000673-PHOTO-2025-11-28-23-58-58.jpg
7509,29/11/2025,00:24:55,2025-11-29T00:24:55.000Z,~ Enda Carberry,Saturday,0,00000676-PHOTO-2025-11-29-00-24-55.jpg
7510,29/11/2025,00:32:45,2025-11-29T00:32:45.000Z,~ Stella Buddell,Saturday,0,00000678-PHOTO-2025-11-29-00-32-45.jpg
7511,29/11/2025,00:33:14,2025-11-29T00:33:14.000Z,~ Billy,Saturday,0,00000679-PHOTO-2025-11-29-00-33-14.jpg
7512,29/11/2025,00:33:55,2025-11-29T00:33:55.000Z,~ Stella Buddell,Saturday,0,00000680-PHOTO-2025-11-29-00-33-55.jpg
7513,29/11/2025,00:39:20,2025-11-29T00:39:20.000Z,~ Alfaro,Saturday,0,00000681-PHOTO-2025-11-29-00-39-20.jpg
7514,29/11/2025,00:48:04,2025-11-29T00:48:04.000Z,~ JH,Saturday,0,00000684-PHOTO-2025-11-29-00-48-04.jpg
7515,29/11/2025,01:11:05,2025-11-29T01:11:05.000Z,~ Alfaro,Saturday,1,00000685-PHOTO-2025-11-29-01-11-05.jpg
7516,29/11/2025,01:23:03,2025-11-29T01:23:03.000Z,~ Enda Carberry,Saturday,1,00000687-PHOTO-2025-11-29-01-23-03.jpg
7517,29/11/2025,01:24:42,2025-11-29T01:24:42.000Z,~ Jack Brady,Saturday,1,00000688-PHOTO-2025-11-29-01-24-42.jpg
7518,29/11/2025,01:24:58,2025-11-29T01:24:58.000Z,~ Hannah McGagh,Saturday,1,00000689-PHOTO-2025-11-29-01-24-58.jpg
7519,29/11/2025,03:05:08,2025-11-29T03:05:08.000Z,~ Alfaro,Saturday,3,00000690-PHOTO-2025-11-29-03-05-08.jpg
7520,29/11/2025,03:26:46,2025-11-29T03:26:46.000Z,~ Esther Adcock,Saturday,3,00000692-PHOTO-2025-11-29-03-26-46.jpg
7521,29/11/2025,09:34:51,2025-11-29T09:34:51.000Z,~ Lauryn,Saturday,9,00000693-PHOTO-2025-11-29-09-34-51.jpg
7522,29/11/2025,10:31:22,2025-11-29T10:31:22.000Z,~ Lauryn,Saturday,10,00000694-PHOTO-2025-11-29-10-31-22.jpg
7523,29/11/2025,11:06:19,2025-11-29T11:06:19.000Z,~ Andde Pierre,Saturday,11,00000695-PHOTO-2025-11-29-11-06-19.jpg
7524,29/11/2025,11:33:50,2025-11-29T11:33:50.000Z,~ Jon,Saturday,11,00000696-PHOTO-2025-11-29-11-33-50.jpg
7525,29/11/2025,12:11:07,2025-11-29T12:11:07.000Z,~ Cameron Grant,Saturday,12,00000697-PHOTO-2025-11-29-12-11-07.jpg
7526,29/11/2025,12:11:39,2025-11-29T12:11:39.000Z,~ Ross Colville,Saturday,12,00000698-PHOTO-2025-11-29-12-11-39.jpg
7527,29/11/2025,12:12:11,2025-11-29T12:12:11.000Z,~ Jamie Gelly,Saturday,12,00000699-PHOTO-2025-11-29-12-12-11.jpg
7528,29/11/2025,12:29:38,2025-11-29T12:29:38.000Z,~ Jon,Saturday,12,00000700-PHOTO-2025-11-29-12-29-38.jpg
7529,29/11/2025,12:48:05,2025-11-29T12:48:05.000Z,~ Daniel Garrett,Saturday,12,00000701-PHOTO-2025-11-29-12-48-05.jpg
7530,29/11/2025,13:06:18,2025-11-29T13:06:18.000Z,~ Jamie Gelly,Saturday,13,00000702-PHOTO-2025-11-29-13-06-18.jpg
7531,29/11/2025,13:06:56,2025-11-29T13:06:56.000Z,~ Ross Colville,Saturday,13,00000703-PHOTO-2025-11-29-13-06-56.jpg
7532,29/11/2025,13:10:43,2025-11-29T13:10:43.000Z,~ Harry,Saturday,13,00000704-PHOTO-2025-11-29-13-10-43.jpg
7533,29/11/2025,13:34:10,2025-11-29T13:34:10.000Z,~ Mark Wiszk,Saturday,13,00000705-PHOTO-2025-11-29-13-34-10.jpg
7534,29/11/2025,15:21:25,2025-11-29T15:21:25.000Z,~ Brett,Saturday,15,00000707-PHOTO-2025-11-29-15-21-25.jpg
7535,29/11/2025,15:32:37,2025-11-29T15:32:37.000Z,Millie Brooke,Saturday,15,00000708-PHOTO-2025-11-29-15-32-37.jpg
7536,29/11/2025,15:36:16,2025-11-29T15:36:16.000Z,~ Bridget,Saturday,15,00000709-PHOTO-2025-11-29-15-36-16.jpg
7537,29/11/2025,15:38:09,2025-11-29T15:38:09.000Z,~ Ross Colville,Saturday,15,00000710-PHOTO-2025-11-29-15-38-09.jpg
7538,29/11/2025,15:42:26,2025-11-29T15:42:26.000Z,~ James Ennis,Saturday,15,00000712-PHOTO-2025-11-29-15-42-26.jpg
7539,29/11/2025,15:53:32,2025-11-29T15:53:32.000Z,~ Seann,Saturday,15,00000713-PHOTO-2025-11-29-15-53-32.jpg
7540,29/11/2025,16:11:42,2025-11-29T16:11:42.000Z,~ Brett,Saturday,16,00000714-PHOTO-2025-11-29-16-11-42.jpg
7541,29/11/2025,16:13:46,2025-11-29T16:13:46.000Z,~ Ellis P,Saturday,16,00000715-PHOTO-2025-11-29-16-13-46.jpg
7542,29/11/2025,16:17:37,2025-11-29T16:17:37.000Z,~ matty colfar,Saturday,16,00000716-PHOTO-2025-11-29-16-17-37.jpg
7543,29/11/2025,16:22:17,2025-11-29T16:22:17.000Z,~ George Smith,Saturday,16,00000717-PHOTO-2025-11-29-16-22-17.jpg
7544,29/11/2025,16:33:29,2025-11-29T16:33:29.000Z,~ James Lloyd,Saturday,16,00000719-PHOTO-2025-11-29-16-33-29.jpg
7545,29/11/2025,16:34:23,2025-11-29T16:34:23.000Z,~ Ross Colville,Saturday,16,00000720-PHOTO-2025-11-29-16-34-23.jpg
7546,29/11/2025,16:34:29,2025-11-29T16:34:29.000Z,~ Cameron Grant,Saturday,16,00000721-PHOTO-2025-11-29-16-34-29.jpg
7547,29/11/2025,16:34:37,2025-11-29T16:34:37.000Z,~ Jamie Gelly,Saturday,16,00000722-PHOTO-2025-11-29-16-34-37.jpg
7548,29/11/2025,16:38:59,2025-11-29T16:38:59.000Z,~ Ned Harris,Saturday,16,00000723-PHOTO-2025-11-29-16-38-59.jpg
7549,29/11/2025,16:50:07,2025-11-29T16:50:07.000Z,~ Jamie Gelly,Saturday,16,00000724-PHOTO-2025-11-29-16-50-07.jpg
7550,29/11/2025,16:55:34,2025-11-29T16:55:34.000Z,~ Jack,Saturday,16,00000725-PHOTO-2025-11-29-16-55-34.jpg
7551,29/11/2025,17:01:03,2025-11-29T17:01:03.000Z,~ Jack Wilson,Saturday,17,00000726-PHOTO-2025-11-29-17-01-03.jpg
7552,29/11/2025,17:01:25,2025-11-29T17:01:25.000Z,~ Lea,Saturday,17,00000727-PHOTO-2025-11-29-17-01-25.jpg
7553,29/11/2025,17:04:16,2025-11-29T17:04:16.000Z,~ Brett,Saturday,17,00000728-PHOTO-2025-11-29-17-04-16.jpg
7554,29/11/2025,17:04:43,2025-11-29T17:04:43.000Z,~ Ellis P,Saturday,17,00000729-PHOTO-2025-11-29-17-04-43.jpg
7555,29/11/2025,17:04:50,2025-11-29T17:04:50.000Z,~ Matthew,Saturday,17,00000730-PHOTO-2025-11-29-17-04-50.jpg
7556,29/11/2025,17:09:10,2025-11-29T17:09:10.000Z,~ James Lloyd,Saturday,17,00000731-PHOTO-2025-11-29-17-09-10.jpg
7557,29/11/2025,17:14:09,2025-11-29T17:14:09.000Z,~ matty colfar,Saturday,17,00000732-PHOTO-2025-11-29-17-14-09.jpg
7558,29/11/2025,17:40:50,2025-11-29T17:40:50.000Z,~ Harry,Saturday,17,00000733-PHOTO-2025-11-29-17-40-50.jpg
7559,29/11/2025,17:43:14,2025-11-29T17:43:14.000Z,~ George Smith,Saturday,17,00000734-PHOTO-2025-11-29-17-43-14.jpg
7560,29/11/2025,17:48:06,2025-11-29T17:48:06.000Z,~ Jay Marshall,Saturday,17,00000735-PHOTO-2025-11-29-17-48-06.jpg
7561,29/11/2025,18:24:52,2025-11-29T18:24:52.000Z,~ Oscar,Saturday,18,00000736-PHOTO-2025-11-29-18-24-52.jpg
7562,29/11/2025,18:25:54,2025-11-29T18:25:54.000Z,~ Harry,Saturday,18,00000737-PHOTO-2025-11-29-18-25-54.jpg
7563,29/11/2025,18:26:19,2025-11-29T18:26:19.000Z,~ Oscar,Saturday,18,00000738-PHOTO-2025-11-29-18-26-19.jpg
7564,29/11/2025,18:35:17,2025-11-29T18:35:17.000Z,~ Oscar,Saturday,18,00000739-PHOTO-2025-11-29-18-35-17.jpg
7565,29/11/2025,18:35:41,2025-11-29T18:35:41.000Z,~ David Barrett,Saturday,18,00000740-PHOTO-2025-11-29-18-35-41.jpg
7566,29/11/2025,18:44:51,2025-11-29T18:44:51.000Z,~ Adam Daly,Saturday,18,00000743-PHOTO-2025-11-29-18-44-51.jpg
7567,29/11/2025,18:45:38,2025-11-29T18:45:38.000Z,~ Gruff stead,Saturday,18,00000744-PHOTO-2025-11-29-18-45-38.jpg
7568,29/11/2025,18:45:56,2025-11-29T18:45:56.000Z,~ Jon,Saturday,18,00000745-PHOTO-2025-11-29-18-45-56.jpg
7569,29/11/2025,18:48:27,2025-11-29T18:48:27.000Z,~ Susanna,Saturday,18,00000746-PHOTO-2025-11-29-18-48-27.jpg
7570,29/11/2025,18:48:55,2025-11-29T18:48:55.000Z,~ Celyn,Saturday,18,00000747-PHOTO-2025-11-29-18-48-55.jpg
7571,29/11/2025,18:51:07,2025-11-29T18:51:07.000Z,~ Jack,Saturday,18,00000748-PHOTO-2025-11-29-18-51-07.jpg
7572,29/11/2025,18:52:15,2025-11-29T18:52:15.000Z,~ Euan Warwick,Saturday,18,00000750-PHOTO-2025-11-29-18-52-15.jpg
7573,29/11/2025,18:52:54,2025-11-29T18:52:54.000Z,~ Enda Carberry,Saturday,18,00000752-PHOTO-2025-11-29-18-52-54.jpg
7574,29/11/2025,18:54:12,2025-11-29T18:54:12.000Z,~ Owen,Saturday,18,00000753-PHOTO-2025-11-29-18-54-12.jpg
7575,29/11/2025,18:55:07,2025-11-29T18:55:07.000Z,~ Max Evans,Saturday,18,00000754-PHOTO-2025-11-29-18-55-07.jpg
7576,29/11/2025,19:05:33,2025-11-29T19:05:33.000Z,~ Lydia Rickard,Saturday,19,00000755-PHOTO-2025-11-29-19-05-33.jpg
7577,29/11/2025,19:15:40,2025-11-29T19:15:40.000Z,~ Conor,Saturday,19,00000756-PHOTO-2025-11-29-19-15-40.jpg
7578,29/11/2025,19:21:36,2025-11-29T19:21:36.000Z,~ Bridget,Saturday,19,00000757-PHOTO-2025-11-29-19-21-36.jpg
7579,29/11/2025,19:22:33,2025-11-29T19:22:33.000Z,~ Susanna,Saturday,19,00000758-PHOTO-2025-11-29-19-22-33.jpg
7580,29/11/2025,19:22:42,2025-11-29T19:22:42.000Z,~ Enda Carberry,Saturday,19,00000759-PHOTO-2025-11-29-19-22-42.jpg
7581,29/11/2025,19:24:46,2025-11-29T19:24:46.000Z,~ Brett,Saturday,19,00000760-PHOTO-2025-11-29-19-24-46.jpg
7582,29/11/2025,19:28:00,2025-11-29T19:28:00.000Z,~ Hannah McGagh,Saturday,19,00000761-PHOTO-2025-11-29-19-28-00.jpg
7583,29/11/2025,19:28:27,2025-11-29T19:28:27.000Z,~ David Barrett,Saturday,19,00000762-PHOTO-2025-11-29-19-28-27.jpg
7584,29/11/2025,19:28:39,2025-11-29T19:28:39.000Z,~ Harry,Saturday,19,00000763-PHOTO-2025-11-29-19-28-39.jpg
7585,29/11/2025,19:35:24,2025-11-29T19:35:24.000Z,~ matty colfar,Saturday,19,00000764-PHOTO-2025-11-29-19-35-24.jpg
7586,29/11/2025,19:42:35,2025-11-29T19:42:35.000Z,~ Marc,Saturday,19,00000765-PHOTO-2025-11-29-19-42-35.jpg
7587,29/11/2025,19:43:21,2025-11-29T19:43:21.000Z,~ Gus,Saturday,19,00000767-PHOTO-2025-11-29-19-43-21.jpg
7588,29/11/2025,19:52:44,2025-11-29T19:52:44.000Z,~ Ross Colville,Saturday,19,00000768-PHOTO-2025-11-29-19-52-44.jpg
7589,29/11/2025,19:59:28,2025-11-29T19:59:28.000Z,~ Conor,Saturday,19,00000771-PHOTO-2025-11-29-19-59-28.jpg
7590,29/11/2025,20:04:58,2025-11-29T20:04:58.000Z,~ Ellis P,Saturday,20,00000772-PHOTO-2025-11-29-20-04-58.jpg
7591,29/11/2025,20:09:39,2025-11-29T20:09:39.000Z,~ David Barrett,Saturday,20,00000773-PHOTO-2025-11-29-20-09-39.jpg
7592,29/11/2025,20:09:48,2025-11-29T20:09:48.000Z,~ Enda Carberry,Saturday,20,00000774-PHOTO-2025-11-29-20-09-48.jpg
7593,29/11/2025,20:11:41,2025-11-29T20:11:41.000Z,~ Andde Pierre,Saturday,20,00000775-PHOTO-2025-11-29-20-11-41.jpg
7594,29/11/2025,20:15:30,2025-11-29T20:15:30.000Z,~ Stephen Frank,Saturday,20,00000777-PHOTO-2025-11-29-20-15-30.jpg
7595,29/11/2025,20:17:33,2025-11-29T20:17:33.000Z,~ Lily Merrett,Saturday,20,00000778-PHOTO-2025-11-29-20-17-33.jpg
7596,29/11/2025,20:17:47,2025-11-29T20:17:47.000Z,~ Gus,Saturday,20,00000779-PHOTO-2025-11-29-20-17-47.jpg
7597,29/11/2025,20:18:38,2025-11-29T20:18:38.000Z,~ Joe Larkin,Saturday,20,00000780-PHOTO-2025-11-29-20-18-38.jpg
7598,29/11/2025,20:19:46,2025-11-29T20:19:46.000Z,~ Jay,Saturday,20,00000781-PHOTO-2025-11-29-20-19-46.jpg
7599,29/11/2025,20:42:25,2025-11-29T20:42:25.000Z,~ Ross Colville,Saturday,20,00000782-PHOTO-2025-11-29-20-42-25.jpg
7600,29/11/2025,20:42:40,2025-11-29T20:42:40.000Z,~ Jamie Gelly,Saturday,20,00000783-PHOTO-2025-11-29-20-42-40.jpg
7601,29/11/2025,20:43:31,2025-11-29T20:43:31.000Z,~ Brett,Saturday,20,00000784-PHOTO-2025-11-29-20-43-31.jpg
7602,29/11/2025,20:48:20,2025-11-29T20:48:20.000Z,~ Paddy Cullen,Saturday,20,00000785-PHOTO-2025-11-29-20-48-20.jpg
7603,29/11/2025,20:49:14,2025-11-29T20:49:14.000Z,~ Kamo,Saturday,20,00000786-PHOTO-2025-11-29-20-49-14.jpg
7604,29/11/2025,20:49:44,2025-11-29T20:49:44.000Z,~ Monty Horridge,Saturday,20,00000787-PHOTO-2025-11-29-20-49-44.jpg
7605,29/11/2025,20:50:53,2025-11-29T20:50:53.000Z,~ Alex Lillie,Saturday,20,00000788-PHOTO-2025-11-29-20-50-53.jpg
7606,29/11/2025,20:51:37,2025-11-29T20:51:37.000Z,~ JH,Saturday,20,00000789-PHOTO-2025-11-29-20-51-37.jpg
7607,29/11/2025,20:52:48,2025-11-29T20:52:48.000Z,~ Alex Lillie,Saturday,20,00000790-VIDEO-2025-11-29-20-52-48.mp4
7608,29/11/2025,20:55:11,2025-11-29T20:55:11.000Z,~ Monty Horridge,Saturday,20,00000791-PHOTO-2025-11-29-20-55-11.jpg
7609,29/11/2025,20:58:13,2025-11-29T20:58:13.000Z,~ Becky,Saturday,20,00000792-PHOTO-2025-11-29-20-58-13.jpg
7610,29/11/2025,20:58:19,2025-11-29T20:58:19.000Z,~ jed,Saturday,20,00000793-PHOTO-2025-11-29-20-58-19.jpg
7611,29/11/2025,21:06:12,2025-11-29T21:06:12.000Z,~ Daniel Brown,Saturday,21,00000794-PHOTO-2025-11-29-21-06-12.jpg
7612,29/11/2025,21:13:54,2025-11-29T21:13:54.000Z,~ Pistol,Saturday,21,00000795-PHOTO-2025-11-29-21-13-54.jpg
7613,29/11/2025,21:22:02,2025-11-29T21:22:02.000Z,~ Susanna,Saturday,21,00000796-PHOTO-2025-11-29-21-22-02.jpg
7614,29/11/2025,21:27:04,2025-11-29T21:27:04.000Z,~ Hannah McGagh,Saturday,21,00000797-PHOTO-2025-11-29-21-27-04.jpg
7615,29/11/2025,21:27:18,2025-11-29T21:27:18.000Z,~ Enda Carberry,Saturday,21,00000798-PHOTO-2025-11-29-21-27-18.jpg
7616,29/11/2025,21:29:43,2025-11-29T21:29:43.000Z,~ Celyn,Saturday,21,00000799-PHOTO-2025-11-29-21-29-43.jpg
7617,29/11/2025,21:38:55,2025-11-29T21:38:55.000Z,~ orlagh,Saturday,21,00000800-PHOTO-2025-11-29-21-38-55.jpg
7618,29/11/2025,21:40:19,2025-11-29T21:40:19.000Z,~ Billy,Saturday,21,00000802-PHOTO-2025-11-29-21-40-19.jpg
7619,29/11/2025,21:43:06,2025-11-29T21:43:06.000Z,~ Harry,Saturday,21,00000803-PHOTO-2025-11-29-21-43-06.jpg
7620,29/11/2025,22:00:24,2025-11-29T22:00:24.000Z,~ Jamie Gelly,Saturday,22,00000804-PHOTO-2025-11-29-22-00-24.jpg
7621,29/11/2025,22:02:28,2025-11-29T22:02:28.000Z,~ Ross Colville,Saturday,22,00000805-PHOTO-2025-11-29-22-02-28.jpg
7622,29/11/2025,22:03:25,2025-11-29T22:03:25.000Z,~ Cormac,Saturday,22,00000806-PHOTO-2025-11-29-22-03-25.jpg
7623,29/11/2025,22:04:00,2025-11-29T22:04:00.000Z,~ David Barrett,Saturday,22,00000808-PHOTO-2025-11-29-22-04-00.jpg
7624,29/11/2025,22:20:18,2025-11-29T22:20:18.000Z,~ Harry,Saturday,22,00000809-PHOTO-2025-11-29-22-20-18.jpg
7625,29/11/2025,22:31:52,2025-11-29T22:31:52.000Z,~ Callum Colville,Saturday,22,00000810-PHOTO-2025-11-29-22-31-52.jpg
7626,29/11/2025,22:37:19,2025-11-29T22:37:19.000Z,~ Guy,Saturday,22,00000811-PHOTO-2025-11-29-22-37-19.jpg
7627,29/11/2025,22:42:26,2025-11-29T22:42:26.000Z,~ Brett,Saturday,22,00000812-PHOTO-2025-11-29-22-42-26.jpg
7628,29/11/2025,22:45:27,2025-11-29T22:45:27.000Z,~ Gus,Saturday,22,00000814-PHOTO-2025-11-29-22-45-27.jpg
7629,29/11/2025,23:01:12,2025-11-29T23:01:12.000Z,~ Harry,Saturday,23,00000815-PHOTO-2025-11-29-23-01-12.jpg
7630,29/11/2025,23:01:38,2025-11-29T23:01:38.000Z,~ Kit Bonham Carter,Saturday,23,00000816-PHOTO-2025-11-29-23-01-38.jpg
7631,29/11/2025,23:18:47,2025-11-29T23:18:47.000Z,~ Kit Bonham Carter,Saturday,23,00000818-PHOTO-2025-11-29-23-18-47.jpg
7632,29/11/2025,23:21:36,2025-11-29T23:21:36.000Z,~ Riley Shoebridge,Saturday,23,00000819-PHOTO-2025-11-29-23-21-36.jpg
7633,29/11/2025,23:26:52,2025-11-29T23:26:52.000Z,~ Frazer Jamieson,Saturday,23,00000820-PHOTO-2025-11-29-23-26-52.jpg
7634,29/11/2025,23:35:46,2025-11-29T23:35:46.000Z,~ Harry,Saturday,23,00000821-PHOTO-2025-11-29-23-35-46.jpg
7635,30/11/2025,00:01:20,2025-11-30T00:01:20.000Z,~ Enda Carberry,Sunday,0,00000822-PHOTO-2025-11-30-00-01-20.jpg
7636,30/11/2025,00:05:58,2025-11-30T00:05:58.000Z,~ Joe Buchanan,Sunday,0,00000823-PHOTO-2025-11-30-00-05-58.jpg
7637,30/11/2025,00:06:17,2025-11-30T00:06:17.000Z,~ Joe Larkin,Sunday,0,00000824-PHOTO-2025-11-30-00-06-17.jpg
7638,30/11/2025,00:23:02,2025-11-30T00:23:02.000Z,~ Ivo Slot,Sunday,0,00000825-PHOTO-2025-11-30-00-23-02.jpg
7639,30/11/2025,00:24:26,2025-11-30T00:24:26.000Z,~ Joshua,Sunday,0,00000827-PHOTO-2025-11-30-00-24-26.jpg
7640,30/11/2025,00:25:31,2025-11-30T00:25:31.000Z,~ Harry,Sunday,0,00000828-PHOTO-2025-11-30-00-25-31.jpg
7641,30/11/2025,08:02:45,2025-11-30T08:02:45.000Z,~ Luke Clements,Sunday,8,00000829-PHOTO-2025-11-30-08-02-45.jpg
7642,30/11/2025,09:05:24,2025-11-30T09:05:24.000Z,~ Jon,Sunday,9,00000830-PHOTO-2025-11-30-09-05-24.jpg
7643,30/11/2025,11:14:31,2025-11-30T11:14:31.000Z,~ Jon,Sunday,11,00000831-PHOTO-2025-11-30-11-14-31.jpg
7644,30/11/2025,12:10:49,2025-11-30T12:10:49.000Z,~ Emma Henderson,Sunday,12,00000832-PHOTO-2025-11-30-12-10-49.jpg
7645,30/11/2025,13:22:36,2025-11-30T13:22:36.000Z,~ Callum Colville,Sunday,13,00000833-PHOTO-2025-11-30-13-22-36.jpg
7646,30/11/2025,13:49:06,2025-11-30T13:49:06.000Z,~ Callum Colville,Sunday,13,00000834-PHOTO-2025-11-30-13-49-06.jpg
7647,30/11/2025,13:49:52,2025-11-30T13:49:52.000Z,~ Gaz Potter,Sunday,13,00000835-PHOTO-2025-11-30-13-49-52.jpg
7648,30/11/2025,13:51:00,2025-11-30T13:51:00.000Z,~ Jack,Sunday,13,00000837-PHOTO-2025-11-30-13-51-00.jpg
7649,30/11/2025,14:10:18,2025-11-30T14:10:18.000Z,~ Seann,Sunday,14,00000838-PHOTO-2025-11-30-14-10-18.jpg
7650,30/11/2025,14:18:22,2025-11-30T14:18:22.000Z,~ Callum Colville,Sunday,14,00000839-PHOTO-2025-11-30-14-18-22.jpg
7651,30/11/2025,14:20:30,2025-11-30T14:20:30.000Z,~ Gaz Potter,Sunday,14,00000840-PHOTO-2025-11-30-14-20-30.jpg
7652,30/11/2025,14:21:14,2025-11-30T14:21:14.000Z,~ Callum Dott,Sunday,14,00000842-PHOTO-2025-11-30-14-21-14.jpg
7653,30/11/2025,14:55:59,2025-11-30T14:55:59.000Z,~ Callum Colville,Sunday,14,00000844-PHOTO-2025-11-30-14-55-59.jpg
7654,30/11/2025,14:56:43,2025-11-30T14:56:43.000Z,~ Gaz Potter,Sunday,14,00000845-PHOTO-2025-11-30-14-56-43.jpg
7655,30/11/2025,15:04:41,2025-11-30T15:04:41.000Z,~ Gemma,Sunday,15,00000846-PHOTO-2025-11-30-15-04-41.jpg
7656,30/11/2025,16:14:56,2025-11-30T16:14:56.000Z,~ matty colfar,Sunday,16,00000847-PHOTO-2025-11-30-16-14-56.jpg
7657,30/11/2025,16:19:02,2025-11-30T16:19:02.000Z,~ Jon,Sunday,16,00000848-PHOTO-2025-11-30-16-19-02.jpg
7658,30/11/2025,16:28:49,2025-11-30T16:28:49.000Z,~ Seann,Sunday,16,00000849-PHOTO-2025-11-30-16-28-49.jpg
7659,30/11/2025,16:30:39,2025-11-30T16:30:39.000Z,~ Ellis P,Sunday,16,00000850-PHOTO-2025-11-30-16-30-39.jpg
7660,30/11/2025,16:31:43,2025-11-30T16:31:43.000Z,~ Callum Colville,Sunday,16,00000851-PHOTO-2025-11-30-16-31-43.jpg
7661,30/11/2025,16:32:32,2025-11-30T16:32:32.000Z,~ Gaz Potter,Sunday,16,00000852-PHOTO-2025-11-30-16-32-32.jpg
7662,30/11/2025,16:34:40,2025-11-30T16:34:40.000Z,~ Lydia Rickard,Sunday,16,00000853-PHOTO-2025-11-30-16-34-40.jpg
7663,30/11/2025,16:36:33,2025-11-30T16:36:33.000Z,~ Noah,Sunday,16,00000854-PHOTO-2025-11-30-16-36-33.jpg
7664,30/11/2025,16:42:07,2025-11-30T16:42:07.000Z,~ Ross Cowie,Sunday,16,00000856-PHOTO-2025-11-30-16-42-07.jpg
7665,30/11/2025,16:42:51,2025-11-30T16:42:51.000Z,~ Lydia Rickard,Sunday,16,00000857-PHOTO-2025-11-30-16-42-51.jpg
7666,30/11/2025,17:14:00,2025-11-30T17:14:00.000Z,~ Callum Colville,Sunday,17,00000859-PHOTO-2025-11-30-17-14-00.jpg
7667,30/11/2025,17:15:01,2025-11-30T17:15:01.000Z,~ Gaz Potter,Sunday,17,00000862-PHOTO-2025-11-30-17-15-01.jpg
7668,30/11/2025,17:15:31,2025-11-30T17:15:31.000Z,~ matty colfar,Sunday,17,00000863-PHOTO-2025-11-30-17-15-31.jpg
7669,30/11/2025,17:15:37,2025-11-30T17:15:37.000Z,~ Craig,Sunday,17,00000864-PHOTO-2025-11-30-17-15-37.jpg
7670,30/11/2025,17:16:44,2025-11-30T17:16:44.000Z,~ Alex Usher,Sunday,17,00000865-PHOTO-2025-11-30-17-16-44.jpg
7671,30/11/2025,17:17:08,2025-11-30T17:17:08.000Z,~ Emma Henderson,Sunday,17,00000866-PHOTO-2025-11-30-17-17-08.jpg
7672,30/11/2025,17:52:03,2025-11-30T17:52:03.000Z,~ Alex Usher,Sunday,17,00000867-PHOTO-2025-11-30-17-52-03.jpg
7673,30/11/2025,17:54:06,2025-11-30T17:54:06.000Z,~ Gaz Potter,Sunday,17,00000868-PHOTO-2025-11-30-17-54-06.jpg
7674,30/11/2025,17:54:29,2025-11-30T17:54:29.000Z,~ Callum Colville,Sunday,17,00000869-PHOTO-2025-11-30-17-54-29.jpg
7675,30/11/2025,18:08:31,2025-11-30T18:08:31.000Z,~ Emma Henderson,Sunday,18,00000870-PHOTO-2025-11-30-18-08-31.jpg
7676,30/11/2025,18:12:42,2025-11-30T18:12:42.000Z,~ Dan Dolderson,Sunday,18,00000871-PHOTO-2025-11-30-18-12-42.jpg
7677,30/11/2025,18:16:54,2025-11-30T18:16:54.000Z,~ Lydia Rickard,Sunday,18,00000874-PHOTO-2025-11-30-18-16-54.jpg
7678,30/11/2025,18:25:08,2025-11-30T18:25:08.000Z,~ Callum Colville,Sunday,18,00000875-PHOTO-2025-11-30-18-25-08.jpg
7679,30/11/2025,18:25:55,2025-11-30T18:25:55.000Z,~ Gaz Potter,Sunday,18,00000876-PHOTO-2025-11-30-18-25-55.jpg
7680,30/11/2025,18:52:39,2025-11-30T18:52:39.000Z,~ Ross Cowie,Sunday,18,00000878-PHOTO-2025-11-30-18-52-39.jpg
7681,30/11/2025,18:52:40,2025-11-30T18:52:40.000Z,~ Ross Cowie,Sunday,18,00000879-VIDEO-2025-11-30-18-52-40.mp4
7682,30/11/2025,19:10:20,2025-11-30T19:10:20.000Z,~ Will Anderson,Sunday,19,00000880-PHOTO-2025-11-30-19-10-20.jpg
7683,30/11/2025,19:28:54,2025-11-30T19:28:54.000Z,~ Jack,Sunday,19,00000882-PHOTO-2025-11-30-19-28-54.jpg
7684,30/11/2025,19:55:12,2025-11-30T19:55:12.000Z,~ Ellis P,Sunday,19,00000883-PHOTO-2025-11-30-19-55-12.jpg
7685,30/11/2025,20:17:00,2025-11-30T20:17:00.000Z,~ Jack,Sunday,20,00000884-PHOTO-2025-11-30-20-17-00.jpg
7686,30/11/2025,21:12:40,2025-11-30T21:12:40.000Z,~ Danny Thompson,Sunday,21,00000885-PHOTO-2025-11-30-21-12-40.jpg
7687,01/12/2025,23:28:49,2025-12-01T23:28:49.000Z,~ Xabi Legras,Monday,23,00000886-PHOTO-2025-12-01-23-28-49.jpg
7688,01/12/2025,23:34:35,2025-12-01T23:34:35.000Z,~ Xabi Legras,Monday,23,00000888-PHOTO-2025-12-01-23-34-35.jpg
7689,02/12/2025,14:09:12,2025-12-02T14:09:12.000Z,~ Mark Wiszk,Tuesday,14,00000890-PHOTO-2025-12-02-14-09-12.jpg
7690,02/12/2025,14:46:46,2025-12-02T14:46:46.000Z,~ Jay,Tuesday,14,00000891-PHOTO-2025-12-02-14-46-46.jpg
7691,02/12/2025,14:56:18,2025-12-02T14:56:18.000Z,~ Brett,Tuesday,14,00000892-PHOTO-2025-12-02-14-56-18.jpg
7692,02/12/2025,15:34:19,2025-12-02T15:34:19.000Z,~ Jay,Tuesday,15,00000894-PHOTO-2025-12-02-15-34-19.jpg
7693,02/12/2025,17:01:36,2025-12-02T17:01:36.000Z,~ Brett,Tuesday,17,00000895-PHOTO-2025-12-02-17-01-36.jpg
7694,02/12/2025,17:27:47,2025-12-02T17:27:47.000Z,~ Brett,Tuesday,17,00000896-PHOTO-2025-12-02-17-27-47.jpg
7695,02/12/2025,17:52:18,2025-12-02T17:52:18.000Z,~ Jordan Newman,Tuesday,17,00000897-PHOTO-2025-12-02-17-52-18.jpg
7696,02/12/2025,17:56:12,2025-12-02T17:56:12.000Z,~ Brett,Tuesday,17,00000898-PHOTO-2025-12-02-17-56-12.jpg
7697,02/12/2025,18:33:27,2025-12-02T18:33:27.000Z,~ Enda Carberry,Tuesday,18,00000899-PHOTO-2025-12-02-18-33-27.jpg
7698,02/12/2025,18:34:01,2025-12-02T18:34:01.000Z,~ Hannah McGagh,Tuesday,18,00000900-PHOTO-2025-12-02-18-34-01.jpg
7699,02/12/2025,18:35:04,2025-12-02T18:35:04.000Z,~ Brett,Tuesday,18,00000901-PHOTO-2025-12-02-18-35-04.jpg
7700,02/12/2025,18:57:06,2025-12-02T18:57:06.000Z,~ Enda Carberry,Tuesday,18,00000902-PHOTO-2025-12-02-18-57-06.jpg
7701,02/12/2025,19:00:37,2025-12-02T19:00:37.000Z,~ Gemma,Tuesday,19,00000903-PHOTO-2025-12-02-19-00-37.jpg
7702,02/12/2025,19:06:32,2025-12-02T19:06:32.000Z,~ Calvin,Tuesday,19,00000904-PHOTO-2025-12-02-19-06-32.jpg
7703,02/12/2025,19:51:14,2025-12-02T19:51:14.000Z,~ Ellis P,Tuesday,19,00000906-PHOTO-2025-12-02-19-51-14.jpg
7704,02/12/2025,19:52:17,2025-12-02T19:52:17.000Z,~ matty colfar,Tuesday,19,00000907-PHOTO-2025-12-02-19-52-17.jpg
7705,02/12/2025,20:19:16,2025-12-02T20:19:16.000Z,~ Enda Carberry,Tuesday,20,00000908-PHOTO-2025-12-02-20-19-16.jpg
7706,02/12/2025,20:45:57,2025-12-02T20:45:57.000Z,~ Hannah McGagh,Tuesday,20,00000909-PHOTO-2025-12-02-20-45-57.jpg
7707,02/12/2025,21:27:09,2025-12-02T21:27:09.000Z,~ Enda Carberry,Tuesday,21,00000910-PHOTO-2025-12-02-21-27-09.jpg
7708,02/12/2025,22:36:34,2025-12-02T22:36:34.000Z,~ Enda Carberry,Tuesday,22,00000911-PHOTO-2025-12-02-22-36-34.jpg
7709,02/12/2025,23:12:09,2025-12-02T23:12:09.000Z,~ Luke Clements,Tuesday,23,00000912-PHOTO-2025-12-02-23-12-09.jpg
7710,03/12/2025,17:51:23,2025-12-03T17:51:23.000Z,~ Jon,Wednesday,17,00000913-PHOTO-2025-12-03-17-51-23.jpg
7711,03/12/2025,18:05:56,2025-12-03T18:05:56.000Z,~ Ben,Wednesday,18,00000914-PHOTO-2025-12-03-18-05-56.jpg
7712,03/12/2025,18:08:38,2025-12-03T18:08:38.000Z,~ Jamma,Wednesday,18,00000916-PHOTO-2025-12-03-18-08-38.jpg
7713,03/12/2025,18:12:47,2025-12-03T18:12:47.000Z,~ Jon,Wednesday,18,00000917-PHOTO-2025-12-03-18-12-47.jpg
7714,03/12/2025,18:14:45,2025-12-03T18:14:45.000Z,~ Seann,Wednesday,18,00000918-PHOTO-2025-12-03-18-14-45.jpg
7715,03/12/2025,18:52:55,2025-12-03T18:52:55.000Z,~ Jamma,Wednesday,18,00000922-PHOTO-2025-12-03-18-52-55.jpg
7716,03/12/2025,19:01:36,2025-12-03T19:01:36.000Z,~ Jon,Wednesday,19,00000923-PHOTO-2025-12-03-19-01-36.jpg
7717,03/12/2025,19:16:11,2025-12-03T19:16:11.000Z,~ Ross Colville,Wednesday,19,00000924-PHOTO-2025-12-03-19-16-11.jpg
7718,03/12/2025,19:16:25,2025-12-03T19:16:25.000Z,~ Jamie Gelly,Wednesday,19,00000925-PHOTO-2025-12-03-19-16-25.jpg
7719,03/12/2025,19:16:41,2025-12-03T19:16:41.000Z,~ James Lloyd,Wednesday,19,00000926-PHOTO-2025-12-03-19-16-41.jpg
7720,03/12/2025,19:38:53,2025-12-03T19:38:53.000Z,~ Ross Cowie,Wednesday,19,00000927-PHOTO-2025-12-03-19-38-53.jpg
7721,03/12/2025,19:49:39,2025-12-03T19:49:39.000Z,~ Will Anderson,Wednesday,19,00000929-PHOTO-2025-12-03-19-49-39.jpg
7722,03/12/2025,19:57:52,2025-12-03T19:57:52.000Z,~ Pistol,Wednesday,19,00000930-PHOTO-2025-12-03-19-57-52.jpg
7723,03/12/2025,20:01:41,2025-12-03T20:01:41.000Z,~ Ross Cowie,Wednesday,20,00000931-PHOTO-2025-12-03-20-01-41.jpg
7724,03/12/2025,20:10:22,2025-12-03T20:10:22.000Z,~ Bridget,Wednesday,20,00000933-PHOTO-2025-12-03-20-10-22.jpg
7725,03/12/2025,20:14:44,2025-12-03T20:14:44.000Z,~ Gemma,Wednesday,20,00000934-PHOTO-2025-12-03-20-14-44.jpg
7726,03/12/2025,20:20:18,2025-12-03T20:20:18.000Z,~ Seann,Wednesday,20,00000935-PHOTO-2025-12-03-20-20-18.jpg
7727,03/12/2025,20:21:08,2025-12-03T20:21:08.000Z,~ Paul Duncan,Wednesday,20,
7728,03/12/2025,20:22:27,2025-12-03T20:22:27.000Z,~ matty colfar,Wednesday,20,00000939-PHOTO-2025-12-03-20-22-27.jpg
7729,03/12/2025,20:23:41,2025-12-03T20:23:41.000Z,~ Cameron Grant,Wednesday,20,00000940-PHOTO-2025-12-03-20-23-41.jpg
7730,03/12/2025,20:28:13,2025-12-03T20:28:13.000Z,~ Ross Cowie,Wednesday,20,
7731,03/12/2025,20:30:11,2025-12-03T20:30:11.000Z,~ Nathan,Wednesday,20,00000942-PHOTO-2025-12-03-20-30-11.jpg
7732,03/12/2025,20:55:36,2025-12-03T20:55:36.000Z,~ Ross Cowie,Wednesday,20,
7733,03/12/2025,20:55:38,2025-12-03T20:55:38.000Z,~ Paul Duncan,Wednesday,20,00000944-PHOTO-2025-12-03-20-55-38.jpg
7734,03/12/2025,20:56:44,2025-12-03T20:56:44.000Z,~ Gary,Wednesday,20,
7735,03/12/2025,21:05:51,2025-12-03T21:05:51.000Z,~ Conor,Wednesday,21,
7736,03/12/2025,21:26:48,2025-12-03T21:26:48.000Z,~ Nathan,Wednesday,21,
7737,03/12/2025,21:32:18,2025-12-03T21:32:18.000Z,~ Paul Duncan,Wednesday,21,
7738,03/12/2025,21:39:49,2025-12-03T21:39:49.000Z,~ Gemma,Wednesday,21,00000950-PHOTO-2025-12-03-21-39-49.jpg
7739,03/12/2025,21:52:26,2025-12-03T21:52:26.000Z,~ Nathan,Wednesday,21,
7740,03/12/2025,22:14:26,2025-12-03T22:14:26.000Z,~ Jamie Gelly,Wednesday,22,00000952-PHOTO-2025-12-03-22-14-26.jpg
7741,03/12/2025,22:20:32,2025-12-03T22:20:32.000Z,~ Ross Cowie,Wednesday,22,
7742,03/12/2025,22:21:04,2025-12-03T22:21:04.000Z,~ Nathan,Wednesday,22,
7743,03/12/2025,22:21:23,2025-12-03T22:21:23.000Z,~ Gary,Wednesday,22,00000955-PHOTO-2025-12-03-22-21-23.jpg
7744,03/12/2025,22:27:06,2025-12-03T22:27:06.000Z,~ Nathan,Wednesday,22,00000956-PHOTO-2025-12-03-22-27-06.jpg
7745,03/12/2025,22:27:30,2025-12-03T22:27:30.000Z,~ Joe Larkin,Wednesday,22,00000957-PHOTO-2025-12-03-22-27-30.jpg
7746,03/12/2025,22:29:37,2025-12-03T22:29:37.000Z,~ Joe Larkin,Wednesday,22,00000958-PHOTO-2025-12-03-22-29-37.jpg
7747,03/12/2025,22:32:20,2025-12-03T22:32:20.000Z,~ Will Anderson,Wednesday,22,00000963-PHOTO-2025-12-03-22-32-20.jpg
7748,03/12/2025,22:33:40,2025-12-03T22:33:40.000Z,~ Nathan,Wednesday,22,00000964-PHOTO-2025-12-03-22-33-40.jpg
7749,03/12/2025,23:03:09,2025-12-03T23:03:09.000Z,~ Jaden,Wednesday,23,00000966-PHOTO-2025-12-03-23-03-09.jpg
7750,03/12/2025,23:35:12,2025-12-03T23:35:12.000Z,~ Gregor,Wednesday,23,00000968-PHOTO-2025-12-03-23-35-12.jpg
7751,03/12/2025,23:50:14,2025-12-03T23:50:14.000Z,~ Gary,Wednesday,23,00000969-PHOTO-2025-12-03-23-50-14.jpg
7752,04/12/2025,02:19:45,2025-12-04T02:19:45.000Z,~ Kamo,Thursday,2,00000970-PHOTO-2025-12-04-02-19-45.jpg
7753,04/12/2025,15:51:05,2025-12-04T15:51:05.000Z,~ Gregor,Thursday,15,00000971-PHOTO-2025-12-04-15-51-05.jpg
7754,04/12/2025,16:19:09,2025-12-04T16:19:09.000Z,~ James Lloyd,Thursday,16,00000972-PHOTO-2025-12-04-16-19-09.jpg
7755,04/12/2025,16:36:10,2025-12-04T16:36:10.000Z,~ Harry,Thursday,16,00000973-PHOTO-2025-12-04-16-36-10.jpg
7756,04/12/2025,17:05:23,2025-12-04T17:05:23.000Z,~ Darragh,Thursday,17,00000974-PHOTO-2025-12-04-17-05-23.jpg
7757,04/12/2025,17:10:08,2025-12-04T17:10:08.000Z,~ Kit Bonham Carter,Thursday,17,00000975-PHOTO-2025-12-04-17-10-08.jpg
7758,04/12/2025,17:32:15,2025-12-04T17:32:15.000Z,~ Jordan Newman,Thursday,17,00000977-PHOTO-2025-12-04-17-32-15.jpg
7759,04/12/2025,17:45:44,2025-12-04T17:45:44.000Z,~ Jon,Thursday,17,00000980-PHOTO-2025-12-04-17-45-44.jpg
7760,04/12/2025,17:58:46,2025-12-04T17:58:46.000Z,Bella Cain,Thursday,17,00000981-PHOTO-2025-12-04-17-58-46.jpg
7761,04/12/2025,18:14:39,2025-12-04T18:14:39.000Z,~ Jordan Newman,Thursday,18,00000982-PHOTO-2025-12-04-18-14-39.jpg
7762,04/12/2025,18:23:55,2025-12-04T18:23:55.000Z,~ Harri,Thursday,18,00000983-PHOTO-2025-12-04-18-23-55.jpg
7763,04/12/2025,18:26:25,2025-12-04T18:26:25.000Z,~ kevin o'brien,Thursday,18,00000984-PHOTO-2025-12-04-18-26-25.jpg
7764,04/12/2025,19:06:36,2025-12-04T19:06:36.000Z,~ Jon Rickard,Thursday,19,00000985-PHOTO-2025-12-04-19-06-36.jpg
7765,04/12/2025,19:06:47,2025-12-04T19:06:47.000Z,~ Jon Rickard,Thursday,19,00000986-VIDEO-2025-12-04-19-06-47.mp4
7766,04/12/2025,19:23:18,2025-12-04T19:23:18.000Z,~ James Ennis,Thursday,19,00000987-PHOTO-2025-12-04-19-23-18.jpg
7767,04/12/2025,20:49:53,2025-12-04T20:49:53.000Z,~ Maddie,Thursday,20,00000989-PHOTO-2025-12-04-20-49-53.jpg
7768,04/12/2025,21:26:56,2025-12-04T21:26:56.000Z,~ Maddie,Thursday,21,00000990-PHOTO-2025-12-04-21-26-56.jpg
7769,04/12/2025,22:56:16,2025-12-04T22:56:16.000Z,~ Nelson,Thursday,22,00000991-PHOTO-2025-12-04-22-56-16.jpg
7770,04/12/2025,23:14:41,2025-12-04T23:14:41.000Z,~ matty colfar,Thursday,23,00000992-PHOTO-2025-12-04-23-14-41.jpg
7771,05/12/2025,11:29:47,2025-12-05T11:29:47.000Z,~ Jon,Friday,11,00000993-PHOTO-2025-12-05-11-29-47.jpg
7772,05/12/2025,12:40:35,2025-12-05T12:40:35.000Z,~ Jon,Friday,12,00000994-PHOTO-2025-12-05-12-40-35.jpg
7773,05/12/2025,13:04:35,2025-12-05T13:04:35.000Z,~ Jon,Friday,13,00000995-PHOTO-2025-12-05-13-04-35.jpg
7774,05/12/2025,13:34:22,2025-12-05T13:34:22.000Z,~ Jon,Friday,13,00000996-PHOTO-2025-12-05-13-34-22.jpg
7775,05/12/2025,14:30:08,2025-12-05T14:30:08.000Z,~ Jon,Friday,14,00000997-PHOTO-2025-12-05-14-30-08.jpg
7776,05/12/2025,14:53:14,2025-12-05T14:53:14.000Z,~ Joe Larkin,Friday,14,00000998-PHOTO-2025-12-05-14-53-14.jpg
7777,05/12/2025,15:15:12,2025-12-05T15:15:12.000Z,~ Josh hudson,Friday,15,00000999-PHOTO-2025-12-05-15-15-12.jpg
7778,05/12/2025,15:42:55,2025-12-05T15:42:55.000Z,~ Luke Joyce,Friday,15,00001000-PHOTO-2025-12-05-15-42-55.jpg
7779,05/12/2025,15:46:02,2025-12-05T15:46:02.000Z,~ Jon,Friday,15,00001001-PHOTO-2025-12-05-15-46-02.jpg
7780,05/12/2025,16:13:45,2025-12-05T16:13:45.000Z,~ Ben,Friday,16,00001002-PHOTO-2025-12-05-16-13-45.jpg
7781,05/12/2025,17:18:46,2025-12-05T17:18:46.000Z,~ Sam Ross,Friday,17,00001004-PHOTO-2025-12-05-17-18-46.jpg
7782,05/12/2025,17:43:31,2025-12-05T17:43:31.000Z,~ Jake Rooney,Friday,17,00001005-PHOTO-2025-12-05-17-43-31.jpg
7783,05/12/2025,17:51:43,2025-12-05T17:51:43.000Z,~ Lloyd Graham,Friday,17,00001006-PHOTO-2025-12-05-17-51-43.jpg
7784,05/12/2025,17:51:45,2025-12-05T17:51:45.000Z,~ Lloyd Graham,Friday,17,00001007-PHOTO-2025-12-05-17-51-45.jpg
7785,05/12/2025,18:15:49,2025-12-05T18:15:49.000Z,~ Lea,Friday,18,00001008-PHOTO-2025-12-05-18-15-49.jpg
7786,05/12/2025,18:18:01,2025-12-05T18:18:01.000Z,~ Alex Usher,Friday,18,00001009-PHOTO-2025-12-05-18-18-01.jpg
7787,05/12/2025,18:32:15,2025-12-05T18:32:15.000Z,~ Jamma,Friday,18,00001010-PHOTO-2025-12-05-18-32-15.jpg
7788,05/12/2025,18:35:55,2025-12-05T18:35:55.000Z,~ Will Anderson,Friday,18,00001011-PHOTO-2025-12-05-18-35-55.jpg
7789,05/12/2025,18:36:37,2025-12-05T18:36:37.000Z,~ Jon,Friday,18,00001012-PHOTO-2025-12-05-18-36-37.jpg
7790,05/12/2025,18:46:00,2025-12-05T18:46:00.000Z,~ Ross Colville,Friday,18,00001014-PHOTO-2025-12-05-18-46-00.jpg
7791,05/12/2025,18:51:46,2025-12-05T18:51:46.000Z,~ Brett,Friday,18,00001015-PHOTO-2025-12-05-18-51-46.jpg
7792,05/12/2025,18:57:54,2025-12-05T18:57:54.000Z,~ Mark,Friday,18,00001016-PHOTO-2025-12-05-18-57-54.jpg
7793,05/12/2025,19:10:04,2025-12-05T19:10:04.000Z,~ Jack,Friday,19,00001017-PHOTO-2025-12-05-19-10-04.jpg
7794,05/12/2025,19:14:04,2025-12-05T19:14:04.000Z,~ Alex Usher,Friday,19,00001018-PHOTO-2025-12-05-19-14-04.jpg
7795,05/12/2025,19:28:21,2025-12-05T19:28:21.000Z,~ Brett,Friday,19,00001019-PHOTO-2025-12-05-19-28-21.jpg
7796,05/12/2025,19:38:35,2025-12-05T19:38:35.000Z,~ Jamma,Friday,19,00001020-PHOTO-2025-12-05-19-38-35.jpg
7797,05/12/2025,19:48:19,2025-12-05T19:48:19.000Z,~ Bobby Burnand,Friday,19,00001021-PHOTO-2025-12-05-19-48-19.jpg
7798,05/12/2025,19:50:21,2025-12-05T19:50:21.000Z,~ Will Anderson,Friday,19,00001023-PHOTO-2025-12-05-19-50-21.jpg
7799,05/12/2025,19:51:02,2025-12-05T19:51:02.000Z,~ Milo Clarke,Friday,19,00001024-PHOTO-2025-12-05-19-51-02.jpg
7800,05/12/2025,19:56:09,2025-12-05T19:56:09.000Z,~ Seann,Friday,19,00001025-PHOTO-2025-12-05-19-56-09.jpg
7801,05/12/2025,20:01:48,2025-12-05T20:01:48.000Z,~ Lenny Clifton,Friday,20,00001026-PHOTO-2025-12-05-20-01-48.jpg
7802,05/12/2025,20:10:01,2025-12-05T20:10:01.000Z,~ Paul Duncan,Friday,20,00001029-PHOTO-2025-12-05-20-10-01.jpg
7803,05/12/2025,20:14:48,2025-12-05T20:14:48.000Z,~ Brett,Friday,20,00001030-PHOTO-2025-12-05-20-14-48.jpg
7804,05/12/2025,20:16:10,2025-12-05T20:16:10.000Z,~ Lea,Friday,20,00001031-PHOTO-2025-12-05-20-16-10.jpg
7805,05/12/2025,20:22:11,2025-12-05T20:22:11.000Z,~ Harry,Friday,20,00001032-PHOTO-2025-12-05-20-22-11.jpg
7806,05/12/2025,20:22:39,2025-12-05T20:22:39.000Z,~ Ellis P,Friday,20,00001033-PHOTO-2025-12-05-20-22-39.jpg
7807,05/12/2025,20:51:00,2025-12-05T20:51:00.000Z,~ Brett,Friday,20,00001034-PHOTO-2025-12-05-20-51-00.jpg
7808,05/12/2025,20:56:36,2025-12-05T20:56:36.000Z,~ Rory McInally,Friday,20,00001035-PHOTO-2025-12-05-20-56-36.jpg
7809,05/12/2025,21:08:43,2025-12-05T21:08:43.000Z,~ Ross Colville,Friday,21,00001036-PHOTO-2025-12-05-21-08-43.jpg
7810,05/12/2025,21:10:03,2025-12-05T21:10:03.000Z,~ Tyler T,Friday,21,00001038-PHOTO-2025-12-05-21-10-03.jpg
7811,05/12/2025,21:10:33,2025-12-05T21:10:33.000Z,~ David Barrett,Friday,21,00001039-PHOTO-2025-12-05-21-10-33.jpg
7812,05/12/2025,21:24:36,2025-12-05T21:24:36.000Z,~ Brett,Friday,21,00001040-PHOTO-2025-12-05-21-24-36.jpg
7813,05/12/2025,21:25:20,2025-12-05T21:25:20.000Z,~ Alex Usher,Friday,21,00001041-PHOTO-2025-12-05-21-25-20.jpg
7814,05/12/2025,21:25:52,2025-12-05T21:25:52.000Z,~ Harry,Friday,21,00001042-PHOTO-2025-12-05-21-25-52.jpg
7815,05/12/2025,21:31:50,2025-12-05T21:31:50.000Z,~ Max Evans,Friday,21,00001043-PHOTO-2025-12-05-21-31-50.jpg
7816,05/12/2025,21:39:49,2025-12-05T21:39:49.000Z,~ Ellis P,Friday,21,00001044-PHOTO-2025-12-05-21-39-49.jpg
7817,05/12/2025,22:01:33,2025-12-05T22:01:33.000Z,~ Noah,Friday,22,00001045-PHOTO-2025-12-05-22-01-33.jpg
7818,05/12/2025,22:16:48,2025-12-05T22:16:48.000Z,~ Noah,Friday,22,00001047-PHOTO-2025-12-05-22-16-48.jpg
7819,05/12/2025,22:17:40,2025-12-05T22:17:40.000Z,~ Lydia Rickard,Friday,22,00001048-PHOTO-2025-12-05-22-17-40.jpg
7820,05/12/2025,22:45:30,2025-12-05T22:45:30.000Z,~ Noah,Friday,22,00001050-PHOTO-2025-12-05-22-45-30.jpg
7821,05/12/2025,22:48:23,2025-12-05T22:48:23.000Z,~ Lea,Friday,22,00001051-PHOTO-2025-12-05-22-48-23.jpg
7822,06/12/2025,00:00:38,2025-12-06T00:00:38.000Z,~ JH,Saturday,0,00001052-PHOTO-2025-12-06-00-00-38.jpg
7823,06/12/2025,04:07:49,2025-12-06T04:07:49.000Z,~ Alfaro,Saturday,4,
7824,06/12/2025,04:08:23,2025-12-06T04:08:23.000Z,~ Xabi Legras,Saturday,4,
7825,06/12/2025,06:02:02,2025-12-06T06:02:02.000Z,~ Jordan Newman,Saturday,6,
7826,06/12/2025,07:46:45,2025-12-06T07:46:45.000Z,~ Elliot Tawney,Saturday,7,
7827,06/12/2025,08:04:32,2025-12-06T08:04:32.000Z,~ Will,Saturday,8,
7828,06/12/2025,08:49:24,2025-12-06T08:49:24.000Z,~ Will,Saturday,8,
7829,06/12/2025,08:51:52,2025-12-06T08:51:52.000Z,~ Jack Rusted,Saturday,8,
7830,06/12/2025,09:27:38,2025-12-06T09:27:38.000Z,~ Alex Usher,Saturday,9,
7831,06/12/2025,10:12:23,2025-12-06T10:12:23.000Z,~ Alex Usher,Saturday,10,
7832,06/12/2025,10:26:05,2025-12-06T10:26:05.000Z,~ matty colfar,Saturday,10,00001089-PHOTO-2025-12-06-10-26-05.jpg
7833,06/12/2025,11:11:40,2025-12-06T11:11:40.000Z,~ Alex Usher,Saturday,11,00001090-PHOTO-2025-12-06-11-11-40.jpg
7834,06/12/2025,12:18:28,2025-12-06T12:18:28.000Z,~ Callum Colville,Saturday,12,00001092-PHOTO-2025-12-06-12-18-28.jpg
7835,06/12/2025,12:20:36,2025-12-06T12:20:36.000Z,~ Jamie,Saturday,12,00001093-PHOTO-2025-12-06-12-20-36.jpg
7836,06/12/2025,12:36:33,2025-12-06T12:36:33.000Z,~ Jon,Saturday,12,
7837,06/12/2025,12:54:25,2025-12-06T12:54:25.000Z,~ Jamie Gelly,Saturday,12,
7838,06/12/2025,12:55:27,2025-12-06T12:55:27.000Z,~ Callum Colville,Saturday,12,
7839,06/12/2025,12:57:33,2025-12-06T12:57:33.000Z,~ Ross Colville,Saturday,12,
7840,06/12/2025,13:07:48,2025-12-06T13:07:48.000Z,~ Gemma McColl,Saturday,13,
7841,06/12/2025,13:11:51,2025-12-06T13:11:51.000Z,~ Ross Cowie,Saturday,13,
7842,06/12/2025,13:15:19,2025-12-06T13:15:19.000Z,~ Giorgio,Saturday,13,
7843,06/12/2025,13:16:09,2025-12-06T13:16:09.000Z,~ Ben Abbott,Saturday,13,
7844,06/12/2025,13:27:35,2025-12-06T13:27:35.000Z,~ Ross Colville,Saturday,13,
7845,06/12/2025,13:27:57,2025-12-06T13:27:57.000Z,~ Gemma,Saturday,13,
7846,06/12/2025,13:46:03,2025-12-06T13:46:03.000Z,~ Jack,Saturday,13,
7847,06/12/2025,13:48:11,2025-12-06T13:48:11.000Z,~ Jon,Saturday,13,
7848,06/12/2025,14:09:19,2025-12-06T14:09:19.000Z,~ Seann,Saturday,14,
7849,06/12/2025,14:10:35,2025-12-06T14:10:35.000Z,~ JT,Saturday,14,
7850,06/12/2025,14:29:23,2025-12-06T14:29:23.000Z,~ Andrew Matthews,Saturday,14,
7851,06/12/2025,14:31:09,2025-12-06T14:31:09.000Z,~ Callum Colville,Saturday,14,
7852,06/12/2025,14:31:31,2025-12-06T14:31:31.000Z,~ Noah,Saturday,14,
7853,06/12/2025,14:47:44,2025-12-06T14:47:44.000Z,~ Ross Colville,Saturday,14,
7854,06/12/2025,15:02:11,2025-12-06T15:02:11.000Z,~ Callum Colville,Saturday,15,
7855,06/12/2025,15:02:24,2025-12-06T15:02:24.000Z,~ Gaz Potter,Saturday,15,
7856,06/12/2025,15:17:48,2025-12-06T15:17:48.000Z,~ James Lloyd,Saturday,15,
7857,06/12/2025,15:33:13,2025-12-06T15:33:13.000Z,~ Andrew Matthews,Saturday,15,
7858,06/12/2025,15:36:42,2025-12-06T15:36:42.000Z,~ Marc,Saturday,15,
7859,06/12/2025,15:37:16,2025-12-06T15:37:16.000Z,~ Harry,Saturday,15,
7860,06/12/2025,15:42:41,2025-12-06T15:42:41.000Z,~ Ross Colville,Saturday,15,
7861,06/12/2025,15:51:28,2025-12-06T15:51:28.000Z,~ Ivo Slot,Saturday,15,
7862,06/12/2025,15:53:26,2025-12-06T15:53:26.000Z,~ Noah,Saturday,15,
7863,06/12/2025,15:53:47,2025-12-06T15:53:47.000Z,~ Noah,Saturday,15,
7864,06/12/2025,15:57:38,2025-12-06T15:57:38.000Z,~ Adam Lloyd,Saturday,15,
7865,06/12/2025,15:59:31,2025-12-06T15:59:31.000Z,~ James Lloyd,Saturday,15,
7866,06/12/2025,16:11:05,2025-12-06T16:11:05.000Z,~ JT,Saturday,16,
7867,06/12/2025,16:12:10,2025-12-06T16:12:10.000Z,~ Enda Carberry,Saturday,16,
7868,06/12/2025,16:14:42,2025-12-06T16:14:42.000Z,~ Lloyd Graham,Saturday,16,
7869,06/12/2025,16:14:46,2025-12-06T16:14:46.000Z,~ Lloyd Graham,Saturday,16,
7870,06/12/2025,16:14:58,2025-12-06T16:14:58.000Z,~ Craig Kemlo,Saturday,16,
7871,06/12/2025,16:16:54,2025-12-06T16:16:54.000Z,~ Nigel,Saturday,16,
7872,06/12/2025,16:23:53,2025-12-06T16:23:53.000Z,~ Gemma,Saturday,16,
7873,06/12/2025,16:28:07,2025-12-06T16:28:07.000Z,~ Jordan Newman,Saturday,16,
7874,06/12/2025,16:30:07,2025-12-06T16:30:07.000Z,~ Andrew Matthews,Saturday,16,
7875,06/12/2025,16:36:16,2025-12-06T16:36:16.000Z,~ Harry,Saturday,16,
7876,06/12/2025,16:47:19,2025-12-06T16:47:19.000Z,~ Jordan Newman,Saturday,16,
7877,06/12/2025,17:09:29,2025-12-06T17:09:29.000Z,~ Ross Colville,Saturday,17,
7878,06/12/2025,17:09:43,2025-12-06T17:09:43.000Z,~ Ellis P,Saturday,17,
7879,06/12/2025,17:10:10,2025-12-06T17:10:10.000Z,~ Ivo Slot,Saturday,17,
7880,06/12/2025,17:31:14,2025-12-06T17:31:14.000Z,~ Oliver Graham,Saturday,17,
7881,06/12/2025,17:31:21,2025-12-06T17:31:21.000Z,~ Oliver Graham,Saturday,17,
7882,06/12/2025,17:36:47,2025-12-06T17:36:47.000Z,~ Ellis P,Saturday,17,
7883,06/12/2025,17:37:20,2025-12-06T17:37:20.000Z,~ Noah,Saturday,17,
7884,06/12/2025,17:38:48,2025-12-06T17:38:48.000Z,~ Owen,Saturday,17,
7885,06/12/2025,17:40:00,2025-12-06T17:40:00.000Z,~ Ross Colville,Saturday,17,
7886,06/12/2025,17:49:23,2025-12-06T17:49:23.000Z,~ Jordan Newman,Saturday,17,
7887,06/12/2025,17:51:10,2025-12-06T17:51:10.000Z,~ Andrew Matthews,Saturday,17,
7888,06/12/2025,17:57:03,2025-12-06T17:57:03.000Z,~ Marc,Saturday,17,
7889,06/12/2025,17:58:25,2025-12-06T17:58:25.000Z,~ Craig Kemlo,Saturday,17,
7890,06/12/2025,18:15:36,2025-12-06T18:15:36.000Z,~ Lloyd Graham,Saturday,18,
7891,06/12/2025,18:16:54,2025-12-06T18:16:54.000Z,~ Andrew Matthews,Saturday,18,
7892,06/12/2025,18:19:57,2025-12-06T18:19:57.000Z,~ Harry,Saturday,18,
7893,06/12/2025,18:28:53,2025-12-06T18:28:53.000Z,~ Noah,Saturday,18,
7894,06/12/2025,18:29:37,2025-12-06T18:29:37.000Z,~ Ivo Slot,Saturday,18,
7895,06/12/2025,18:35:52,2025-12-06T18:35:52.000Z,~ Harri,Saturday,18,
7896,06/12/2025,18:38:19,2025-12-06T18:38:19.000Z,~ Joe Larkin,Saturday,18,
7897,06/12/2025,18:39:42,2025-12-06T18:39:42.000Z,~ Lloyd Graham,Saturday,18,
7898,06/12/2025,18:42:13,2025-12-06T18:42:13.000Z,~ Ross Colville,Saturday,18,
7899,06/12/2025,18:46:19,2025-12-06T18:46:19.000Z,~ Guy,Saturday,18,
7900,06/12/2025,18:54:33,2025-12-06T18:54:33.000Z,~ Tom Booker,Saturday,18,
7901,06/12/2025,18:55:02,2025-12-06T18:55:02.000Z,~ Joshua,Saturday,18,
7902,06/12/2025,18:55:23,2025-12-06T18:55:23.000Z,~ Lydia Rickard,Saturday,18,
7903,06/12/2025,18:58:55,2025-12-06T18:58:55.000Z,~ Joe Larkin,Saturday,18,
7904,06/12/2025,19:01:10,2025-12-06T19:01:10.000Z,~ Becky,Saturday,19,
7905,06/12/2025,19:03:11,2025-12-06T19:03:11.000Z,~ Ross Cowie,Saturday,19,
7906,06/12/2025,19:05:19,2025-12-06T19:05:19.000Z,~ Harry,Saturday,19,
7907,06/12/2025,19:09:49,2025-12-06T19:09:49.000Z,~ Callum Colville,Saturday,19,
7908,06/12/2025,19:12:48,2025-12-06T19:12:48.000Z,~ Jamie Gelly,Saturday,19,
7909,06/12/2025,19:20:10,2025-12-06T19:20:10.000Z,~ Ross Colville,Saturday,19,
7910,06/12/2025,19:23:29,2025-12-06T19:23:29.000Z,~ - Mike,Saturday,19,
7911,06/12/2025,19:34:23,2025-12-06T19:34:23.000Z,~ David Barrett,Saturday,19,
7912,06/12/2025,19:36:25,2025-12-06T19:36:25.000Z,~ Susanna,Saturday,19,
7913,06/12/2025,19:49:18,2025-12-06T19:49:18.000Z,~ Ivo Slot,Saturday,19,
7914,06/12/2025,19:52:48,2025-12-06T19:52:48.000Z,~ Harri,Saturday,19,
7915,06/12/2025,19:54:48,2025-12-06T19:54:48.000Z,~ Joshua,Saturday,19,
7916,06/12/2025,19:58:01,2025-12-06T19:58:01.000Z,~ Jamie Gelly,Saturday,19,
7917,06/12/2025,20:09:55,2025-12-06T20:09:55.000Z,~ Reiss Krygier-Mclaren,Saturday,20,
7918,06/12/2025,20:12:24,2025-12-06T20:12:24.000Z,~ Joe Larkin,Saturday,20,
7919,06/12/2025,20:12:38,2025-12-06T20:12:38.000Z,~ Ross Cowie,Saturday,20,
7920,06/12/2025,20:36:45,2025-12-06T20:36:45.000Z,~ Susanna,Saturday,20,
7921,06/12/2025,20:37:07,2025-12-06T20:37:07.000Z,~ Joe Larkin,Saturday,20,
7922,06/12/2025,20:37:29,2025-12-06T20:37:29.000Z,~ Justin,Saturday,20,
7923,06/12/2025,20:38:21,2025-12-06T20:38:21.000Z,~ Joshua,Saturday,20,
7924,06/12/2025,20:39:15,2025-12-06T20:39:15.000Z,~ Corny,Saturday,20,
7925,06/12/2025,20:43:33,2025-12-06T20:43:33.000Z,~ Sam Ross,Saturday,20,
7926,06/12/2025,20:46:17,2025-12-06T20:46:17.000Z,~ Sam Ross,Saturday,20,
7927,06/12/2025,20:56:12,2025-12-06T20:56:12.000Z,~ Jamie,Saturday,20,
7928,06/12/2025,20:56:52,2025-12-06T20:56:52.000Z,~ David Barrett,Saturday,20,
7929,06/12/2025,20:57:44,2025-12-06T20:57:44.000Z,~ Enda Carberry,Saturday,20,
7930,06/12/2025,20:58:14,2025-12-06T20:58:14.000Z,~ Adam Daly,Saturday,20,
7931,06/12/2025,20:59:05,2025-12-06T20:59:05.000Z,~ jed,Saturday,20,
7932,06/12/2025,20:59:07,2025-12-06T20:59:07.000Z,~ Adam RM,Saturday,20,
7933,06/12/2025,20:59:19,2025-12-06T20:59:19.000Z,~ Jordan Newman,Saturday,20,
7934,06/12/2025,21:02:44,2025-12-06T21:02:44.000Z,~ Evie,Saturday,21,
7935,06/12/2025,21:08:05,2025-12-06T21:08:05.000Z,~ Joe Larkin,Saturday,21,
7936,06/12/2025,21:09:58,2025-12-06T21:09:58.000Z,~ Monty Horridge,Saturday,21,
7937,06/12/2025,21:11:55,2025-12-06T21:11:55.000Z,~ Killian McQuaid,Saturday,21,
7938,06/12/2025,21:13:04,2025-12-06T21:13:04.000Z,~ Lydia Rickard,Saturday,21,
7939,06/12/2025,21:14:12,2025-12-06T21:14:12.000Z,~ Alex Lillie,Saturday,21,
7940,06/12/2025,21:15:10,2025-12-06T21:15:10.000Z,~ Jamie Gelly,Saturday,21,
7941,06/12/2025,21:15:10,2025-12-06T21:15:10.000Z,~ Ross Colville,Saturday,21,
7942,06/12/2025,21:16:43,2025-12-06T21:16:43.000Z,~ Sean,Saturday,21,
7943,06/12/2025,21:17:41,2025-12-06T21:17:41.000Z,~ Billy,Saturday,21,
7944,06/12/2025,21:38:08,2025-12-06T21:38:08.000Z,~ Ross Colville,Saturday,21,
7945,06/12/2025,21:41:50,2025-12-06T21:41:50.000Z,~ Jamie Gelly,Saturday,21,
7946,06/12/2025,21:44:39,2025-12-06T21:44:39.000Z,~ Ross O’Reilly,Saturday,21,
7947,06/12/2025,21:56:20,2025-12-06T21:56:20.000Z,~ Callum Colville,Saturday,21,
7948,06/12/2025,22:06:33,2025-12-06T22:06:33.000Z,~ Joe Larkin,Saturday,22,
7949,06/12/2025,22:12:06,2025-12-06T22:12:06.000Z,~ Alex,Saturday,22,
7950,06/12/2025,22:12:37,2025-12-06T22:12:37.000Z,~ Samuel Gallacher,Saturday,22,
7951,06/12/2025,22:18:25,2025-12-06T22:18:25.000Z,~ Joe Larkin,Saturday,22,
7952,06/12/2025,22:19:43,2025-12-06T22:19:43.000Z,~ jack,Saturday,22,
7953,06/12/2025,22:19:45,2025-12-06T22:19:45.000Z,~ Jack Rush,Saturday,22,
7954,06/12/2025,22:19:48,2025-12-06T22:19:48.000Z,~ Jamie Gelly,Saturday,22,
7955,06/12/2025,22:21:10,2025-12-06T22:21:10.000Z,~ Jack Jennings,Saturday,22,
7956,06/12/2025,22:22:00,2025-12-06T22:22:00.000Z,~ Ivo Slot,Saturday,22,
7957,06/12/2025,22:48:09,2025-12-06T22:48:09.000Z,~ Jamie Gelly,Saturday,22,
7958,06/12/2025,23:07:20,2025-12-06T23:07:20.000Z,~ Sam Ross,Saturday,23,
7959,06/12/2025,23:07:23,2025-12-06T23:07:23.000Z,~ Joe Larkin,Saturday,23,
7960,06/12/2025,23:41:15,2025-12-06T23:41:15.000Z,~ Harry,Saturday,23,
7961,06/12/2025,23:47:09,2025-12-06T23:47:09.000Z,~ Justin,Saturday,23,
7962,07/12/2025,00:00:03,2025-12-07T00:00:03.000Z,~ Noah,Sunday,0,
7963,07/12/2025,00:06:31,2025-12-07T00:06:31.000Z,~ Roshan Ehzuvan,Sunday,0,
7964,07/12/2025,00:10:13,2025-12-07T00:10:13.000Z,~ Becky,Sunday,0,
7965,07/12/2025,00:46:07,2025-12-07T00:46:07.000Z,~ Alfaro,Sunday,0,
7966,07/12/2025,00:48:26,2025-12-07T00:48:26.000Z,~ Harry,Sunday,0,
7967,07/12/2025,00:57:06,2025-12-07T00:57:06.000Z,~ Andde Pierre,Sunday,0,
7968,07/12/2025,01:00:14,2025-12-07T01:00:14.000Z,~ Xabi Legras,Sunday,1,
7969,07/12/2025,01:02:36,2025-12-07T01:02:36.000Z,~ Alfaro,Sunday,1,
7970,07/12/2025,09:24:11,2025-12-07T09:24:11.000Z,~ Elliot Tawney,Sunday,9,
7971,07/12/2025,12:58:13,2025-12-07T12:58:13.000Z,~ Brett,Sunday,12,
7972,07/12/2025,13:26:09,2025-12-07T13:26:09.000Z,~ Brett,Sunday,13,
7973,07/12/2025,14:09:50,2025-12-07T14:09:50.000Z,~ Brett,Sunday,14,
7974,07/12/2025,14:53:55,2025-12-07T14:53:55.000Z,~ Brett,Sunday,14,
7975,07/12/2025,15:28:21,2025-12-07T15:28:21.000Z,~ Brett,Sunday,15,
7976,07/12/2025,16:07:25,2025-12-07T16:07:25.000Z,~ Brett,Sunday,16,
7977,07/12/2025,16:19:19,2025-12-07T16:19:19.000Z,~ Seann,Sunday,16,
7978,07/12/2025,16:32:37,2025-12-07T16:32:37.000Z,~ Jordan Munro,Sunday,16,
7979,07/12/2025,16:38:06,2025-12-07T16:38:06.000Z,~ ellie,Sunday,16,
7980,07/12/2025,17:09:22,2025-12-07T17:09:22.000Z,~ Jordan Newman,Sunday,17,
7981,07/12/2025,18:18:50,2025-12-07T18:18:50.000Z,~ Jamma,Sunday,18,
7982,07/12/2025,19:03:55,2025-12-07T19:03:55.000Z,~ Jamma,Sunday,19,
7983,07/12/2025,19:29:55,2025-12-07T19:29:55.000Z,~ Ben Abbott,Sunday,19,
7984,07/12/2025,19:30:12,2025-12-07T19:30:12.000Z,~ Evie,Sunday,19,
7985,07/12/2025,19:33:48,2025-12-07T19:33:48.000Z,~ Jordan Newman,Sunday,19,
7986,07/12/2025,20:22:58,2025-12-07T20:22:58.000Z,~ Jamma,Sunday,20,
7987,08/12/2025,11:56:22,2025-12-08T11:56:22.000Z,~ Jordan Newman,Monday,11,
7988,08/12/2025,12:50:59,2025-12-08T12:50:59.000Z,~ Seann,Monday,12,
7989,08/12/2025,14:44:58,2025-12-08T14:44:58.000Z,~ Jordan Newman,Monday,14,
7990,08/12/2025,20:22:38,2025-12-08T20:22:38.000Z,~ Alfaro,Monday,20,
7991,08/12/2025,20:23:58,2025-12-08T20:23:58.000Z,~ Jordan,Monday,20,
7992,09/12/2025,08:38:50,2025-12-09T08:38:50.000Z,~ James Sutton,Tuesday,8,
7993,09/12/2025,17:49:23,2025-12-09T17:49:23.000Z,~ Susanna,Tuesday,17,
7994,09/12/2025,17:51:32,2025-12-09T17:51:32.000Z,~ Matt,Tuesday,17,
7995,09/12/2025,18:09:28,2025-12-09T18:09:28.000Z,~ Jordan,Tuesday,18,
7996,09/12/2025,18:32:58,2025-12-09T18:32:58.000Z,~ Susanna,Tuesday,18,
7997,09/12/2025,18:42:43,2025-12-09T18:42:43.000Z,~ Rory Gee,Tuesday,18,
7998,09/12/2025,18:50:33,2025-12-09T18:50:33.000Z,~ Jordan,Tuesday,18,
7999,09/12/2025,19:08:13,2025-12-09T19:08:13.000Z,~ Joe Larkin,Tuesday,19,
8000,09/12/2025,19:36:21,2025-12-09T19:36:21.000Z,~ Joe Larkin,Tuesday,19,
8001,09/12/2025,20:03:34,2025-12-09T20:03:34.000Z,~ Joe Larkin,Tuesday,20,
8002,09/12/2025,20:18:52,2025-12-09T20:18:52.000Z,~ Seann,Tuesday,20,
8003,09/12/2025,20:27:23,2025-12-09T20:27:23.000Z,~ Alexis Buhaj,Tuesday,20,
8004,09/12/2025,20:55:04,2025-12-09T20:55:04.000Z,~ Guy,Tuesday,20,
8005,09/12/2025,21:00:45,2025-12-09T21:00:45.000Z,~ jack,Tuesday,21,
8006,09/12/2025,21:18:47,2025-12-09T21:18:47.000Z,~ Tom,Tuesday,21,
8007,09/12/2025,21:27:29,2025-12-09T21:27:29.000Z,~ Rory Gee,Tuesday,21,
8008,09/12/2025,21:53:07,2025-12-09T21:53:07.000Z,~ Joe Larkin,Tuesday,21,
8009,09/12/2025,21:58:45,2025-12-09T21:58:45.000Z,~ Alex Usher,Tuesday,21,
8010,09/12/2025,22:41:18,2025-12-09T22:41:18.000Z,~ Gareth Tainton,Tuesday,22,
8011,10/12/2025,14:47:00,2025-12-10T14:47:00.000Z,~ Lewis West,Wednesday,14,
8012,10/12/2025,15:22:15,2025-12-10T15:22:15.000Z,~ Lewis West,Wednesday,15,
8013,10/12/2025,16:07:23,2025-12-10T16:07:23.000Z,~ Monty Horridge,Wednesday,16,
8014,10/12/2025,17:03:36,2025-12-10T17:03:36.000Z,~ Jon,Wednesday,17,
8015,10/12/2025,17:43:26,2025-12-10T17:43:26.000Z,~ Jordan Newman,Wednesday,17,
8016,10/12/2025,17:44:05,2025-12-10T17:44:05.000Z,~ Bernardi,Wednesday,17,
8017,10/12/2025,18:10:16,2025-12-10T18:10:16.000Z,~ Sam Ross,Wednesday,18,
8018,10/12/2025,18:10:25,2025-12-10T18:10:25.000Z,~ Sam Ross,Wednesday,18,
8019,10/12/2025,18:15:46,2025-12-10T18:15:46.000Z,~ Brett,Wednesday,18,
8020,10/12/2025,18:19:32,2025-12-10T18:19:32.000Z,~ Lea,Wednesday,18,
8021,10/12/2025,18:33:33,2025-12-10T18:33:33.000Z,~ Lydia Rickard,Wednesday,18,
8022,10/12/2025,19:11:01,2025-12-10T19:11:01.000Z,~ Kalum Doohan,Wednesday,19,
8023,10/12/2025,19:12:27,2025-12-10T19:12:27.000Z,~ Seann,Wednesday,19,
8024,10/12/2025,19:33:36,2025-12-10T19:33:36.000Z,~ Ruby Gribben,Wednesday,19,
8025,10/12/2025,19:40:57,2025-12-10T19:40:57.000Z,~ Andrew Matthews,Wednesday,19,
8026,10/12/2025,19:42:12,2025-12-10T19:42:12.000Z,~ Ellis P,Wednesday,19,
8027,10/12/2025,20:29:17,2025-12-10T20:29:17.000Z,~ Brett,Wednesday,20,
8028,10/12/2025,21:16:51,2025-12-10T21:16:51.000Z,~ Brett,Wednesday,21,
8029,10/12/2025,21:34:06,2025-12-10T21:34:06.000Z,~ Ellis P,Wednesday,21,
8030,10/12/2025,21:37:02,2025-12-10T21:37:02.000Z,~ Enda Carberry,Wednesday,21,
8031,10/12/2025,21:44:33,2025-12-10T21:44:33.000Z,~ Tom Booker,Wednesday,21,
8032,10/12/2025,21:55:07,2025-12-10T21:55:07.000Z,~ Brett,Wednesday,21,
8033,10/12/2025,22:14:21,2025-12-10T22:14:21.000Z,~ Enda Carberry,Wednesday,22,
8034,10/12/2025,22:24:04,2025-12-10T22:24:04.000Z,~ Josh Bendel,Wednesday,22,
8035,10/12/2025,22:24:23,2025-12-10T22:24:23.000Z,~ Josh Bendel,Wednesday,22,
8036,10/12/2025,22:24:38,2025-12-10T22:24:38.000Z,~ Josh Bendel,Wednesday,22,
8037,10/12/2025,22:36:59,2025-12-10T22:36:59.000Z,~ Brett,Wednesday,22,
8038,10/12/2025,22:48:45,2025-12-10T22:48:45.000Z,~ Enda Carberry,Wednesday,22,
8039,10/12/2025,22:51:08,2025-12-10T22:51:08.000Z,~ Xabi Legras,Wednesday,22,
8040,10/12/2025,23:32:57,2025-12-10T23:32:57.000Z,~ Brett,Wednesday,23,
8041,10/12/2025,23:35:05,2025-12-10T23:35:05.000Z,~ Enda Carberry,Wednesday,23,
8042,11/12/2025,02:36:05,2025-12-11T02:36:05.000Z,~ Xabi Legras,Thursday,2,
8043,11/12/2025,07:29:55,2025-12-11T07:29:55.000Z,~ Elliot Tawney,Thursday,7,
8044,11/12/2025,11:24:38,2025-12-11T11:24:38.000Z,~ Jordan Newman,Thursday,11,
8045,11/12/2025,14:21:15,2025-12-11T14:21:15.000Z,~ Adam Warren,Thursday,14,
8046,11/12/2025,17:37:20,2025-12-11T17:37:20.000Z,~ Jon,Thursday,17,
8047,11/12/2025,17:40:29,2025-12-11T17:40:29.000Z,~ Joe Larkin,Thursday,17,
8048,11/12/2025,17:41:32,2025-12-11T17:41:32.000Z,~ Lydia Rickard,Thursday,17,
8049,11/12/2025,17:42:12,2025-12-11T17:42:12.000Z,~ Jordan Newman,Thursday,17,
8050,11/12/2025,17:42:33,2025-12-11T17:42:33.000Z,~ Tyler T,Thursday,17,
8051,11/12/2025,18:52:26,2025-12-11T18:52:26.000Z,~ Brett,Thursday,18,
8052,11/12/2025,19:02:03,2025-12-11T19:02:03.000Z,~ kevin o'brien,Thursday,19,
8053,11/12/2025,19:11:44,2025-12-11T19:11:44.000Z,~ Jon Rickard,Thursday,19,
8054,11/12/2025,19:15:50,2025-12-11T19:15:50.000Z,~ Ellis P,Thursday,19,
8055,11/12/2025,20:04:18,2025-12-11T20:04:18.000Z,~ Eddy,Thursday,20,
8056,11/12/2025,20:55:53,2025-12-11T20:55:53.000Z,~ Reiss Krygier-Mclaren,Thursday,20,
8057,11/12/2025,21:12:36,2025-12-11T21:12:36.000Z,~ Sam Ross,Thursday,21,
8058,11/12/2025,21:38:27,2025-12-11T21:38:27.000Z,~ Cormac Maher,Thursday,21,
8059,11/12/2025,21:59:00,2025-12-11T21:59:00.000Z,~ Evan Flaherty,Thursday,21,
8060,12/12/2025,10:19:37,2025-12-12T10:19:37.000Z,~ George Smith,Friday,10,
8061,12/12/2025,11:48:47,2025-12-12T11:48:47.000Z,~ George Smith,Friday,11,
8062,12/12/2025,11:49:41,2025-12-12T11:49:41.000Z,~ Marc,Friday,11,
8063,12/12/2025,12:25:20,2025-12-12T12:25:20.000Z,~ Brett,Friday,12,
8064,12/12/2025,12:51:35,2025-12-12T12:51:35.000Z,~ Brett,Friday,12,
8065,12/12/2025,12:59:46,2025-12-12T12:59:46.000Z,~ Seann,Friday,12,
8066,12/12/2025,13:38:15,2025-12-12T13:38:15.000Z,~ Jordan Newman,Friday,13,
8067,12/12/2025,14:42:27,2025-12-12T14:42:27.000Z,~ Sam Ross,Friday,14,
8068,12/12/2025,15:18:51,2025-12-12T15:18:51.000Z,~ Lewis West,Friday,15,
8069,12/12/2025,15:32:14,2025-12-12T15:32:14.000Z,~ Brett,Friday,15,
8070,12/12/2025,15:42:25,2025-12-12T15:42:25.000Z,~ David,Friday,15,
8071,12/12/2025,15:50:19,2025-12-12T15:50:19.000Z,~ Lewis West,Friday,15,
8072,12/12/2025,16:06:26,2025-12-12T16:06:26.000Z,~ Brett,Friday,16,
8073,12/12/2025,16:27:44,2025-12-12T16:27:44.000Z,~ Tom,Friday,16,
8074,12/12/2025,16:35:28,2025-12-12T16:35:28.000Z,~ Ross Colville,Friday,16,
8075,12/12/2025,16:49:51,2025-12-12T16:49:51.000Z,~ Conor,Friday,16,
8076,12/12/2025,16:53:49,2025-12-12T16:53:49.000Z,~ Harry,Friday,16,
8077,12/12/2025,16:54:30,2025-12-12T16:54:30.000Z,Livvy,Friday,16,
8078,12/12/2025,17:14:41,2025-12-12T17:14:41.000Z,~ Jesse,Friday,17,
8079,12/12/2025,17:16:13,2025-12-12T17:16:13.000Z,~ Conor,Friday,17,
8080,12/12/2025,17:28:41,2025-12-12T17:28:41.000Z,~ Will Anderson,Friday,17,
8081,12/12/2025,17:30:55,2025-12-12T17:30:55.000Z,~ Sam Ross,Friday,17,
8082,12/12/2025,17:34:40,2025-12-12T17:34:40.000Z,~ Brett,Friday,17,
8083,12/12/2025,17:46:28,2025-12-12T17:46:28.000Z,~ Ross Colville,Friday,17,
8084,12/12/2025,17:53:33,2025-12-12T17:53:33.000Z,~ Conor,Friday,17,
8085,12/12/2025,17:55:53,2025-12-12T17:55:53.000Z,~ Will Anderson,Friday,17,
8086,12/12/2025,18:04:06,2025-12-12T18:04:06.000Z,~ Bernardi,Friday,18,
8087,12/12/2025,18:14:59,2025-12-12T18:14:59.000Z,~ Nigel,Friday,18,
8088,12/12/2025,18:26:14,2025-12-12T18:26:14.000Z,~ Ross Colville,Friday,18,
8089,12/12/2025,18:38:57,2025-12-12T18:38:57.000Z,~ Harry,Friday,18,
8090,12/12/2025,18:46:10,2025-12-12T18:46:10.000Z,~ Brett,Friday,18,
8091,12/12/2025,18:51:54,2025-12-12T18:51:54.000Z,~ Ross Colville,Friday,18,
8092,12/12/2025,18:54:25,2025-12-12T18:54:25.000Z,~ Adam Warren,Friday,18,
8093,12/12/2025,19:01:57,2025-12-12T19:01:57.000Z,~ - Mike,Friday,19,
8094,12/12/2025,19:08:17,2025-12-12T19:08:17.000Z,~ Evie Pringle,Friday,19,
8095,12/12/2025,19:12:50,2025-12-12T19:12:50.000Z,~ Sam Ross,Friday,19,
8096,12/12/2025,19:22:34,2025-12-12T19:22:34.000Z,~ Brett,Friday,19,
8097,12/12/2025,19:30:24,2025-12-12T19:30:24.000Z,~ David Barrett,Friday,19,
8098,12/12/2025,19:34:08,2025-12-12T19:34:08.000Z,~ Gemma,Friday,19,
8099,12/12/2025,19:43:45,2025-12-12T19:43:45.000Z,~ Guy,Friday,19,
8100,12/12/2025,19:52:34,2025-12-12T19:52:34.000Z,~ Jack Brady,Friday,19,
8101,12/12/2025,19:53:04,2025-12-12T19:53:04.000Z,~ Enda Carberry,Friday,19,
8102,12/12/2025,19:55:42,2025-12-12T19:55:42.000Z,~ Ross Cowie,Friday,19,
8103,12/12/2025,19:58:51,2025-12-12T19:58:51.000Z,~ Tom,Friday,19,
8104,12/12/2025,20:03:16,2025-12-12T20:03:16.000Z,~ Charlie Webster,Friday,20,
8105,12/12/2025,20:03:45,2025-12-12T20:03:45.000Z,~ David Barrett,Friday,20,
8106,12/12/2025,20:04:00,2025-12-12T20:04:00.000Z,~ Sam Ross,Friday,20,
8107,12/12/2025,20:05:17,2025-12-12T20:05:17.000Z,~ Ross Colville,Friday,20,
8108,12/12/2025,20:06:17,2025-12-12T20:06:17.000Z,~ Cameron,Friday,20,
8109,12/12/2025,20:31:31,2025-12-12T20:31:31.000Z,~ Max,Friday,20,
8110,12/12/2025,20:32:47,2025-12-12T20:32:47.000Z,~ Enda Carberry,Friday,20,
8111,12/12/2025,20:41:27,2025-12-12T20:41:27.000Z,~ David Barrett,Friday,20,
8112,12/12/2025,20:42:02,2025-12-12T20:42:02.000Z,~ Becky,Friday,20,
8113,12/12/2025,20:42:43,2025-12-12T20:42:43.000Z,~ Sam Ross,Friday,20,
8114,12/12/2025,21:09:10,2025-12-12T21:09:10.000Z,~ Evie Pringle,Friday,21,
8115,12/12/2025,21:12:58,2025-12-12T21:12:58.000Z,~ Enda Carberry,Friday,21,
8116,12/12/2025,21:24:04,2025-12-12T21:24:04.000Z,~ Charlie Webster,Friday,21,
8117,12/12/2025,21:35:17,2025-12-12T21:35:17.000Z,~ Seann,Friday,21,
8118,12/12/2025,21:36:03,2025-12-12T21:36:03.000Z,~ David Barrett,Friday,21,
8119,12/12/2025,21:39:57,2025-12-12T21:39:57.000Z,~ JB,Friday,21,
8120,12/12/2025,21:40:40,2025-12-12T21:40:40.000Z,~ Reiss Krygier-Mclaren,Friday,21,
8121,12/12/2025,21:47:29,2025-12-12T21:47:29.000Z,~ Tyler T,Friday,21,
8122,12/12/2025,21:53:26,2025-12-12T21:53:26.000Z,~ Conor,Friday,21,
8123,12/12/2025,22:17:00,2025-12-12T22:17:00.000Z,~ Enda Carberry,Friday,22,
8124,12/12/2025,22:24:34,2025-12-12T22:24:34.000Z,~ Enda Carberry,Friday,22,
8125,12/12/2025,22:33:17,2025-12-12T22:33:17.000Z,~ Charlie Webster,Friday,22,
8126,12/12/2025,22:41:21,2025-12-12T22:41:21.000Z,~ Charlie Webster,Friday,22,
8127,12/12/2025,22:41:51,2025-12-12T22:41:51.000Z,~ Rory Oakes,Friday,22,
8128,12/12/2025,22:43:08,2025-12-12T22:43:08.000Z,~ Imogen,Friday,22,
8129,12/12/2025,22:45:32,2025-12-12T22:45:32.000Z,~ Charlie Webster,Friday,22,
8130,12/12/2025,22:46:07,2025-12-12T22:46:07.000Z,~ James,Friday,22,
8131,12/12/2025,22:46:33,2025-12-12T22:46:33.000Z,~ Sam Ross,Friday,22,
8132,12/12/2025,22:50:05,2025-12-12T22:50:05.000Z,~ Becky,Friday,22,
8133,12/12/2025,23:13:53,2025-12-12T23:13:53.000Z,~ Conor,Friday,23,
8134,12/12/2025,23:17:06,2025-12-12T23:17:06.000Z,~ JH,Friday,23,
8135,12/12/2025,23:22:25,2025-12-12T23:22:25.000Z,~ DT,Friday,23,
8136,12/12/2025,23:27:02,2025-12-12T23:27:02.000Z,~ Nigel,Friday,23,
8137,12/12/2025,23:33:28,2025-12-12T23:33:28.000Z,~ Griff,Friday,23,
8138,12/12/2025,23:41:21,2025-12-12T23:41:21.000Z,~ Enda Carberry,Friday,23,
8139,13/12/2025,00:12:08,2025-12-13T00:12:08.000Z,~ Conor,Saturday,0,
8140,13/12/2025,00:15:32,2025-12-13T00:15:32.000Z,~ Ross Colville,Saturday,0,
8141,13/12/2025,00:18:44,2025-12-13T00:18:44.000Z,~ James,Saturday,0,
8142,13/12/2025,00:29:19,2025-12-13T00:29:19.000Z,~ Enda Carberry,Saturday,0,
8143,13/12/2025,00:31:20,2025-12-13T00:31:20.000Z,~ Pistol,Saturday,0,
8144,13/12/2025,00:50:08,2025-12-13T00:50:08.000Z,~ Kieran,Saturday,0,
8145,13/12/2025,01:00:01,2025-12-13T01:00:01.000Z,~ Pistol,Saturday,1,
8146,13/12/2025,01:29:15,2025-12-13T01:29:15.000Z,~ Enda Carberry,Saturday,1,
8147,13/12/2025,02:07:15,2025-12-13T02:07:15.000Z,~ Charlotte,Saturday,2,
8148,13/12/2025,03:08:34,2025-12-13T03:08:34.000Z,~ JH,Saturday,3,
8149,13/12/2025,10:50:29,2025-12-13T10:50:29.000Z,~ Ross Colville,Saturday,10,
8150,13/12/2025,10:51:31,2025-12-13T10:51:31.000Z,~ Jon,Saturday,10,
8151,13/12/2025,10:52:23,2025-12-13T10:52:23.000Z,~ Jamie Gelly,Saturday,10,
8152,13/12/2025,11:23:12,2025-12-13T11:23:12.000Z,~ Kieran,Saturday,11,
8153,13/12/2025,11:28:17,2025-12-13T11:28:17.000Z,~ Sam blades,Saturday,11,
8154,13/12/2025,12:06:50,2025-12-13T12:06:50.000Z,~ Jon,Saturday,12,
8155,13/12/2025,12:44:18,2025-12-13T12:44:18.000Z,~ Ross Colville,Saturday,12,
8156,13/12/2025,12:59:54,2025-12-13T12:59:54.000Z,~ Jon,Saturday,12,
8157,13/12/2025,13:11:37,2025-12-13T13:11:37.000Z,~ matty colfar,Saturday,13,
8158,13/12/2025,13:29:50,2025-12-13T13:29:50.000Z,~ Harry,Saturday,13,
8159,13/12/2025,13:33:32,2025-12-13T13:33:32.000Z,~ Ross Colville,Saturday,13,
8160,13/12/2025,13:38:56,2025-12-13T13:38:56.000Z,~ Max,Saturday,13,
8161,13/12/2025,13:44:42,2025-12-13T13:44:42.000Z,~ Jon,Saturday,13,
8162,13/12/2025,13:52:23,2025-12-13T13:52:23.000Z,~ Jamie Gelly,Saturday,13,
8163,13/12/2025,13:53:40,2025-12-13T13:53:40.000Z,~ Craig Kemlo,Saturday,13,
8164,13/12/2025,13:54:22,2025-12-13T13:54:22.000Z,~ Ross Colville,Saturday,13,
8165,13/12/2025,13:54:42,2025-12-13T13:54:42.000Z,~ Cameron Dryden,Saturday,13,
8166,13/12/2025,13:56:35,2025-12-13T13:56:35.000Z,~ Alex Usher,Saturday,13,
8167,13/12/2025,14:14:48,2025-12-13T14:14:48.000Z,~ Jon,Saturday,14,
8168,13/12/2025,14:32:32,2025-12-13T14:32:32.000Z,~ Alex Usher,Saturday,14,
8169,13/12/2025,14:33:48,2025-12-13T14:33:48.000Z,~ Matty,Saturday,14,
8170,13/12/2025,14:39:26,2025-12-13T14:39:26.000Z,~ Brett,Saturday,14,
8171,13/12/2025,14:47:05,2025-12-13T14:47:05.000Z,~ Harry,Saturday,14,
8172,13/12/2025,14:53:50,2025-12-13T14:53:50.000Z,~ Jack Brady,Saturday,14,
8173,13/12/2025,14:57:46,2025-12-13T14:57:46.000Z,~ Eóin,Saturday,14,
8174,13/12/2025,15:08:36,2025-12-13T15:08:36.000Z,~ Bane Tepavcevic,Saturday,15,
8175,13/12/2025,15:08:54,2025-12-13T15:08:54.000Z,~ Bane Tepavcevic,Saturday,15,
8176,13/12/2025,15:10:24,2025-12-13T15:10:24.000Z,~ Brett,Saturday,15,
8177,13/12/2025,15:16:11,2025-12-13T15:16:11.000Z,~ Jamie Gelly,Saturday,15,
8178,13/12/2025,15:16:58,2025-12-13T15:16:58.000Z,~ Craig Kemlo,Saturday,15,
8179,13/12/2025,15:17:19,2025-12-13T15:17:19.000Z,~ Ross Anderson,Saturday,15,
8180,13/12/2025,15:20:54,2025-12-13T15:20:54.000Z,~ Cameron Grant,Saturday,15,
8181,13/12/2025,15:29:24,2025-12-13T15:29:24.000Z,~ Harry,Saturday,15,
8182,13/12/2025,15:31:13,2025-12-13T15:31:13.000Z,~ Callum Colville,Saturday,15,
8183,13/12/2025,15:37:20,2025-12-13T15:37:20.000Z,~ Jamie Gelly,Saturday,15,
8184,13/12/2025,15:56:49,2025-12-13T15:56:49.000Z,~ Brett,Saturday,15,
8185,13/12/2025,16:02:25,2025-12-13T16:02:25.000Z,~ Max,Saturday,16,
8186,13/12/2025,16:09:58,2025-12-13T16:09:58.000Z,~ Marsh,Saturday,16,
8187,13/12/2025,16:14:11,2025-12-13T16:14:11.000Z,~ Eóin,Saturday,16,
8188,13/12/2025,16:17:38,2025-12-13T16:17:38.000Z,~ James Ennis,Saturday,16,
8189,13/12/2025,16:24:28,2025-12-13T16:24:28.000Z,~ Max,Saturday,16,
8190,13/12/2025,16:25:30,2025-12-13T16:25:30.000Z,~ Ivn,Saturday,16,
8191,13/12/2025,16:30:06,2025-12-13T16:30:06.000Z,~ Harry,Saturday,16,
8192,13/12/2025,16:39:22,2025-12-13T16:39:22.000Z,~ Brett,Saturday,16,
8193,13/12/2025,17:03:33,2025-12-13T17:03:33.000Z,~ James,Saturday,17,
8194,13/12/2025,17:04:34,2025-12-13T17:04:34.000Z,~ H,Saturday,17,
8195,13/12/2025,17:05:53,2025-12-13T17:05:53.000Z,~ Gary,Saturday,17,
8196,13/12/2025,17:06:07,2025-12-13T17:06:07.000Z,~ James,Saturday,17,
8197,13/12/2025,17:09:38,2025-12-13T17:09:38.000Z,~ Jamma,Saturday,17,
8198,13/12/2025,17:13:21,2025-12-13T17:13:21.000Z,~ Joshua,Saturday,17,
8199,13/12/2025,17:14:31,2025-12-13T17:14:31.000Z,~ Ivo Slot,Saturday,17,
8200,13/12/2025,17:15:10,2025-12-13T17:15:10.000Z,~ matty colfar,Saturday,17,
8201,13/12/2025,17:20:55,2025-12-13T17:20:55.000Z,~ H,Saturday,17,
8202,13/12/2025,17:21:51,2025-12-13T17:21:51.000Z,~ Jamma,Saturday,17,
8203,13/12/2025,17:25:04,2025-12-13T17:25:04.000Z,~ Cameron Dryden,Saturday,17,
8204,13/12/2025,17:30:07,2025-12-13T17:30:07.000Z,~ Taleah,Saturday,17,
8205,13/12/2025,17:51:54,2025-12-13T17:51:54.000Z,~ H,Saturday,17,
8206,13/12/2025,17:52:01,2025-12-13T17:52:01.000Z,~ Jess,Saturday,17,
8207,13/12/2025,17:56:39,2025-12-13T17:56:39.000Z,~ Monty Horridge,Saturday,17,
8208,13/12/2025,17:58:04,2025-12-13T17:58:04.000Z,~ Conor Lynch,Saturday,17,
8209,13/12/2025,18:04:14,2025-12-13T18:04:14.000Z,~ Lewis West,Saturday,18,
8210,13/12/2025,18:05:28,2025-12-13T18:05:28.000Z,~ Callum Colville,Saturday,18,
8211,13/12/2025,18:05:53,2025-12-13T18:05:53.000Z,~ Seann,Saturday,18,
8212,13/12/2025,18:06:43,2025-12-13T18:06:43.000Z,~ Ross Cowie,Saturday,18,
8213,13/12/2025,18:09:30,2025-12-13T18:09:30.000Z,~ Ross Colville,Saturday,18,
8214,13/12/2025,18:10:13,2025-12-13T18:10:13.000Z,~ Tom Booker,Saturday,18,
8215,13/12/2025,18:12:07,2025-12-13T18:12:07.000Z,~ Sam Duggan,Saturday,18,
8216,13/12/2025,18:14:41,2025-12-13T18:14:41.000Z,~ Cian O’Malley,Saturday,18,
8217,13/12/2025,18:26:08,2025-12-13T18:26:08.000Z,~ H,Saturday,18,
8218,13/12/2025,18:29:54,2025-12-13T18:29:54.000Z,~ Taleah,Saturday,18,
8219,13/12/2025,18:32:59,2025-12-13T18:32:59.000Z,~ Kieran,Saturday,18,
8220,13/12/2025,18:41:48,2025-12-13T18:41:48.000Z,~ Alex,Saturday,18,
8221,13/12/2025,18:43:17,2025-12-13T18:43:17.000Z,~ Conor Lynch,Saturday,18,
8222,13/12/2025,18:49:01,2025-12-13T18:49:01.000Z,~ Jamie Gelly,Saturday,18,
8223,13/12/2025,18:51:22,2025-12-13T18:51:22.000Z,~ Alex,Saturday,18,
8224,13/12/2025,18:55:17,2025-12-13T18:55:17.000Z,~ Max,Saturday,18,
8225,13/12/2025,18:55:52,2025-12-13T18:55:52.000Z,~ Cameron Grant,Saturday,18,
8226,13/12/2025,18:57:58,2025-12-13T18:57:58.000Z,~ Jack Brady,Saturday,18,
8227,13/12/2025,19:03:21,2025-12-13T19:03:21.000Z,~ H,Saturday,19,
8228,13/12/2025,19:05:53,2025-12-13T19:05:53.000Z,~ Conor Lynch,Saturday,19,
8229,13/12/2025,19:28:45,2025-12-13T19:28:45.000Z,~ Alex,Saturday,19,
8230,13/12/2025,19:29:17,2025-12-13T19:29:17.000Z,~ Ross,Saturday,19,
8231,13/12/2025,19:33:30,2025-12-13T19:33:30.000Z,~ H,Saturday,19,
8232,13/12/2025,19:34:23,2025-12-13T19:34:23.000Z,~ Cian O’Malley,Saturday,19,
8233,13/12/2025,19:46:08,2025-12-13T19:46:08.000Z,~ Taleah,Saturday,19,
8234,13/12/2025,19:58:39,2025-12-13T19:58:39.000Z,~ Seann,Saturday,19,
8235,13/12/2025,20:00:33,2025-12-13T20:00:33.000Z,~ Floss Adcock,Saturday,20,
8236,13/12/2025,20:22:05,2025-12-13T20:22:05.000Z,~ Ivn,Saturday,20,
8237,13/12/2025,20:23:05,2025-12-13T20:23:05.000Z,~ Hamish,Saturday,20,
8238,13/12/2025,20:27:02,2025-12-13T20:27:02.000Z,~ Dan Dolderson,Saturday,20,
8239,13/12/2025,20:59:34,2025-12-13T20:59:34.000Z,~ Matthew Slevin,Saturday,20,
8240,13/12/2025,21:00:35,2025-12-13T21:00:35.000Z,~ H,Saturday,21,
8241,13/12/2025,21:11:30,2025-12-13T21:11:30.000Z,~ Alex,Saturday,21,
8242,13/12/2025,21:12:48,2025-12-13T21:12:48.000Z,~ Max,Saturday,21,
8243,13/12/2025,21:38:50,2025-12-13T21:38:50.000Z,~ Greg Ballantyne,Saturday,21,
8244,13/12/2025,21:40:48,2025-12-13T21:40:48.000Z,~ H,Saturday,21,
8245,13/12/2025,21:43:12,2025-12-13T21:43:12.000Z,~ David Barrett,Saturday,21,
8246,13/12/2025,21:44:08,2025-12-13T21:44:08.000Z,~ Becky,Saturday,21,
8247,13/12/2025,21:45:04,2025-12-13T21:45:04.000Z,~ Max,Saturday,21,
8248,13/12/2025,21:59:39,2025-12-13T21:59:39.000Z,~ Alex,Saturday,21,
8249,13/12/2025,21:59:53,2025-12-13T21:59:53.000Z,~ Dan Dolderson,Saturday,21,
8250,13/12/2025,22:14:56,2025-12-13T22:14:56.000Z,~ H,Saturday,22,
8251,13/12/2025,22:18:09,2025-12-13T22:18:09.000Z,~ Liam Myles,Saturday,22,
8252,13/12/2025,22:20:10,2025-12-13T22:20:10.000Z,~ Gemma,Saturday,22,
8253,13/12/2025,22:21:19,2025-12-13T22:21:19.000Z,~ Kevin Barry,Saturday,22,
8254,13/12/2025,22:25:45,2025-12-13T22:25:45.000Z,~ Cian O’Malley,Saturday,22,
8255,13/12/2025,22:27:11,2025-12-13T22:27:11.000Z,~ Dan Dolderson,Saturday,22,
8256,13/12/2025,22:51:52,2025-12-13T22:51:52.000Z,~ Jon,Saturday,22,
8257,13/12/2025,23:12:19,2025-12-13T23:12:19.000Z,~ Dan Dolderson,Saturday,23,
8258,13/12/2025,23:17:48,2025-12-13T23:17:48.000Z,~ H,Saturday,23,
8259,13/12/2025,23:18:19,2025-12-13T23:18:19.000Z,~ Joe Larkin,Saturday,23,
8260,13/12/2025,23:26:39,2025-12-13T23:26:39.000Z,~ Gemma,Saturday,23,
8261,13/12/2025,23:30:01,2025-12-13T23:30:01.000Z,~ Conor,Saturday,23,
8262,13/12/2025,23:34:07,2025-12-13T23:34:07.000Z,~ Kieran,Saturday,23,
8263,13/12/2025,23:58:36,2025-12-13T23:58:36.000Z,~ Dan Dolderson,Saturday,23,
8264,14/12/2025,00:04:57,2025-12-14T00:04:57.000Z,~ David Barrett,Sunday,0,
8265,14/12/2025,00:36:03,2025-12-14T00:36:03.000Z,~ Dan Dolderson,Sunday,0,
8266,14/12/2025,01:09:52,2025-12-14T01:09:52.000Z,~ Conor,Sunday,1,
8267,14/12/2025,01:14:11,2025-12-14T01:14:11.000Z,~ Dan Dolderson,Sunday,1,
8268,14/12/2025,01:37:53,2025-12-14T01:37:53.000Z,~ Andreas,Sunday,1,
8269,14/12/2025,07:36:31,2025-12-14T07:36:31.000Z,~ Jon,Sunday,7,
8270,14/12/2025,09:11:31,2025-12-14T09:11:31.000Z,~ H,Sunday,9,
8271,14/12/2025,10:06:25,2025-12-14T10:06:25.000Z,~ Lewis West,Sunday,10,
8272,14/12/2025,10:13:40,2025-12-14T10:13:40.000Z,~ H,Sunday,10,
8273,14/12/2025,10:14:29,2025-12-14T10:14:29.000Z,~ Jon,Sunday,10,
8274,14/12/2025,10:37:48,2025-12-14T10:37:48.000Z,~ Lewis West,Sunday,10,
8275,14/12/2025,11:30:42,2025-12-14T11:30:42.000Z,~ Lewis West,Sunday,11,
8276,14/12/2025,12:29:31,2025-12-14T12:29:31.000Z,~ Craig,Sunday,12,
8277,14/12/2025,12:34:37,2025-12-14T12:34:37.000Z,~ H,Sunday,12,
8278,14/12/2025,13:00:57,2025-12-14T13:00:57.000Z,~ H,Sunday,13,
8279,14/12/2025,13:20:22,2025-12-14T13:20:22.000Z,~ Lewis West,Sunday,13,
8280,14/12/2025,14:01:03,2025-12-14T14:01:03.000Z,~ Lauryn,Sunday,14,
8281,14/12/2025,14:11:26,2025-12-14T14:11:26.000Z,~ George,Sunday,14,
8282,14/12/2025,14:18:55,2025-12-14T14:18:55.000Z,~ Sam Ross,Sunday,14,
8283,14/12/2025,14:46:07,2025-12-14T14:46:07.000Z,~ Lauryn,Sunday,14,
8284,14/12/2025,14:46:49,2025-12-14T14:46:49.000Z,~ George,Sunday,14,
8285,14/12/2025,15:22:04,2025-12-14T15:22:04.000Z,~ Max Evans,Sunday,15,
8286,14/12/2025,15:22:48,2025-12-14T15:22:48.000Z,~ George,Sunday,15,
8287,14/12/2025,16:20:50,2025-12-14T16:20:50.000Z,~ Alex,Sunday,16,
8288,14/12/2025,16:30:03,2025-12-14T16:30:03.000Z,~ Jesse,Sunday,16,
8289,14/12/2025,16:44:24,2025-12-14T16:44:24.000Z,~ Conor,Sunday,16,
8290,14/12/2025,16:57:38,2025-12-14T16:57:38.000Z,~ Sam Ross,Sunday,16,
8291,14/12/2025,17:02:52,2025-12-14T17:02:52.000Z,~ James Burrows,Sunday,17,
8292,14/12/2025,17:03:07,2025-12-14T17:03:07.000Z,~ James Burrows,Sunday,17,
8293,14/12/2025,17:04:36,2025-12-14T17:04:36.000Z,~ George,Sunday,17,
8294,14/12/2025,17:09:16,2025-12-14T17:09:16.000Z,~ matty colfar,Sunday,17,
8295,14/12/2025,17:19:56,2025-12-14T17:19:56.000Z,~ Conor,Sunday,17,
8296,14/12/2025,17:21:16,2025-12-14T17:21:16.000Z,~ Lydia Rickard,Sunday,17,
8297,14/12/2025,17:32:23,2025-12-14T17:32:23.000Z,~ Lauryn,Sunday,17,
8298,14/12/2025,18:06:16,2025-12-14T18:06:16.000Z,~ matty colfar,Sunday,18,
8299,14/12/2025,18:15:00,2025-12-14T18:15:00.000Z,~ Jordan Newman,Sunday,18,
8300,14/12/2025,18:23:48,2025-12-14T18:23:48.000Z,~ Conor,Sunday,18,
8301,14/12/2025,19:04:11,2025-12-14T19:04:11.000Z,~ Jon,Sunday,19,
8302,14/12/2025,19:21:15,2025-12-14T19:21:15.000Z,~ Conor,Sunday,19,
8303,14/12/2025,19:44:56,2025-12-14T19:44:56.000Z,~ Alex,Sunday,19,
8304,14/12/2025,20:05:54,2025-12-14T20:05:54.000Z,~ Alex,Sunday,20,
8305,14/12/2025,20:06:15,2025-12-14T20:06:15.000Z,~ H,Sunday,20,
8306,14/12/2025,20:08:17,2025-12-14T20:08:17.000Z,~ James Lifely,Sunday,20,
8307,14/12/2025,20:33:40,2025-12-14T20:33:40.000Z,~ Toria,Sunday,20,
8308,14/12/2025,20:45:06,2025-12-14T20:45:06.000Z,~ H,Sunday,20,
8309,14/12/2025,20:45:41,2025-12-14T20:45:41.000Z,~ Alex,Sunday,20,
8310,14/12/2025,21:20:41,2025-12-14T21:20:41.000Z,~ Ben Lamb,Sunday,21,
8311,14/12/2025,21:21:33,2025-12-14T21:21:33.000Z,~ Jon,Sunday,21,
8312,14/12/2025,23:55:00,2025-12-14T23:55:00.000Z,~ Vega,Sunday,23,
8313,15/12/2025,03:33:46,2025-12-15T03:33:46.000Z,~ Lewis West,Monday,3,
8314,15/12/2025,09:05:24,2025-12-15T09:05:24.000Z,~ Jon,Monday,9,
8315,15/12/2025,10:55:03,2025-12-15T10:55:03.000Z,~ Lewis West,Monday,10,
8316,15/12/2025,14:59:24,2025-12-15T14:59:24.000Z,~ Balazs Deli,Monday,14,
8317,15/12/2025,15:53:47,2025-12-15T15:53:47.000Z,~ Harry,Monday,15,
8318,15/12/2025,17:42:06,2025-12-15T17:42:06.000Z,~ Rory,Monday,17,
8319,15/12/2025,17:58:25,2025-12-15T17:58:25.000Z,~ Noah,Monday,17,
8320,15/12/2025,18:16:30,2025-12-15T18:16:30.000Z,~ Noah,Monday,18,
8321,15/12/2025,18:23:15,2025-12-15T18:23:15.000Z,~ Rory,Monday,18,
8322,15/12/2025,18:36:23,2025-12-15T18:36:23.000Z,~ Noah,Monday,18,
8323,15/12/2025,18:41:37,2025-12-15T18:41:37.000Z,~ Harry,Monday,18,
8324,15/12/2025,19:05:00,2025-12-15T19:05:00.000Z,~ Noah,Monday,19,
8325,15/12/2025,19:12:23,2025-12-15T19:12:23.000Z,~ Callum Keane,Monday,19,
8326,15/12/2025,19:32:30,2025-12-15T19:32:30.000Z,~ Noah,Monday,19,
8327,15/12/2025,20:01:00,2025-12-15T20:01:00.000Z,~ Ellis P,Monday,20,
8328,15/12/2025,20:35:35,2025-12-15T20:35:35.000Z,~ Harry,Monday,20,
8329,15/12/2025,20:36:46,2025-12-15T20:36:46.000Z,~ Seann,Monday,20,
8330,15/12/2025,20:40:40,2025-12-15T20:40:40.000Z,~ Rory,Monday,20,
8331,16/12/2025,12:38:25,2025-12-16T12:38:25.000Z,~ James,Tuesday,12,
8332,16/12/2025,13:10:03,2025-12-16T13:10:03.000Z,~ James,Tuesday,13,
8333,16/12/2025,13:11:31,2025-12-16T13:11:31.000Z,~ H,Tuesday,13,
8334,16/12/2025,13:29:05,2025-12-16T13:29:05.000Z,~ Lewis West,Tuesday,13,
8335,16/12/2025,14:26:51,2025-12-16T14:26:51.000Z,~ Harry,Tuesday,14,
8336,16/12/2025,15:01:21,2025-12-16T15:01:21.000Z,~ Tom Gale,Tuesday,15,
8337,16/12/2025,15:34:41,2025-12-16T15:34:41.000Z,~ Matthew Slevin,Tuesday,15,
8338,16/12/2025,16:12:17,2025-12-16T16:12:17.000Z,~ Casey,Tuesday,16,
8339,16/12/2025,16:20:37,2025-12-16T16:20:37.000Z,~ Declan,Tuesday,16,
8340,16/12/2025,16:49:49,2025-12-16T16:49:49.000Z,~ james davies,Tuesday,16,
8341,16/12/2025,17:08:41,2025-12-16T17:08:41.000Z,~ Euan Warwick,Tuesday,17,
8342,16/12/2025,17:32:25,2025-12-16T17:32:25.000Z,~ Cameron Grant,Tuesday,17,
8343,16/12/2025,17:37:40,2025-12-16T17:37:40.000Z,~ Justin lewis,Tuesday,17,
8344,16/12/2025,18:39:38,2025-12-16T18:39:38.000Z,~ Cameron Grant,Tuesday,18,
8345,16/12/2025,19:12:17,2025-12-16T19:12:17.000Z,~ Maddie,Tuesday,19,
8346,16/12/2025,19:26:16,2025-12-16T19:26:16.000Z,~ Kit Bonham Carter,Tuesday,19,
8347,16/12/2025,19:28:58,2025-12-16T19:28:58.000Z,~ Brett,Tuesday,19,
8348,16/12/2025,19:34:52,2025-12-16T19:34:52.000Z,~ James Lifely,Tuesday,19,
8349,16/12/2025,19:35:30,2025-12-16T19:35:30.000Z,~ Nick,Tuesday,19,
8350,16/12/2025,19:35:34,2025-12-16T19:35:34.000Z,~ Bernardi,Tuesday,19,
8351,16/12/2025,19:56:25,2025-12-16T19:56:25.000Z,~ Brett,Tuesday,19,
8352,16/12/2025,19:59:26,2025-12-16T19:59:26.000Z,~ Maddie,Tuesday,19,
8353,16/12/2025,20:16:49,2025-12-16T20:16:49.000Z,~ Andde Pierre,Tuesday,20,
8354,16/12/2025,21:04:51,2025-12-16T21:04:51.000Z,~ Brett,Tuesday,21,
8355,16/12/2025,21:16:42,2025-12-16T21:16:42.000Z,~ Andde Pierre,Tuesday,21,
8356,16/12/2025,21:17:11,2025-12-16T21:17:11.000Z,~ NNic,Tuesday,21,
8357,16/12/2025,21:17:51,2025-12-16T21:17:51.000Z,~ Tyler T,Tuesday,21,
8358,16/12/2025,21:39:38,2025-12-16T21:39:38.000Z,~ Matthew Slevin,Tuesday,21,
8359,16/12/2025,22:01:16,2025-12-16T22:01:16.000Z,~ James Lifely,Tuesday,22,
8360,16/12/2025,22:10:19,2025-12-16T22:10:19.000Z,~ Andde Pierre,Tuesday,22,
8361,16/12/2025,22:14:37,2025-12-16T22:14:37.000Z,~ Alexis Buhaj,Tuesday,22,
8362,16/12/2025,22:14:42,2025-12-16T22:14:42.000Z,~ Alexis Buhaj,Tuesday,22,
8363,16/12/2025,22:21:21,2025-12-16T22:21:21.000Z,~ Brett,Tuesday,22,
8364,16/12/2025,23:06:34,2025-12-16T23:06:34.000Z,~ Callumkinsslla,Tuesday,23,
8365,16/12/2025,23:25:50,2025-12-16T23:25:50.000Z,Indie Driscoll,Tuesday,23,
8366,16/12/2025,23:28:41,2025-12-16T23:28:41.000Z,~ Max Evans,Tuesday,23,
8367,16/12/2025,23:32:59,2025-12-16T23:32:59.000Z,~ James,Tuesday,23,
8368,17/12/2025,00:05:25,2025-12-17T00:05:25.000Z,~ James,Wednesday,0,
8369,17/12/2025,04:45:55,2025-12-17T04:45:55.000Z,~ Alfaro,Wednesday,4,
8370,17/12/2025,05:09:36,2025-12-17T05:09:36.000Z,~ Alfaro,Wednesday,5,
8371,17/12/2025,10:37:17,2025-12-17T10:37:17.000Z,~ Nigel,Wednesday,10,
8372,17/12/2025,13:20:45,2025-12-17T13:20:45.000Z,~ H,Wednesday,13,
8373,17/12/2025,13:31:21,2025-12-17T13:31:21.000Z,~ H,Wednesday,13,
8374,17/12/2025,13:31:50,2025-12-17T13:31:50.000Z,~ Alex,Wednesday,13,
8375,17/12/2025,13:33:57,2025-12-17T13:33:57.000Z,~ James,Wednesday,13,
8376,17/12/2025,13:36:07,2025-12-17T13:36:07.000Z,~ Zane,Wednesday,13,
8377,17/12/2025,14:01:16,2025-12-17T14:01:16.000Z,~ H,Wednesday,14,
8378,17/12/2025,14:02:07,2025-12-17T14:02:07.000Z,~ James,Wednesday,14,
8379,17/12/2025,14:53:34,2025-12-17T14:53:34.000Z,~ • J,Wednesday,14,
8380,17/12/2025,15:51:04,2025-12-17T15:51:04.000Z,~ Greg Ballantyne,Wednesday,15,
8381,17/12/2025,16:33:03,2025-12-17T16:33:03.000Z,~ James Burrows,Wednesday,16,
8382,17/12/2025,16:38:22,2025-12-17T16:38:22.000Z,~ Joe Larkin,Wednesday,16,
8383,17/12/2025,16:45:02,2025-12-17T16:45:02.000Z,~ Rory,Wednesday,16,
8384,17/12/2025,17:23:44,2025-12-17T17:23:44.000Z,~ Josh,Wednesday,17,
8385,17/12/2025,17:28:06,2025-12-17T17:28:06.000Z,~ Lydia Rickard,Wednesday,17,
8386,17/12/2025,17:30:12,2025-12-17T17:30:12.000Z,~ Eóin,Wednesday,17,
8387,17/12/2025,17:33:34,2025-12-17T17:33:34.000Z,~ Rory,Wednesday,17,
8388,17/12/2025,17:33:59,2025-12-17T17:33:59.000Z,~ James Burrows,Wednesday,17,
8389,17/12/2025,17:36:48,2025-12-17T17:36:48.000Z,~ Oscar,Wednesday,17,
8390,17/12/2025,17:53:22,2025-12-17T17:53:22.000Z,~ David Barrett,Wednesday,17,
8391,17/12/2025,17:55:52,2025-12-17T17:55:52.000Z,~ Oliver Fitzgerald,Wednesday,17,
8392,17/12/2025,18:04:20,2025-12-17T18:04:20.000Z,~ James Burrows,Wednesday,18,
8393,17/12/2025,18:05:04,2025-12-17T18:05:04.000Z,~ Tyler T,Wednesday,18,
8394,17/12/2025,18:07:15,2025-12-17T18:07:15.000Z,~ Gemma,Wednesday,18,
8395,17/12/2025,18:09:39,2025-12-17T18:09:39.000Z,~ Harry,Wednesday,18,
8396,17/12/2025,18:20:17,2025-12-17T18:20:17.000Z,~ Eóin,Wednesday,18,
8397,17/12/2025,18:58:19,2025-12-17T18:58:19.000Z,~ Rory,Wednesday,18,
8398,17/12/2025,19:13:46,2025-12-17T19:13:46.000Z,~ Gemma,Wednesday,19,
8399,17/12/2025,19:24:19,2025-12-17T19:24:19.000Z,~ Oscar,Wednesday,19,
8400,17/12/2025,19:27:15,2025-12-17T19:27:15.000Z,~ Lydia Rickard,Wednesday,19,
8401,17/12/2025,19:35:23,2025-12-17T19:35:23.000Z,~ Harry,Wednesday,19,
8402,17/12/2025,19:36:01,2025-12-17T19:36:01.000Z,~ Ellis P,Wednesday,19,
8403,17/12/2025,20:05:17,2025-12-17T20:05:17.000Z,~ Ollie Cohen,Wednesday,20,
8404,17/12/2025,20:17:52,2025-12-17T20:17:52.000Z,~ Seann,Wednesday,20,
8405,17/12/2025,20:27:45,2025-12-17T20:27:45.000Z,~ Sean,Wednesday,20,
8406,17/12/2025,20:34:21,2025-12-17T20:34:21.000Z,~ Harry,Wednesday,20,
8407,17/12/2025,20:35:21,2025-12-17T20:35:21.000Z,~ Nick,Wednesday,20,
8408,17/12/2025,20:54:13,2025-12-17T20:54:13.000Z,~ Lydia Rickard,Wednesday,20,
8409,17/12/2025,21:18:55,2025-12-17T21:18:55.000Z,~ Sean,Wednesday,21,
8410,17/12/2025,21:19:31,2025-12-17T21:19:31.000Z,~ Harry,Wednesday,21,
8411,17/12/2025,21:20:23,2025-12-17T21:20:23.000Z,~ Callumkinsslla,Wednesday,21,
8412,17/12/2025,21:45:13,2025-12-17T21:45:13.000Z,~ Callumkinsslla,Wednesday,21,
8413,17/12/2025,21:45:23,2025-12-17T21:45:23.000Z,~ Callumkinsslla,Wednesday,21,
8414,17/12/2025,21:46:07,2025-12-17T21:46:07.000Z,~ Sean,Wednesday,21,
8415,17/12/2025,21:52:21,2025-12-17T21:52:21.000Z,~ Cillian,Wednesday,21,
8416,17/12/2025,22:26:21,2025-12-17T22:26:21.000Z,~ Jaden,Wednesday,22,
8417,17/12/2025,22:39:35,2025-12-17T22:39:35.000Z,~ Sean,Wednesday,22,
8418,17/12/2025,22:50:35,2025-12-17T22:50:35.000Z,~ Callumkinsslla,Wednesday,22,
8419,17/12/2025,22:54:25,2025-12-17T22:54:25.000Z,~ Sean,Wednesday,22,
8420,18/12/2025,12:00:43,2025-12-18T12:00:43.000Z,~ H,Thursday,12,
8421,18/12/2025,12:17:28,2025-12-18T12:17:28.000Z,~ H,Thursday,12,
8422,18/12/2025,12:58:32,2025-12-18T12:58:32.000Z,~ Zane,Thursday,12,
8423,18/12/2025,13:05:50,2025-12-18T13:05:50.000Z,~ H,Thursday,13,
8424,18/12/2025,13:40:05,2025-12-18T13:40:05.000Z,~ Zane,Thursday,13,
8425,18/12/2025,14:11:57,2025-12-18T14:11:57.000Z,~ Hugh,Thursday,14,
8426,18/12/2025,15:23:42,2025-12-18T15:23:42.000Z,~ Koi,Thursday,15,
8427,18/12/2025,15:25:58,2025-12-18T15:25:58.000Z,~ Hamish,Thursday,15,
8428,18/12/2025,15:34:02,2025-12-18T15:34:02.000Z,~ Lewis West,Thursday,15,
8429,18/12/2025,15:52:10,2025-12-18T15:52:10.000Z,~ Koi,Thursday,15,
8430,18/12/2025,15:53:48,2025-12-18T15:53:48.000Z,~ Matthew Slevin,Thursday,15,
8431,18/12/2025,16:05:58,2025-12-18T16:05:58.000Z,~ Matthew Slevin,Thursday,16,
8432,18/12/2025,17:19:42,2025-12-18T17:19:42.000Z,~ Gemma,Thursday,17,
8433,18/12/2025,17:43:41,2025-12-18T17:43:41.000Z,~ Dan Dolderson,Thursday,17,
8434,18/12/2025,17:53:21,2025-12-18T17:53:21.000Z,~ Roshan Ehzuvan,Thursday,17,
8435,18/12/2025,18:03:37,2025-12-18T18:03:37.000Z,~ James,Thursday,18,
8436,18/12/2025,18:13:58,2025-12-18T18:13:58.000Z,~ Gemma,Thursday,18,
8437,18/12/2025,18:22:38,2025-12-18T18:22:38.000Z,~ Josh,Thursday,18,
8438,18/12/2025,18:23:05,2025-12-18T18:23:05.000Z,~ Declan,Thursday,18,
8439,18/12/2025,18:24:29,2025-12-18T18:24:29.000Z,~ Jordan Newman,Thursday,18,
8440,18/12/2025,18:27:11,2025-12-18T18:27:11.000Z,~ James Burrows,Thursday,18,
8441,18/12/2025,18:29:50,2025-12-18T18:29:50.000Z,~ Reiss Krygier-Mclaren,Thursday,18,
8442,18/12/2025,18:49:29,2025-12-18T18:49:29.000Z,~ Henry White,Thursday,18,
8443,18/12/2025,18:56:38,2025-12-18T18:56:38.000Z,~ James Burrows,Thursday,18,
8444,18/12/2025,18:57:37,2025-12-18T18:57:37.000Z,~ Dan Dolderson,Thursday,18,
8445,18/12/2025,18:58:47,2025-12-18T18:58:47.000Z,~ Josh,Thursday,18,
8446,18/12/2025,19:03:32,2025-12-18T19:03:32.000Z,~ Andde Pierre,Thursday,19,
8447,18/12/2025,19:05:50,2025-12-18T19:05:50.000Z,~ Conor Lynch,Thursday,19,
8448,18/12/2025,19:16:06,2025-12-18T19:16:06.000Z,~ Zane,Thursday,19,
8449,18/12/2025,19:25:44,2025-12-18T19:25:44.000Z,~ Monty,Thursday,19,
8450,18/12/2025,19:40:39,2025-12-18T19:40:39.000Z,~ Max,Thursday,19,
8451,18/12/2025,19:43:15,2025-12-18T19:43:15.000Z,~ Zane,Thursday,19,
8452,18/12/2025,19:55:10,2025-12-18T19:55:10.000Z,~ James Burrows,Thursday,19,
8453,18/12/2025,20:04:14,2025-12-18T20:04:14.000Z,~ James,Thursday,20,
8454,18/12/2025,20:17:01,2025-12-18T20:17:01.000Z,~ Zane,Thursday,20,
8455,18/12/2025,20:21:08,2025-12-18T20:21:08.000Z,~ Ivn,Thursday,20,
8456,18/12/2025,20:26:01,2025-12-18T20:26:01.000Z,~ Marc,Thursday,20,
8457,18/12/2025,20:27:13,2025-12-18T20:27:13.000Z,~ Matthew Slevin,Thursday,20,
8458,18/12/2025,20:48:53,2025-12-18T20:48:53.000Z,~ Dan Dolderson,Thursday,20,
8459,18/12/2025,20:54:53,2025-12-18T20:54:53.000Z,~ H,Thursday,20,
8460,18/12/2025,21:19:30,2025-12-18T21:19:30.000Z,~ Marsh,Thursday,21,
8461,18/12/2025,21:20:53,2025-12-18T21:20:53.000Z,~ Seann,Thursday,21,
8462,18/12/2025,21:30:14,2025-12-18T21:30:14.000Z,~ H,Thursday,21,
8463,18/12/2025,21:31:58,2025-12-18T21:31:58.000Z,~ Dan Dolderson,Thursday,21,
8464,18/12/2025,21:37:13,2025-12-18T21:37:13.000Z,~ James,Thursday,21,
8465,18/12/2025,22:11:47,2025-12-18T22:11:47.000Z,~ NNic,Thursday,22,
8466,18/12/2025,22:26:43,2025-12-18T22:26:43.000Z,~ Luke Ryll,Thursday,22,
8467,18/12/2025,22:31:02,2025-12-18T22:31:02.000Z,~ Max,Thursday,22,
8468,18/12/2025,22:46:06,2025-12-18T22:46:06.000Z,~ Gemma,Thursday,22,
8469,18/12/2025,22:46:11,2025-12-18T22:46:11.000Z,~ Gemma,Thursday,22,
8470,18/12/2025,22:46:33,2025-12-18T22:46:33.000Z,~ Nick,Thursday,22,
8471,18/12/2025,22:54:15,2025-12-18T22:54:15.000Z,~ Matthew Slevin,Thursday,22,
8472,18/12/2025,23:04:39,2025-12-18T23:04:39.000Z,~ Gemma,Thursday,23,
8473,19/12/2025,00:46:28,2025-12-19T00:46:28.000Z,~ Zane,Friday,0,
8474,19/12/2025,09:13:24,2025-12-19T09:13:24.000Z,~ Elliot Tawney,Friday,9,
8475,19/12/2025,13:56:01,2025-12-19T13:56:01.000Z,~ Evie Pringle,Friday,13,
8476,19/12/2025,14:36:52,2025-12-19T14:36:52.000Z,~ H,Friday,14,
8477,19/12/2025,15:13:07,2025-12-19T15:13:07.000Z,~ H,Friday,15,
8478,19/12/2025,15:27:37,2025-12-19T15:27:37.000Z,~ Rory,Friday,15,
8479,19/12/2025,15:28:53,2025-12-19T15:28:53.000Z,~ Lewis West,Friday,15,
8480,19/12/2025,15:29:54,2025-12-19T15:29:54.000Z,~ Jon,Friday,15,
8481,19/12/2025,15:39:43,2025-12-19T15:39:43.000Z,~ H,Friday,15,
8482,19/12/2025,16:09:38,2025-12-19T16:09:38.000Z,~ Lewis West,Friday,16,
8483,19/12/2025,16:10:57,2025-12-19T16:10:57.000Z,~ H,Friday,16,
8484,19/12/2025,16:29:42,2025-12-19T16:29:42.000Z,~ Rory,Friday,16,
8485,19/12/2025,16:30:03,2025-12-19T16:30:03.000Z,~ Reiss Krygier-Mclaren,Friday,16,
8486,19/12/2025,16:39:28,2025-12-19T16:39:28.000Z,~ Ellis P,Friday,16,
8487,19/12/2025,16:45:23,2025-12-19T16:45:23.000Z,~ Evie Pringle,Friday,16,
8488,19/12/2025,16:45:36,2025-12-19T16:45:36.000Z,~ Thea Walsh,Friday,16,
8489,19/12/2025,16:54:50,2025-12-19T16:54:50.000Z,~ Billy,Friday,16,
8490,19/12/2025,16:55:16,2025-12-19T16:55:16.000Z,~ Reiss Krygier-Mclaren,Friday,16,
8491,19/12/2025,16:58:21,2025-12-19T16:58:21.000Z,~ Brett,Friday,16,
8492,19/12/2025,16:59:12,2025-12-19T16:59:12.000Z,~ Ellis P,Friday,16,
8493,19/12/2025,17:01:10,2025-12-19T17:01:10.000Z,~ Miles Bulbulia,Friday,17,
8494,19/12/2025,17:01:37,2025-12-19T17:01:37.000Z,~ Alex,Friday,17,
8495,19/12/2025,17:08:03,2025-12-19T17:08:03.000Z,~ James,Friday,17,
8496,19/12/2025,17:08:51,2025-12-19T17:08:51.000Z,~ Rory,Friday,17,
8497,19/12/2025,17:12:18,2025-12-19T17:12:18.000Z,~ H,Friday,17,
8498,19/12/2025,17:18:36,2025-12-19T17:18:36.000Z,~ Brett,Friday,17,
8499,19/12/2025,17:28:17,2025-12-19T17:28:17.000Z,~ Ellis P,Friday,17,
8500,19/12/2025,17:28:30,2025-12-19T17:28:30.000Z,~ Ellis P,Friday,17,
8501,19/12/2025,17:30:07,2025-12-19T17:30:07.000Z,~ James,Friday,17,
8502,19/12/2025,17:35:34,2025-12-19T17:35:34.000Z,~ Charlie 🐈‍⬛,Friday,17,
8503,19/12/2025,17:44:50,2025-12-19T17:44:50.000Z,~ Milo Clarke,Friday,17,
8504,19/12/2025,17:48:17,2025-12-19T17:48:17.000Z,~ Akin,Friday,17,
8505,19/12/2025,17:48:52,2025-12-19T17:48:52.000Z,~ H,Friday,17,
8506,19/12/2025,17:50:09,2025-12-19T17:50:09.000Z,~ James,Friday,17,
8507,19/12/2025,17:55:06,2025-12-19T17:55:06.000Z,~ Miles Bulbulia,Friday,17,
8508,19/12/2025,18:12:02,2025-12-19T18:12:02.000Z,~ kevin o'brien,Friday,18,
8509,19/12/2025,18:16:38,2025-12-19T18:16:38.000Z,~ H,Friday,18,
8510,19/12/2025,18:17:01,2025-12-19T18:17:01.000Z,~ James,Friday,18,
8511,19/12/2025,18:26:38,2025-12-19T18:26:38.000Z,~ Eóin,Friday,18,
8512,19/12/2025,18:28:53,2025-12-19T18:28:53.000Z,~ Lugh Doyle,Friday,18,
8513,19/12/2025,18:35:38,2025-12-19T18:35:38.000Z,~ Evie Pringle,Friday,18,
8514,19/12/2025,18:47:23,2025-12-19T18:47:23.000Z,~ Thea Walsh,Friday,18,
8515,19/12/2025,19:01:24,2025-12-19T19:01:24.000Z,~ James,Friday,19,
8516,19/12/2025,19:09:55,2025-12-19T19:09:55.000Z,~ Rory,Friday,19,
8517,19/12/2025,19:10:31,2025-12-19T19:10:31.000Z,~ Ross Colville,Friday,19,
8518,19/12/2025,19:12:51,2025-12-19T19:12:51.000Z,~ Jordan Johnston,Friday,19,
8519,19/12/2025,19:15:04,2025-12-19T19:15:04.000Z,~ Miles Bulbulia,Friday,19,
8520,19/12/2025,19:16:10,2025-12-19T19:16:10.000Z,~ David Barrett,Friday,19,
8521,19/12/2025,19:17:54,2025-12-19T19:17:54.000Z,~ Sarah Sherlock 💜,Friday,19,
8522,19/12/2025,19:18:02,2025-12-19T19:18:02.000Z,~ Tom,Friday,19,
8523,19/12/2025,19:23:48,2025-12-19T19:23:48.000Z,~ Anna,Friday,19,
8524,19/12/2025,19:30:03,2025-12-19T19:30:03.000Z,~ Ross Colville,Friday,19,
8525,19/12/2025,20:09:30,2025-12-19T20:09:30.000Z,~ лазар / lazar,Friday,20,
8526,19/12/2025,20:14:42,2025-12-19T20:14:42.000Z,~ Jack,Friday,20,
8527,19/12/2025,20:17:27,2025-12-19T20:17:27.000Z,~ caodán connolly,Friday,20,
8528,19/12/2025,20:20:24,2025-12-19T20:20:24.000Z,~ Thea Walsh,Friday,20,
8529,19/12/2025,20:20:55,2025-12-19T20:20:55.000Z,~ Ellis P,Friday,20,
8530,19/12/2025,20:22:57,2025-12-19T20:22:57.000Z,~ Tom Booker,Friday,20,
8531,19/12/2025,20:22:58,2025-12-19T20:22:58.000Z,~ Mark Wiszk,Friday,20,
8532,19/12/2025,20:23:24,2025-12-19T20:23:24.000Z,~ Henry White,Friday,20,
8533,19/12/2025,20:31:47,2025-12-19T20:31:47.000Z,~ Nemanja,Friday,20,
8534,19/12/2025,20:49:54,2025-12-19T20:49:54.000Z,~ Evie Pringle,Friday,20,
8535,19/12/2025,20:51:34,2025-12-19T20:51:34.000Z,~ Oli Pollock,Friday,20,
8536,19/12/2025,21:04:10,2025-12-19T21:04:10.000Z,~ Georgie Stewart,Friday,21,
8537,19/12/2025,21:13:55,2025-12-19T21:13:55.000Z,~ James,Friday,21,
8538,19/12/2025,21:20:45,2025-12-19T21:20:45.000Z,~ Zela,Friday,21,00002002-PHOTO-2025-12-19-21-20-45.jpg
8539,19/12/2025,21:32:12,2025-12-19T21:32:12.000Z,~ James,Friday,21,00002003-PHOTO-2025-12-19-21-32-12.jpg
8540,19/12/2025,21:33:33,2025-12-19T21:33:33.000Z,~ Miles Bulbulia,Friday,21,00002004-PHOTO-2025-12-19-21-33-33.jpg
8541,19/12/2025,21:33:45,2025-12-19T21:33:45.000Z,~ Thea Walsh,Friday,21,00002005-PHOTO-2025-12-19-21-33-45.jpg
8542,19/12/2025,21:38:43,2025-12-19T21:38:43.000Z,~ James,Friday,21,00002006-PHOTO-2025-12-19-21-38-43.jpg
8543,19/12/2025,21:39:22,2025-12-19T21:39:22.000Z,~ Liam Myles,Friday,21,00002007-PHOTO-2025-12-19-21-39-22.jpg
8544,19/12/2025,21:57:38,2025-12-19T21:57:38.000Z,~ Rory,Friday,21,00002008-PHOTO-2025-12-19-21-57-38.jpg
8545,19/12/2025,22:04:59,2025-12-19T22:04:59.000Z,~ Georgie Stewart,Friday,22,00002010-PHOTO-2025-12-19-22-04-59.jpg
8546,19/12/2025,22:11:01,2025-12-19T22:11:01.000Z,~ Fionn McBride,Friday,22,00002009-PHOTO-2025-12-19-22-11-01.jpg
8547,19/12/2025,22:20:33,2025-12-19T22:20:33.000Z,~ Ema,Friday,22,00002011-PHOTO-2025-12-19-22-20-33.jpg
8548,19/12/2025,22:25:48,2025-12-19T22:25:48.000Z,~ Bobby Burnand,Friday,22,00002012-PHOTO-2025-12-19-22-25-48.jpg
8549,19/12/2025,22:47:44,2025-12-19T22:47:44.000Z,~ Mark Wiszk,Friday,22,00002013-PHOTO-2025-12-19-22-47-44.jpg
8550,19/12/2025,22:52:14,2025-12-19T22:52:14.000Z,~ лазар / lazar,Friday,22,00002014-PHOTO-2025-12-19-22-52-14.jpg
8551,19/12/2025,23:02:07,2025-12-19T23:02:07.000Z,~ Thea Walsh,Friday,23,00002015-PHOTO-2025-12-19-23-02-07.jpg
8552,19/12/2025,23:02:09,2025-12-19T23:02:09.000Z,~ Thea Walsh,Friday,23,00002016-VIDEO-2025-12-19-23-02-09.mp4
8553,19/12/2025,23:02:19,2025-12-19T23:02:19.000Z,~ Evie Pringle,Friday,23,00002017-PHOTO-2025-12-19-23-02-19.jpg
8554,19/12/2025,23:19:43,2025-12-19T23:19:43.000Z,~ Kevin Barry,Friday,23,00002021-PHOTO-2025-12-19-23-19-43.jpg
8555,19/12/2025,23:20:07,2025-12-19T23:20:07.000Z,~ Conor Lynch,Friday,23,00002022-PHOTO-2025-12-19-23-20-07.jpg
8556,19/12/2025,23:27:59,2025-12-19T23:27:59.000Z,~ Luke,Friday,23,00002023-PHOTO-2025-12-19-23-27-59.jpg
8557,19/12/2025,23:48:42,2025-12-19T23:48:42.000Z,~ Zela,Friday,23,00002024-PHOTO-2025-12-19-23-48-42.jpg
8558,19/12/2025,23:57:42,2025-12-19T23:57:42.000Z,~ Nikola,Friday,23,00002025-PHOTO-2025-12-19-23-57-42.jpg
8559,19/12/2025,23:59:57,2025-12-19T23:59:57.000Z,~ Rory,Friday,23,00002026-PHOTO-2025-12-19-23-59-57.jpg
8560,20/12/2025,00:03:21,2025-12-20T00:03:21.000Z,~ Luke,Saturday,0,00002027-PHOTO-2025-12-20-00-03-21.jpg
8561,20/12/2025,00:31:02,2025-12-20T00:31:02.000Z,~ Luke,Saturday,0,00002028-PHOTO-2025-12-20-00-31-02.jpg
8562,20/12/2025,00:31:56,2025-12-20T00:31:56.000Z,~ Ivn,Saturday,0,00002029-PHOTO-2025-12-20-00-31-56.jpg
8563,20/12/2025,01:47:58,2025-12-20T01:47:58.000Z,~ orlagh,Saturday,1,00002030-PHOTO-2025-12-20-01-47-58.jpg
8564,20/12/2025,01:49:08,2025-12-20T01:49:08.000Z,~ George,Saturday,1,00002031-PHOTO-2025-12-20-01-49-08.jpg
8565,20/12/2025,06:17:09,2025-12-20T06:17:09.000Z,~ Joe Daniels,Saturday,6,00002032-PHOTO-2025-12-20-06-17-09.jpg
8566,20/12/2025,07:02:44,2025-12-20T07:02:44.000Z,~ George,Saturday,7,00002033-PHOTO-2025-12-20-07-02-44.jpg
8567,20/12/2025,08:14:56,2025-12-20T08:14:56.000Z,~ JT,Saturday,8,00002034-PHOTO-2025-12-20-08-14-56.jpg
8568,20/12/2025,09:48:42,2025-12-20T09:48:42.000Z,~ Jon,Saturday,9,00002035-PHOTO-2025-12-20-09-48-42.jpg
8569,20/12/2025,10:33:32,2025-12-20T10:33:32.000Z,~ Eóin,Saturday,10,00002036-PHOTO-2025-12-20-10-33-32.jpg
8570,20/12/2025,10:50:31,2025-12-20T10:50:31.000Z,~ James Lloyd,Saturday,10,00002037-PHOTO-2025-12-20-10-50-31.jpg
8571,20/12/2025,11:09:46,2025-12-20T11:09:46.000Z,Georgia Jones,Saturday,11,00002038-PHOTO-2025-12-20-11-09-46.jpg
8572,20/12/2025,11:17:48,2025-12-20T11:17:48.000Z,~ James Lloyd,Saturday,11,00002039-PHOTO-2025-12-20-11-17-48.jpg
8573,20/12/2025,11:54:10,2025-12-20T11:54:10.000Z,~ James Lloyd,Saturday,11,00002040-PHOTO-2025-12-20-11-54-10.jpg
8574,20/12/2025,12:18:17,2025-12-20T12:18:17.000Z,~ Hamish,Saturday,12,00002041-PHOTO-2025-12-20-12-18-17.jpg
8575,20/12/2025,12:33:08,2025-12-20T12:33:08.000Z,~ Jon Rickard,Saturday,12,00002042-PHOTO-2025-12-20-12-33-08.jpg
8576,20/12/2025,12:33:19,2025-12-20T12:33:19.000Z,~ Jon Rickard,Saturday,12,00002043-VIDEO-2025-12-20-12-33-19.mp4
8577,20/12/2025,12:45:25,2025-12-20T12:45:25.000Z,~ Zacc,Saturday,12,00002044-PHOTO-2025-12-20-12-45-25.jpg
8578,20/12/2025,12:50:17,2025-12-20T12:50:17.000Z,~ Brett,Saturday,12,00002045-PHOTO-2025-12-20-12-50-17.jpg
8579,20/12/2025,12:53:30,2025-12-20T12:53:30.000Z,~ Jon Rickard,Saturday,12,00002046-PHOTO-2025-12-20-12-53-30.jpg
8580,20/12/2025,12:53:35,2025-12-20T12:53:35.000Z,~ Jon Rickard,Saturday,12,00002047-VIDEO-2025-12-20-12-53-35.mp4
8581,20/12/2025,12:54:23,2025-12-20T12:54:23.000Z,~ Cameron Grant,Saturday,12,00002048-PHOTO-2025-12-20-12-54-23.jpg
8582,20/12/2025,12:54:54,2025-12-20T12:54:54.000Z,~ Lydia Rickard,Saturday,12,00002049-PHOTO-2025-12-20-12-54-54.jpg
8583,20/12/2025,13:00:05,2025-12-20T13:00:05.000Z,~ Eóin,Saturday,13,00002050-PHOTO-2025-12-20-13-00-05.jpg
8584,20/12/2025,13:17:22,2025-12-20T13:17:22.000Z,Cahill,Saturday,13,00002051-PHOTO-2025-12-20-13-17-22.jpg
8585,20/12/2025,13:22:25,2025-12-20T13:22:25.000Z,~ Lydia Rickard,Saturday,13,00002053-PHOTO-2025-12-20-13-22-25.jpg
8586,20/12/2025,13:32:28,2025-12-20T13:32:28.000Z,~ Cameron Grant,Saturday,13,00002055-PHOTO-2025-12-20-13-32-28.jpg
8587,20/12/2025,13:37:48,2025-12-20T13:37:48.000Z,~ H,Saturday,13,00002056-PHOTO-2025-12-20-13-37-48.jpg
8588,20/12/2025,13:41:08,2025-12-20T13:41:08.000Z,~ William Burton,Saturday,13,00002057-PHOTO-2025-12-20-13-41-08.jpg
8589,20/12/2025,13:55:40,2025-12-20T13:55:40.000Z,~ Callum Colville,Saturday,13,00002059-PHOTO-2025-12-20-13-55-40.jpg
8590,20/12/2025,14:00:03,2025-12-20T14:00:03.000Z,~ Mairead,Saturday,14,00002060-AUDIO-2025-12-20-14-00-03.opus
8591,20/12/2025,14:01:56,2025-12-20T14:01:56.000Z,~ Riley Shoebridge,Saturday,14,00002061-PHOTO-2025-12-20-14-01-56.jpg
8592,20/12/2025,14:04:56,2025-12-20T14:04:56.000Z,~ Finlay  Lock,Saturday,14,00002062-PHOTO-2025-12-20-14-04-56.jpg
8593,20/12/2025,14:06:42,2025-12-20T14:06:42.000Z,~ Ollie Cohen,Saturday,14,00002063-PHOTO-2025-12-20-14-06-42.jpg
8594,20/12/2025,14:07:41,2025-12-20T14:07:41.000Z,~ Jordan Johnston,Saturday,14,00002064-PHOTO-2025-12-20-14-07-41.jpg
8595,20/12/2025,14:08:44,2025-12-20T14:08:44.000Z,~ Danny Thompson,Saturday,14,00002065-PHOTO-2025-12-20-14-08-44.jpg
8596,20/12/2025,14:09:29,2025-12-20T14:09:29.000Z,~ Murdoch Lock,Saturday,14,00002066-PHOTO-2025-12-20-14-09-29.jpg